Customer_ID,Gender,Age,Region,Marketing_Channel,Contract_Type,Payment_Method,Plan,Internet_Service,Support_Tier,Tenure_Months,Monthly_Charges,Total_Charges,Data_Usage_GB_30d,Voice_Minutes_30d,Dropped_Calls_30d,Avg_Download_Mbps,Latency_ms,Support_Calls_90d,Complaints_12m,Has_Discount,Discount_Pct,Customer_Support_Notes,Churn_30d
CUST_000001,Male,55,East,Paid Search,One year,Credit card,Standard,5G_FWA,Standard,0,66.07,133.26,234.4,679,1,79.3,40.0,3,1,0,0.0,Account stable; no issues reported. Feedback recorded.,0
CUST_000002,Female,32,North,Organic,Month-to-month,Direct debit,Basic,Fibre,Standard,1,56.91,23.52,159.5,493,0,238.7,9.0,2,0,0,0.0,Account stable; no issues reported. Routine follow-up in 30 days.,0
CUST_000003,Female,28,South,Partner,Month-to-month,Credit card,Premium,Fibre,Standard,40,104.8,4479.97,381.3,413,0,230.8,11.0,0,0,1,7.2,No recent problems; user happy with plan. No action required.,0
CUST_000004,Female,32,South,Partner,Month-to-month,Bank transfer,Standard,5G_FWA,Standard,62,69.72,4410.15,288.3,347,0,75.1,33.0,1,1,1,12.3,Account stable; no issues reported. Routine follow-up in 30 days.,0
CUST_000005,Female,44,East,Organic,Two year,Direct debit,Standard,None,Standard,3,49.04,129.96,13.3,638,0,7.1,84.0,1,0,0,0.0,No recent problems; user happy with plan. Feedback recorded.,0
CUST_000006,Male,35,West,Organic,Two year,Direct debit,Basic,Fibre,Standard,60,53.67,3228.87,215.4,659,0,347.4,23.0,1,1,0,0.0,Account stable; no issues reported. Continue monitoring.,0
CUST_000007,Male,29,East,Referral,Month-to-month,Credit card,Standard,Fibre,Standard,64,79.65,5081.92,268.9,753,0,112.5,5.0,2,0,1,18.9,Customer satisfied with service; routine check completed. Feedback recorded.,1
CUST_000008,Female,29,West,Paid Search,Two year,Direct debit,Basic,Fibre,Standard,37,39.95,1589.57,338.7,692,1,189.4,12.0,2,0,0,0.0,No recent problems; user happy with plan. Continue monitoring.,0
CUST_000009,Male,29,South,Referral,Two year,Credit card,Standard,5G_FWA,Priority,55,76.02,3915.45,273.6,246,0,49.2,14.0,3,0,0,0.0,Customer satisfied with service; routine check completed. No action required.,0
CUST_000010,Male,27,West,Referral,Two year,Direct debit,Basic,Fibre,Standard,52,141.59,2691.81,188.6,229,0,232.1,27.0,0,1,0,0.0,All services working as expected; thank you note received. No action required.,0
CUST_000011,Male,46,West,Social,One year,Direct debit,Premium,DSL,Standard,0,84.81,0.0,137.8,465,2,47.5,24.0,1,1,1,12.6,All services working as expected; thank you note received. No action required.,0
CUST_000012,Female,36,East,Referral,One year,Credit card,Standard,Fibre,Standard,19,75.66,1619.18,363.7,593,0,162.2,12.0,0,1,0,0.0,Account stable; no issues reported. Feedback recorded.,0
CUST_000013,Male,32,South,Referral,Two year,Credit card,Premium,Fibre,Standard,0,89.49,76.62,220.0,748,3,197.0,30.0,3,3,0,0.0,Customer requested plan review; offered options. Follow-up recommended.,0
CUST_000014,Female,55,South,Social,Month-to-month,Credit card,Standard,5G_FWA,Standard,44,77.15,3577.19,159.3,702,2,185.8,11.0,1,1,0,0.0,Account stable; no issues reported. No action required.,0
CUST_000015,Male,35,South,Social,Month-to-month,Direct debit,Basic,Fibre,Priority,4,61.17,326.09,348.7,849,1,146.7,19.0,0,0,0,0.0,Customer satisfied with service; routine check completed. Continue monitoring.,0
CUST_000016,Male,41,East,Paid Search,Month-to-month,Credit card,Standard,DSL,Standard,63,69.3,4272.14,,785,0,37.2,56.0,1,0,0,0.0,Account stable; no issues reported. Feedback recorded.,0
CUST_000017,Male,41,East,Social,Two year,Credit card,Standard,Fibre,Priority,30,85.28,2482.67,305.5,508,1,212.6,37.0,1,1,1,24.9,All services working as expected; thank you note received. Routine follow-up in 30 days.,0
CUST_000018,Female,62,West,Paid Search,One year,Credit card,Basic,Fibre,Priority,49,65.79,3142.3,144.7,493,1,183.6,17.0,2,0,1,14.8,No recent problems; user happy with plan. Routine follow-up in 30 days.,0
CUST_000019,Male,19,West,Paid Search,Month-to-month,Direct debit,Premium,5G_FWA,Standard,57,91.16,5127.52,112.6,436,1,94.6,51.0,2,2,0,0.0,Account stable; no issues reported. Feedback recorded.,0
CUST_000020,Male,43,East,Organic,Two year,Credit card,Standard,Fibre,Standard,66,70.89,4527.78,326.7,655,1,231.9,8.0,2,0,0,0.0,No recent problems; user happy with plan. Routine follow-up in 30 days.,0
CUST_000021,Female,39,West,Paid Search,Month-to-month,Direct debit,Standard,Fibre,Priority,58,84.62,4814.76,330.9,885,3,323.8,25.0,2,1,1,13.1,Customer satisfied with service; routine check completed. Feedback recorded.,0
CUST_000022,Female,43,West,Social,Month-to-month,Credit card,Basic,Fibre,Priority,55,64.28,3504.22,,743,0,286.0,20.0,1,0,1,14.0,Account stable; no issues reported. Routine follow-up in 30 days.,0
CUST_000023,Male,22,West,Organic,Month-to-month,Direct debit,Standard,Fibre,Standard,5,71.19,329.72,273.9,332,0,308.5,16.0,1,0,0,0.0,All services working as expected; thank you note received. Routine follow-up in 30 days.,1
CUST_000024,Male,36,West,Partner,Month-to-month,Direct debit,Premium,5G_FWA,Standard,3,85.85,335.27,229.6,825,3,73.6,11.0,0,1,1,13.2,All services working as expected; thank you note received. Feedback recorded.,1
CUST_000025,Female,38,North,Organic,One year,Direct debit,Basic,Fibre,Priority,63,52.84,3317.64,303.2,504,1,165.2,19.0,0,1,1,11.6,Account stable; no issues reported. Continue monitoring.,0
CUST_000026,Female,48,North,Social,Month-to-month,Direct debit,Basic,DSL,Standard,48,41.93,2121.01,45.3,0,0,40.1,23.0,1,0,0,0.0,Account stable; no issues reported. Routine follow-up in 30 days.,0
CUST_000027,Female,41,West,Paid Search,One year,Credit card,Premium,Fibre,Priority,60,109.25,6479.53,223.8,161,0,174.2,19.0,0,0,1,14.6,No recent problems; user happy with plan. Continue monitoring.,0
CUST_000028,Male,50,East,Organic,One year,Direct debit,Standard,5G_FWA,Priority,55,72.84,4161.02,128.6,421,0,161.1,38.0,0,0,1,12.9,No recent problems; user happy with plan. Feedback recorded.,0
CUST_000029,Male,54,North,Referral,One year,Credit card,Basic,Fibre,Standard,18,55.75,912.08,324.0,700,0,178.8,22.0,1,1,0,0.0,All services working as expected; thank you note received. No action required.,0
CUST_000030,Male,44,West,Social,Month-to-month,Direct debit,Premium,None,Standard,15,81.95,1006.61,144.8,680,1,3.5,96.0,1,0,1,14.6,All services working as expected; thank you note received. Routine follow-up in 30 days.,0
CUST_000031,Male,20,South,Paid Search,Month-to-month,Direct debit,Basic,Fibre,Standard,43,50.57,2079.9,254.8,472,1,205.9,29.0,2,2,0,0.0,No recent problems; user happy with plan. No action required.,0
CUST_000032,Male,31,South,Organic,Two year,Bank transfer,Standard,DSL,Standard,50,62.43,3066.72,215.6,518,0,48.4,22.0,3,1,0,0.0,Customer satisfied with service; routine check completed. No action required.,0
CUST_000033,Female,35,West,Organic,Month-to-month,Direct debit,Premium,DSL,Standard,43,71.55,,167.5,572,0,41.2,35.0,1,0,0,0.0,No recent problems; user happy with plan. No action required.,1
CUST_000034,Male,55,East,Paid Search,Two year,Direct debit,Basic,DSL,Standard,67,41.09,2784.71,102.9,501,2,27.1,16.0,3,3,1,8.4,No recent problems; user happy with plan. Continue monitoring.,0
CUST_000035,Male,18,North,Partner,Month-to-month,Direct debit,Premium,Fibre,Standard,15,89.82,1258.84,260.1,327,1,335.9,14.0,3,0,0,0.0,All services working as expected; thank you note received. No action required.,0
CUST_000036,Female,40,North,Referral,One year,Direct debit,Standard,Fibre,Standard,11,71.22,843.81,313.7,217,0,272.2,19.0,0,0,0,0.0,No recent problems; user happy with plan. Routine follow-up in 30 days.,0
CUST_000037,Male,28,West,Paid Search,Two year,Bank transfer,Basic,Fibre,Standard,28,52.21,1590.74,345.6,381,0,132.1,24.0,1,1,0,0.0,Customer satisfied with service; routine check completed. Routine follow-up in 30 days.,0
CUST_000038,Male,18,North,Organic,Month-to-month,Direct debit,Premium,5G_FWA,Priority,28,90.41,2686.62,200.0,0,0,132.8,31.0,0,0,0,0.0,Customer satisfied with service; routine check completed. Continue monitoring.,0
CUST_000039,Female,43,West,Organic,One year,Bank transfer,Standard,5G_FWA,Standard,59,78.65,4463.6,171.0,396,1,187.8,30.0,4,2,1,10.0,All services working as expected; thank you note received. Routine follow-up in 30 days.,0
CUST_000040,Male,46,North,Referral,Two year,Direct debit,Standard,Fibre,Standard,5,62.95,398.89,243.3,844,4,223.3,23.0,1,0,1,10.3,All services working as expected; thank you note received. No action required.,0
CUST_000041,Female,33,South,Paid Search,Two year,Credit card,Basic,None,Standard,24,28.06,556.3,102.4,129,0,8.1,60.0,1,1,0,0.0,Account stable; no issues reported. Continue monitoring.,0
CUST_000042,Male,21,West,Paid Search,Two year,Direct debit,Premium,DSL,Standard,45,87.98,4145.49,177.4,683,1,61.9,51.0,3,0,1,11.4,All services working as expected; thank you note received. Continue monitoring.,0
CUST_000043,Female,50,South,Partner,Month-to-month,Direct debit,Standard,5G_FWA,Standard,45,71.71,3061.54,185.6,706,2,178.4,41.0,1,1,1,10.5,Account stable; no issues reported. Feedback recorded.,0
CUST_000044,Male,40,South,Partner,Two year,Direct debit,Premium,5G_FWA,Standard,55,84.95,4577.2,361.3,310,1,49.3,45.0,1,1,0,0.0,No recent problems; user happy with plan. Feedback recorded.,0
CUST_000045,Female,22,South,Partner,Month-to-month,Credit card,Standard,DSL,Standard,12,44.91,562.9,37.1,644,1,52.7,52.0,2,0,1,18.6,All services working as expected; thank you note received. Routine follow-up in 30 days.,1
CUST_000046,Female,18,South,Social,Month-to-month,Direct debit,Standard,DSL,Standard,32,54.11,1605.52,84.6,354,0,56.1,50.0,1,1,1,23.2,Account stable; no issues reported. No action required.,1
CUST_000047,Female,38,East,Organic,Month-to-month,Direct debit,Premium,Fibre,Standard,23,95.26,2417.22,261.9,721,1,155.5,11.0,3,3,1,10.3,Account stable; no issues reported. Feedback recorded.,0
CUST_000048,Female,37,North,Partner,Two year,Direct debit,Premium,Fibre,Standard,50,87.97,4378.49,379.4,485,0,231.9,11.0,3,4,1,17.4,Account stable; no issues reported. No action required.,0
CUST_000049,Male,36,West,Partner,One year,Credit card,Basic,Fibre,Standard,29,51.69,1277.57,232.6,656,0,214.4,18.0,1,1,1,14.6,All services working as expected; thank you note received. No action required.,0
CUST_000050,Female,54,West,Organic,Month-to-month,Direct debit,Standard,Fibre,Standard,31,80.77,2547.56,311.6,131,0,223.6,36.0,2,0,0,0.0,All services working as expected; thank you note received. No action required.,0
CUST_000051,Female,27,North,Organic,Month-to-month,Direct debit,Premium,DSL,Standard,11,86.44,981.06,87.1,347,0,27.8,49.0,1,0,0,0.0,All services working as expected; thank you note received. No action required.,0
CUST_000052,Female,40,North,Paid Search,Month-to-month,Direct debit,Standard,DSL,Priority,34,69.13,2500.91,57.0,838,2,36.1,35.0,1,0,0,0.0,No recent problems; user happy with plan. Feedback recorded.,0
CUST_000053,Female,41,East,Organic,One year,Cash,Standard,Fibre,Standard,12,70.2,969.45,263.0,565,3,248.8,20.0,0,0,1,17.9,All services working as expected; thank you note received. No action required.,0
CUST_000054,Female,28,West,Paid Search,One year,Direct debit,Premium,None,Standard,15,66.82,1014.99,80.2,906,0,9.1,52.0,0,0,1,6.9,No recent problems; user happy with plan. Routine follow-up in 30 days.,0
CUST_000055,Male,26,North,Organic,Month-to-month,Direct debit,Standard,Fibre,Standard,33,77.41,2431.58,245.1,628,2,266.3,21.0,2,0,0,0.0,No recent problems; user happy with plan. No action required.,0
CUST_000056,Female,58,South,Organic,Month-to-month,Credit card,Standard,DSL,Standard,63,65.24,4113.47,135.8,484,0,61.0,33.0,1,0,1,16.0,Customer satisfied with service; routine check completed. Routine follow-up in 30 days.,0
CUST_000057,Male,36,North,Referral,Month-to-month,Direct debit,Standard,DSL,Standard,6,62.59,442.85,87.9,313,1,,53.0,1,1,0,0.0,Account stable; no issues reported. Continue monitoring.,1
CUST_000058,Male,47,North,Organic,Two year,Bank transfer,Standard,DSL,Standard,36,81.6,3126.03,53.1,415,0,52.3,31.0,1,0,0,0.0,No recent problems; user happy with plan. Continue monitoring.,0
CUST_000059,Female,18,South,Paid Search,Month-to-month,Direct debit,Premium,Fibre,Standard,33,87.96,3142.58,256.8,850,2,223.8,21.0,0,0,1,11.1,Account stable; no issues reported. No action required.,0
CUST_000060,Male,31,North,Referral,Month-to-month,Credit card,Premium,DSL,Standard,47,79.67,3714.01,75.7,418,1,39.7,48.0,2,3,1,24.6,All services working as expected; thank you note received. Feedback recorded.,0
CUST_000061,Male,38,South,Organic,Month-to-month,Bank transfer,Premium,DSL,Standard,18,81.27,1532.36,253.8,50,0,60.0,39.0,0,0,0,0.0,Customer satisfied with service; routine check completed. Feedback recorded.,0
CUST_000062,Male,25,West,Paid Search,Month-to-month,Bank transfer,Premium,None,Priority,45,73.58,3103.84,95.4,153,0,3.6,57.0,2,1,0,0.0,All services working as expected; thank you note received. Feedback recorded.,0
CUST_000063,Male,47,East,Social,Two year,Credit card,Standard,Fibre,Priority,14,86.95,1288.13,268.9,670,1,164.3,15.0,1,0,1,15.2,Customer satisfied with service; routine check completed. Feedback recorded.,0
CUST_000064,Female,48,South,Paid Search,Month-to-month,Credit card,Basic,DSL,Standard,21,41.52,855.76,112.6,593,1,43.6,37.0,2,2,0,0.0,Account stable; no issues reported. Continue monitoring.,0
CUST_000065,Female,21,South,Referral,Month-to-month,Bank transfer,Standard,DSL,Standard,34,59.14,1790.04,151.1,415,0,25.8,68.0,2,0,0,0.0,All services working as expected; thank you note received. Routine follow-up in 30 days.,0
CUST_000066,Female,55,West,Organic,Month-to-month,Direct debit,Standard,DSL,Standard,13,55.13,828.26,175.8,897,0,88.3,33.0,0,0,0,0.0,Account stable; no issues reported. Continue monitoring.,1
CUST_000067,Female,52,East,Paid Search,Month-to-month,Credit card,Premium,5G_FWA,Priority,12,98.07,1089.32,231.6,399,2,134.9,23.0,1,0,0,0.0,All services working as expected; thank you note received. No action required.,1
CUST_000068,Male,31,South,Paid Search,Two year,Credit card,Premium,Fibre,Standard,67,102.07,6890.7,342.1,609,2,297.0,17.0,3,0,1,19.2,No recent problems; user happy with plan. Routine follow-up in 30 days.,0
CUST_000069,Male,32,South,Referral,Two year,Direct debit,Basic,Fibre,Standard,26,62.75,1491.95,247.5,561,1,219.6,19.0,1,0,0,0.0,All services working as expected; thank you note received. Feedback recorded.,0
CUST_000070,Female,57,North,Partner,One year,Direct debit,Premium,5G_FWA,Priority,71,91.94,6551.36,255.2,851,1,213.2,36.0,0,0,1,19.2,All services working as expected; thank you note received. No action required.,0
CUST_000071,Female,52,South,Organic,One year,Credit card,Standard,Fibre,Standard,40,75.16,2880.23,230.6,323,0,144.5,13.0,0,0,1,18.4,Customer satisfied with service; routine check completed. Feedback recorded.,0
CUST_000072,Male,37,North,Social,One year,Bank transfer,Premium,Fibre,Standard,16,96.14,1680.85,264.7,564,0,145.8,20.0,1,0,0,0.0,Customer satisfied with service; routine check completed. Feedback recorded.,0
CUST_000073,Female,20,North,Paid Search,One year,Credit card,Basic,5G_FWA,Standard,37,51.07,2016.16,204.3,368,2,198.0,30.0,2,1,0,0.0,Account stable; no issues reported. Feedback recorded.,0
CUST_000074,Male,52,North,Social,Month-to-month,Credit card,Basic,Fibre,Priority,23,53.5,1267.0,247.4,605,0,344.1,20.0,2,0,0,0.0,Customer satisfied with service; routine check completed. Feedback recorded.,0
CUST_000075,Female,36,North,Organic,Month-to-month,Credit card,Premium,Fibre,Standard,57,94.69,5275.41,287.2,358,0,309.9,11.0,1,0,0,0.0,Account stable; no issues reported. Feedback recorded.,1
CUST_000076,Female,30,South,Referral,One year,Direct debit,Standard,5G_FWA,Priority,60,76.11,4441.43,226.0,473,0,128.6,37.0,3,1,0,0.0,Customer satisfied with service; routine check completed. Continue monitoring.,0
CUST_000077,Male,34,North,Partner,One year,Credit card,Standard,Fibre,Standard,8,67.99,698.95,224.0,452,2,178.4,11.0,1,2,0,0.0,No recent problems; user happy with plan. Feedback recorded.,0
CUST_000078,Male,25,South,Partner,Two year,Credit card,Premium,Fibre,Standard,11,98.62,1324.73,194.6,661,2,163.5,21.0,3,1,0,0.0,All services working as expected; thank you note received. No action required.,0
CUST_000079,Female,59,East,Paid Search,Month-to-month,Direct debit,Premium,Fibre,Standard,70,102.14,7410.13,308.4,924,1,255.3,15.0,0,0,0,0.0,Account stable; no issues reported. Continue monitoring.,1
CUST_000080,Female,20,East,Organic,Two year,Bank transfer,Standard,None,Standard,17,49.49,1119.5,0.0,673,1,3.5,50.0,1,0,0,0.0,Customer satisfied with service; routine check completed. No action required.,0
CUST_000081,Female,58,North,Paid Search,Month-to-month,Direct debit,Premium,DSL,Standard,62,87.34,5307.64,90.0,444,1,56.9,32.0,2,1,1,11.2,Customer satisfied with service; routine check completed. Feedback recorded.,0
CUST_000082,Male,57,North,Organic,Month-to-month,Credit card,Premium,DSL,Standard,14,75.4,818.99,101.3,661,0,63.4,,2,0,0,0.0,Customer satisfied with service; routine check completed. No action required.,0
CUST_000083,Female,34,South,Paid Search,Two year,Bank transfer,Standard,5G_FWA,Standard,43,64.02,2768.26,32.7,662,0,136.5,31.0,0,0,1,9.5,No recent problems; user happy with plan. No action required.,0
CUST_000084,Female,41,North,Organic,Month-to-month,Direct debit,Standard,Fibre,Standard,14,72.32,1119.25,350.3,515,2,305.5,27.0,1,1,0,0.0,No recent problems; user happy with plan. Continue monitoring.,0
CUST_000085,Female,38,North,Referral,Month-to-month,Direct debit,Standard,Fibre,Standard,41,66.63,2698.98,234.1,354,0,199.6,12.0,0,0,1,22.5,Customer satisfied with service; routine check completed. Routine follow-up in 30 days.,0
CUST_000086,Male,34,West,Organic,Month-to-month,Direct debit,Standard,Fibre,Standard,53,71.47,3660.49,188.2,637,1,182.4,16.0,4,0,0,0.0,All services working as expected; thank you note received. Routine follow-up in 30 days.,0
CUST_000087,Male,34,South,Paid Search,Month-to-month,Bank transfer,Standard,Fibre,Standard,67,85.48,5819.51,289.1,779,5,177.0,11.0,2,1,1,18.2,Account stable; no issues reported. Feedback recorded.,0
CUST_000088,Female,31,North,Paid Search,Month-to-month,Credit card,Standard,Fibre,Standard,40,78.3,3064.56,384.3,740,2,243.2,31.0,0,0,0,0.0,All services working as expected; thank you note received. Feedback recorded.,0
CUST_000089,Male,43,East,Paid Search,Month-to-month,Direct debit,Premium,Fibre,Standard,37,89.61,3303.91,269.2,706,1,243.7,5.0,3,0,1,11.5,All services working as expected; thank you note received. Continue monitoring.,0
CUST_000090,Female,29,South,Organic,One year,Bank transfer,Standard,5G_FWA,Priority,63,78.21,4987.42,79.2,732,2,37.8,40.0,2,0,1,9.5,Customer satisfied with service; routine check completed. No action required.,0
CUST_000091,Male,32,West,Social,Month-to-month,Direct debit,Basic,DSL,Standard,49,51.13,2485.13,124.5,168,0,39.9,23.0,0,0,0,0.0,All services working as expected; thank you note received. Feedback recorded.,0
CUST_000092,Male,25,North,Paid Search,Month-to-month,Credit card,Premium,Fibre,Priority,21,117.66,2421.53,402.5,781,2,193.8,32.0,4,1,1,10.0,Account stable; no issues reported. No action required.,0
CUST_000093,Male,46,North,Paid Search,Month-to-month,Direct debit,Basic,Fibre,Standard,27,53.28,1285.58,247.4,398,0,258.2,17.0,0,1,0,0.0,No recent problems; user happy with plan. Routine follow-up in 30 days.,0
CUST_000094,Female,40,West,Organic,Month-to-month,Direct debit,Standard,Fibre,Standard,25,78.84,1890.33,294.9,467,1,283.4,9.0,0,0,1,8.4,No recent problems; user happy with plan. Routine follow-up in 30 days.,0
CUST_000095,Female,48,West,Paid Search,Month-to-month,Direct debit,Premium,DSL,Standard,18,86.14,1627.01,194.1,490,0,43.0,49.0,0,0,0,0.0,No recent problems; user happy with plan. Feedback recorded.,0
CUST_000096,Female,42,West,Organic,Month-to-month,Credit card,Premium,Fibre,Standard,22,96.22,2042.1,312.0,370,0,247.7,10.0,2,2,1,16.9,Customer satisfied with service; routine check completed. Routine follow-up in 30 days.,0
CUST_000097,Female,25,West,Organic,Month-to-month,Cash,Standard,DSL,Standard,69,65.79,4759.19,63.5,578,3,58.6,48.0,1,1,1,21.2,No recent problems; user happy with plan. Continue monitoring.,0
CUST_000098,Male,66,North,Organic,Month-to-month,Credit card,Premium,DSL,Priority,40,93.37,3697.0,199.1,255,0,47.5,42.0,0,0,0,0.0,Customer satisfied with service; routine check completed. Routine follow-up in 30 days.,0
CUST_000099,Female,30,West,Organic,Month-to-month,Direct debit,Premium,Fibre,Standard,53,78.29,4090.08,381.8,675,2,180.8,28.0,2,0,0,0.0,Account stable; no issues reported. Routine follow-up in 30 days.,0
CUST_000100,Female,45,North,Paid Search,Month-to-month,Direct debit,Standard,Fibre,Standard,45,74.54,3222.05,189.0,578,3,214.6,12.0,0,0,0,0.0,All services working as expected; thank you note received. Feedback recorded.,0
CUST_000101,Male,50,South,Referral,Month-to-month,Credit card,Premium,Fibre,Standard,63,86.14,5431.76,309.1,729,1,173.0,21.0,5,2,1,12.5,Customer satisfied with service; routine check completed. Routine follow-up in 30 days.,0
CUST_000102,Female,21,South,Partner,One year,Direct debit,Standard,DSL,Standard,58,60.27,3480.95,172.6,725,1,43.1,50.0,1,3,1,5.2,No recent problems; user happy with plan. No action required.,0
CUST_000103,Male,29,South,Paid Search,One year,Bank transfer,Premium,Fibre,Standard,44,90.24,4040.74,243.3,554,1,254.3,17.0,1,1,0,0.0,No recent problems; user happy with plan. No action required.,0
CUST_000104,Female,64,East,Referral,Month-to-month,Direct debit,Standard,Fibre,Standard,0,79.88,5.59,296.7,431,0,242.6,16.0,0,0,1,21.9,No recent problems; user happy with plan. Feedback recorded.,0
CUST_000105,Female,21,North,Organic,Month-to-month,Direct debit,Basic,Fibre,Standard,66,67.19,4485.84,227.0,347,1,207.9,15.0,2,1,0,0.0,Account stable; no issues reported. Routine follow-up in 30 days.,0
CUST_000106,Male,36,East,Partner,One year,Credit card,Standard,5G_FWA,Standard,12,73.53,739.13,253.8,343,1,126.6,31.0,1,1,1,5.4,Account stable; no issues reported. Routine follow-up in 30 days.,0
CUST_000107,Male,39,South,Partner,Two year,Bank transfer,Premium,5G_FWA,Priority,10,103.37,1000.46,227.6,471,3,110.4,34.0,1,0,0,0.0,No recent problems; user happy with plan. No action required.,0
CUST_000108,Female,41,East,Partner,One year,Direct debit,Standard,Fibre,Standard,4,71.25,290.28,358.8,565,0,352.4,5.0,2,0,1,21.8,All services working as expected; thank you note received. Feedback recorded.,0
CUST_000109,Male,45,East,Organic,Month-to-month,Direct debit,Premium,5G_FWA,Standard,17,87.43,1364.17,127.3,105,0,98.8,28.0,1,0,0,0.0,Customer satisfied with service; routine check completed. Routine follow-up in 30 days.,0
CUST_000110,Female,33,North,Referral,Month-to-month,Credit card,Standard,Fibre,Standard,35,79.18,2666.42,153.0,349,0,174.4,7.0,0,0,0,0.0,No recent problems; user happy with plan. Routine follow-up in 30 days.,0
CUST_000111,Male,18,East,Social,Month-to-month,Credit card,Basic,Fibre,Standard,37,61.27,2253.42,231.0,776,2,206.9,16.0,1,0,0,0.0,No recent problems; user happy with plan. Continue monitoring.,0
CUST_000112,Female,63,North,Referral,Two year,Credit card,Premium,DSL,Standard,59,80.99,4855.53,220.7,583,0,36.2,20.0,1,2,1,23.2,All services working as expected; thank you note received. Feedback recorded.,0
CUST_000113,Female,34,South,Referral,Month-to-month,Credit card,Standard,5G_FWA,Standard,23,67.66,1707.21,202.4,576,0,81.3,56.0,2,4,1,15.9,No recent problems; user happy with plan. No action required.,0
CUST_000114,Female,19,East,Paid Search,Two year,Bank transfer,Premium,DSL,Standard,2,83.72,82.39,39.3,610,3,75.0,17.0,1,0,0,0.0,Customer satisfied with service; routine check completed. No action required.,0
CUST_000115,Female,47,West,Organic,One year,Direct debit,Basic,5G_FWA,Standard,57,59.86,,190.2,779,2,68.0,28.0,2,1,0,0.0,Account stable; no issues reported. Routine follow-up in 30 days.,0
CUST_000116,Female,18,West,Organic,Month-to-month,Credit card,Premium,Fibre,Priority,59,95.53,5685.75,307.3,390,0,203.7,19.0,2,0,0,0.0,All services working as expected; thank you note received. Continue monitoring.,0
CUST_000117,Male,42,West,Paid Search,One year,Credit card,Basic,DSL,Standard,55,47.72,2667.27,85.8,514,2,54.4,44.0,3,3,0,0.0,All services working as expected; thank you note received. No action required.,0
CUST_000118,Male,38,East,Partner,One year,Credit card,Premium,Fibre,Standard,70,94.85,6711.21,297.3,792,2,189.6,22.0,3,1,1,24.3,All services working as expected; thank you note received. Continue monitoring.,0
CUST_000119,Male,39,South,Social,Month-to-month,Direct debit,Standard,Fibre,Standard,17,69.72,1182.1,296.6,936,0,299.4,33.0,0,0,0,0.0,No recent problems; user happy with plan. Feedback recorded.,0
CUST_000120,Female,25,South,Organic,Month-to-month,Direct debit,Premium,Fibre,Standard,7,94.2,698.43,350.3,601,1,218.5,26.0,1,1,1,21.9,Customer satisfied with service; routine check completed. No action required.,0
CUST_000121,Male,32,South,Organic,One year,Direct debit,Premium,DSL,Standard,71,75.26,5342.14,146.2,275,1,48.1,21.0,0,0,0,0.0,All services working as expected; thank you note received. Feedback recorded.,0
CUST_000122,Male,34,South,Organic,Two year,Credit card,Standard,DSL,Standard,52,61.37,3206.96,111.7,335,1,75.3,36.0,1,0,0,0.0,Account stable; no issues reported. Feedback recorded.,0
CUST_000123,Male,25,South,Organic,One year,Credit card,Premium,5G_FWA,Standard,69,95.7,6512.19,212.4,151,0,138.0,,0,0,1,11.0,All services working as expected; thank you note received. Continue monitoring.,0
CUST_000124,Male,41,West,Paid Search,Two year,Credit card,Standard,Fibre,Standard,44,74.47,3280.62,323.1,700,0,273.9,15.0,1,1,0,0.0,Account stable; no issues reported. Feedback recorded.,0
CUST_000125,Female,46,East,Paid Search,Month-to-month,Credit card,Standard,Fibre,Standard,41,79.73,3209.37,178.0,519,1,154.4,23.0,2,0,1,22.2,No recent problems; user happy with plan. Continue monitoring.,0
CUST_000126,Female,56,West,Partner,One year,Bank transfer,Basic,Fibre,Standard,34,55.89,2014.72,207.0,591,0,276.6,23.0,0,0,1,19.1,All services working as expected; thank you note received. Feedback recorded.,0
CUST_000127,Female,39,West,Paid Search,One year,Credit card,Premium,Fibre,Priority,3,101.43,521.77,353.7,426,1,,12.0,0,0,1,9.5,All services working as expected; thank you note received. No action required.,0
CUST_000128,Male,56,East,Organic,Month-to-month,Credit card,Standard,Fibre,Standard,54,81.01,4535.54,225.1,1193,0,196.0,13.0,1,2,1,10.4,Account stable; no issues reported. Routine follow-up in 30 days.,1
CUST_000129,Female,36,North,Paid Search,One year,Direct debit,Standard,Fibre,Standard,62,85.18,5411.0,198.6,739,1,151.4,15.0,3,2,1,14.9,Customer satisfied with service; routine check completed. Continue monitoring.,0
CUST_000130,Female,27,South,Paid Search,Month-to-month,Direct debit,Basic,DSL,Standard,17,37.66,637.79,35.6,407,0,,42.0,3,2,0,0.0,Customer mentioned intermittent issues; advised restart and monitoring. Customer advised on next steps.,1
CUST_000131,Male,45,North,Referral,Month-to-month,Direct debit,Standard,DSL,Standard,2,78.45,113.32,148.2,644,2,37.9,38.0,0,0,0,0.0,Customer satisfied with service; routine check completed. Continue monitoring.,0
CUST_000132,Male,67,North,Organic,Month-to-month,Direct debit,Standard,DSL,Priority,3,76.67,,175.5,688,1,75.3,19.0,0,1,1,14.8,No recent problems; user happy with plan. Routine follow-up in 30 days.,0
CUST_000133,Female,38,West,Paid Search,One year,Direct debit,Premium,Fibre,Standard,5,89.15,529.94,364.8,448,1,199.2,18.0,1,1,0,0.0,All services working as expected; thank you note received. Continue monitoring.,0
CUST_000134,Female,33,West,Organic,Month-to-month,Direct debit,Standard,Fibre,Standard,24,70.62,1714.84,,364,1,289.8,27.0,1,0,0,0.0,No recent problems; user happy with plan. No action required.,0
CUST_000135,Male,57,East,Partner,Month-to-month,Direct debit,Standard,Fibre,Standard,13,79.13,951.56,257.2,416,1,245.5,19.0,4,1,0,0.0,Account stable; no issues reported. Routine follow-up in 30 days.,1
CUST_000136,Male,37,North,Organic,Month-to-month,Direct debit,Premium,5G_FWA,Standard,42,103.32,4374.8,245.1,636,0,138.4,40.0,1,0,1,10.7,No recent problems; user happy with plan. Continue monitoring.,0
CUST_000137,Female,29,East,Partner,Month-to-month,Credit card,Standard,Fibre,Priority,47,72.56,3214.6,292.1,436,0,220.8,7.0,0,1,0,0.0,Account stable; no issues reported. Routine follow-up in 30 days.,1
CUST_000138,NonBinary,38,West,Organic,Month-to-month,Direct debit,Basic,Fibre,Standard,47,50.37,2210.05,193.9,478,1,235.5,27.0,1,1,1,23.6,All services working as expected; thank you note received. Routine follow-up in 30 days.,0
CUST_000139,Female,47,North,Organic,One year,Direct debit,Standard,DSL,Standard,68,66.02,4500.64,64.2,483,1,54.1,23.0,1,2,1,24.4,Account stable; no issues reported. No action required.,0
CUST_000140,Female,45,North,Paid Search,Month-to-month,Direct debit,Standard,DSL,Standard,46,72.63,3241.76,120.3,375,0,48.4,41.0,0,1,0,0.0,All services working as expected; thank you note received. Routine follow-up in 30 days.,0
CUST_000141,Male,27,West,Partner,Month-to-month,Direct debit,Basic,None,Standard,67,29.1,2118.34,0.0,407,0,8.8,46.0,1,0,1,13.6,No recent problems; user happy with plan. Continue monitoring.,1
CUST_000142,Female,50,West,Social,Month-to-month,Credit card,Standard,DSL,Standard,64,76.61,4906.51,140.7,270,1,30.6,35.0,2,0,0,0.0,All services working as expected; thank you note received. Continue monitoring.,1
CUST_000143,Male,57,West,Referral,One year,Direct debit,Standard,Fibre,Priority,61,85.56,5264.69,219.1,461,1,252.8,26.0,1,1,0,0.0,Customer satisfied with service; routine check completed. Continue monitoring.,0
CUST_000144,Female,52,East,Organic,Month-to-month,Bank transfer,Basic,5G_FWA,Standard,44,51.29,2234.05,203.5,653,1,60.8,37.0,0,1,0,0.0,Customer satisfied with service; routine check completed. No action required.,0
CUST_000145,Female,43,East,Paid Search,Month-to-month,Direct debit,Standard,5G_FWA,Standard,47,67.14,3343.4,133.4,376,1,62.8,20.0,1,0,0,0.0,Customer satisfied with service; routine check completed. Continue monitoring.,1
CUST_000146,Male,49,West,Referral,One year,Credit card,Standard,5G_FWA,Standard,10,78.97,597.85,211.1,425,1,59.1,31.0,0,0,0,0.0,Account stable; no issues reported. Routine follow-up in 30 days.,0
CUST_000147,Male,46,East,Partner,One year,Credit card,Standard,5G_FWA,Standard,57,74.5,4131.77,191.0,447,1,136.2,24.0,3,0,0,0.0,Account stable; no issues reported. No action required.,0
CUST_000148,Female,26,South,Partner,Month-to-month,Cash,Premium,5G_FWA,Priority,54,105.7,5586.42,215.7,449,1,132.0,21.0,0,0,1,11.9,All services working as expected; thank you note received. Feedback recorded.,0
CUST_000149,Female,29,East,Organic,Month-to-month,Direct debit,Standard,DSL,Standard,1,73.13,0.0,176.9,663,0,41.6,52.0,2,1,1,7.6,Account stable; no issues reported. No action required.,1
CUST_000150,Female,28,West,Organic,Month-to-month,Direct debit,Basic,DSL,Priority,63,39.39,2617.98,0.0,629,2,42.6,56.0,1,0,0,0.0,Customer satisfied with service; routine check completed. Routine follow-up in 30 days.,0
CUST_000151,Female,48,East,Social,Month-to-month,Direct debit,Standard,5G_FWA,Standard,63,74.91,5023.97,175.9,666,0,148.1,43.0,0,0,1,7.3,No recent problems; user happy with plan. Continue monitoring.,0
CUST_000152,Female,23,East,Organic,One year,Direct debit,Standard,5G_FWA,Standard,45,83.11,3624.64,242.9,640,0,131.4,28.0,1,0,0,0.0,No recent problems; user happy with plan. No action required.,0
CUST_000153,Male,18,North,Referral,One year,Direct debit,Premium,Fibre,Standard,16,95.84,1401.21,324.2,456,1,159.2,29.0,1,0,0,0.0,No recent problems; user happy with plan. Feedback recorded.,0
CUST_000154,Female,25,North,Organic,Month-to-month,Credit card,Basic,Fibre,Priority,26,68.84,1761.87,273.5,472,0,207.5,13.0,0,0,0,0.0,Customer satisfied with service; routine check completed. No action required.,0
CUST_000155,Male,33,North,Paid Search,Month-to-month,Credit card,Basic,Fibre,Priority,56,66.56,3806.4,238.4,602,1,241.7,34.0,0,0,1,11.7,No recent problems; user happy with plan. Continue monitoring.,0
CUST_000156,Male,37,North,Referral,Month-to-month,Direct debit,Basic,DSL,Standard,45,47.45,1941.19,44.6,214,2,29.0,51.0,3,0,0,0.0,All services working as expected; thank you note received. Continue monitoring.,0
CUST_000157,Female,42,South,Paid Search,Month-to-month,Credit card,Premium,DSL,Priority,60,95.3,5730.08,240.6,448,0,27.3,21.0,2,0,0,0.0,All services working as expected; thank you note received. Continue monitoring.,1
CUST_000158,Female,43,South,Referral,Month-to-month,Credit card,Premium,None,Standard,26,69.9,1759.25,180.0,412,1,8.1,36.0,3,0,0,0.0,All services working as expected; thank you note received. Routine follow-up in 30 days.,1
CUST_000159,Male,53,North,Organic,Month-to-month,Bank transfer,Standard,5G_FWA,Standard,37,67.86,2490.16,204.3,0,0,189.2,38.0,0,1,1,17.9,Customer satisfied with service; routine check completed. Routine follow-up in 30 days.,0
CUST_000160,Male,58,North,Paid Search,Two year,Direct debit,Premium,DSL,Standard,7,76.04,788.97,139.1,500,1,54.5,44.0,0,0,0,0.0,Account stable; no issues reported. Routine follow-up in 30 days.,0
CUST_000161,Female,53,South,Referral,Month-to-month,Bank transfer,Basic,Fibre,Standard,49,68.85,3344.73,193.2,0,0,167.5,16.0,2,1,1,6.3,Account stable; no issues reported. Feedback recorded.,0
CUST_000162,Male,39,West,Paid Search,Month-to-month,Credit card,Standard,5G_FWA,Standard,17,79.93,1237.2,115.8,220,0,190.1,37.0,2,0,1,11.0,Customer satisfied with service; routine check completed. Routine follow-up in 30 days.,0
CUST_000163,Female,44,East,Organic,Two year,Credit card,Standard,Fibre,Standard,8,72.27,588.26,235.3,247,2,151.3,19.0,1,0,0,0.0,Account stable; no issues reported. Continue monitoring.,0
CUST_000164,Female,40,West,Referral,Month-to-month,Credit card,Standard,Fibre,Standard,9,79.13,614.02,194.1,333,1,201.4,24.0,1,1,0,0.0,Account stable; no issues reported. Routine follow-up in 30 days.,0
CUST_000165,Female,38,East,Organic,Month-to-month,Direct debit,Premium,DSL,Standard,3,85.75,343.29,237.4,455,1,47.4,48.0,2,1,1,24.8,No recent problems; user happy with plan. No action required.,0
CUST_000166,Male,42,South,Paid Search,Month-to-month,Direct debit,Standard,Fibre,Standard,51,75.13,3849.85,247.9,826,5,268.8,9.0,7,1,1,8.4,All services working as expected; thank you note received. Feedback recorded.,0
CUST_000167,Female,53,West,Social,One year,Credit card,Premium,None,Standard,17,84.71,1437.46,0.0,666,3,8.0,60.0,1,0,0,0.0,No recent problems; user happy with plan. Feedback recorded.,0
CUST_000168,Male,48,East,Organic,One year,Credit card,Standard,Fibre,Standard,24,86.05,1973.45,406.4,283,0,223.9,23.0,0,0,0,0.0,Customer satisfied with service; routine check completed. Routine follow-up in 30 days.,1
CUST_000169,Female,43,East,Partner,Month-to-month,Credit card,Standard,Fibre,Standard,6,77.97,578.72,131.0,415,1,193.9,19.0,2,0,1,19.9,Account stable; no issues reported. No action required.,0
CUST_000170,Female,47,East,Organic,Month-to-month,Credit card,Basic,Fibre,Priority,41,64.52,2616.64,194.0,505,0,319.0,13.0,4,1,0,0.0,Account stable; no issues reported. Feedback recorded.,0
CUST_000171,Female,39,North,Organic,One year,Direct debit,Premium,DSL,Standard,4,75.23,497.34,161.6,487,1,23.8,34.0,0,0,1,10.9,Account stable; no issues reported. Continue monitoring.,0
CUST_000172,Male,70,North,Paid Search,Month-to-month,Credit card,Standard,Fibre,Priority,32,87.75,2745.94,260.5,229,0,277.0,20.0,0,0,1,23.4,All services working as expected; thank you note received. Continue monitoring.,0
CUST_000173,Female,37,West,Organic,Month-to-month,Direct debit,Standard,5G_FWA,Standard,72,74.42,5468.82,144.7,300,1,144.9,36.0,1,0,0,0.0,All services working as expected; thank you note received. Continue monitoring.,0
CUST_000174,Female,44,North,Referral,Two year,Credit card,Standard,Fibre,Priority,24,88.36,2029.18,197.7,278,0,262.2,14.0,1,2,0,0.0,All services working as expected; thank you note received. Continue monitoring.,0
CUST_000175,Male,35,South,Referral,One year,Direct debit,Standard,Fibre,Priority,67,93.24,6338.52,328.6,665,0,241.5,31.0,0,0,0,0.0,Account stable; no issues reported. Continue monitoring.,0
CUST_000176,Female,35,North,Organic,Month-to-month,Direct debit,Basic,Fibre,Priority,3,47.87,0.0,262.8,390,0,227.6,13.0,2,1,1,13.5,Account stable; no issues reported. Feedback recorded.,0
CUST_000177,Male,39,East,Social,Month-to-month,Direct debit,Standard,Fibre,Priority,20,85.74,1874.31,229.5,502,1,110.1,19.0,2,0,0,0.0,Account stable; no issues reported. No action required.,0
CUST_000178,Male,44,South,Organic,Month-to-month,Credit card,Standard,Fibre,Standard,26,62.58,1577.71,277.3,549,1,143.1,36.0,1,2,0,0.0,Customer satisfied with service; routine check completed. Continue monitoring.,0
CUST_000179,Male,21,South,Partner,Month-to-month,Bank transfer,Basic,5G_FWA,Priority,36,58.33,1899.53,115.0,264,0,128.1,28.0,1,0,0,0.0,All services working as expected; thank you note received. Routine follow-up in 30 days.,0
CUST_000180,Male,46,South,Paid Search,Month-to-month,Direct debit,Premium,None,Standard,58,72.31,4227.67,,998,1,11.8,44.0,1,3,0,0.0,Customer satisfied with service; routine check completed. Routine follow-up in 30 days.,1
CUST_000181,Male,59,North,Social,Two year,Bank transfer,Premium,Fibre,Priority,38,111.7,4266.8,301.4,542,0,276.8,5.0,1,3,1,19.5,Account stable; no issues reported. No action required.,0
CUST_000182,Female,40,North,Partner,Two year,Direct debit,Standard,DSL,Standard,54,63.14,3400.99,65.7,284,0,28.9,44.0,1,2,0,0.0,Customer satisfied with service; routine check completed. No action required.,1
CUST_000183,Male,55,West,Organic,Month-to-month,Bank transfer,Basic,DSL,Standard,37,48.65,1888.28,56.5,842,0,39.1,37.0,2,0,1,17.1,All services working as expected; thank you note received. No action required.,0
CUST_000184,Female,43,West,Partner,Month-to-month,Credit card,Premium,Fibre,Standard,50,95.18,4795.92,293.8,962,2,259.0,12.0,4,1,1,10.9,Customer satisfied with service; routine check completed. No action required.,1
CUST_000185,Female,26,North,Partner,Two year,Bank transfer,Basic,None,Standard,59,33.15,1854.89,0.0,215,2,7.3,67.0,1,0,1,24.0,No recent problems; user happy with plan. Routine follow-up in 30 days.,1
CUST_000186,Male,32,North,Partner,Month-to-month,Credit card,Standard,Fibre,Standard,43,81.33,3460.49,287.4,688,0,220.8,11.0,0,0,0,0.0,Customer satisfied with service; routine check completed. Continue monitoring.,0
CUST_000187,Female,57,North,Partner,Month-to-month,Direct debit,Standard,Fibre,Standard,41,59.93,2284.67,258.6,528,0,295.5,10.0,1,1,1,9.7,Customer satisfied with service; routine check completed. Routine follow-up in 30 days.,0
CUST_000188,Female,56,North,Social,Two year,Direct debit,Standard,Fibre,Standard,58,75.9,4681.64,287.5,787,1,122.8,28.0,2,1,0,0.0,No recent problems; user happy with plan. Continue monitoring.,0
CUST_000189,NonBinary,56,North,Organic,One year,Credit card,Standard,Fibre,Standard,50,64.34,3308.49,312.1,894,0,226.0,17.0,0,0,0,0.0,Account stable; no issues reported. No action required.,0
CUST_000190,Female,42,South,Organic,Month-to-month,Direct debit,Premium,None,Standard,30,78.39,2390.4,107.1,189,0,13.4,35.0,2,0,0,0.0,No recent problems; user happy with plan. Feedback recorded.,0
CUST_000191,Female,33,West,Organic,Month-to-month,Credit card,Basic,Fibre,Standard,48,63.51,2947.89,178.1,429,2,322.0,23.0,0,0,1,5.6,All services working as expected; thank you note received. Feedback recorded.,0
CUST_000192,Male,37,East,Partner,Month-to-month,Direct debit,Standard,Fibre,Standard,72,77.31,5562.51,253.2,763,0,239.3,33.0,1,0,0,0.0,Customer satisfied with service; routine check completed. No action required.,0
CUST_000193,Male,44,North,Partner,Month-to-month,Credit card,Standard,Fibre,Standard,51,70.95,3467.19,264.6,598,1,142.5,18.0,1,1,0,0.0,Account stable; no issues reported. No action required.,0
CUST_000194,Male,55,West,Paid Search,Month-to-month,Direct debit,Premium,Fibre,Priority,44,94.15,4249.71,329.1,548,0,287.1,15.0,3,2,0,0.0,Account stable; no issues reported. Continue monitoring.,0
CUST_000195,Female,42,East,Social,Two year,Bank transfer,Standard,DSL,Standard,11,56.9,347.48,245.6,349,1,34.3,47.0,3,3,1,10.4,Speed occasionally slow at peak times; suggested troubleshooting. Ticket logged.,1
CUST_000196,Female,29,East,Social,Month-to-month,Bank transfer,Premium,5G_FWA,Standard,26,94.69,2357.31,356.6,791,2,205.1,29.0,1,0,0,0.0,Customer satisfied with service; routine check completed. No action required.,0
CUST_000197,Female,41,East,Paid Search,Month-to-month,Direct debit,Basic,5G_FWA,Priority,57,54.13,3199.69,61.8,502,1,115.8,32.0,0,1,1,9.8,No recent problems; user happy with plan. Routine follow-up in 30 days.,0
CUST_000198,Female,37,East,Organic,Two year,Direct debit,Standard,None,Standard,50,58.29,2903.75,0.0,580,1,1.0,50.0,1,0,0,0.0,No recent problems; user happy with plan. Feedback recorded.,0
CUST_000199,Female,62,East,Partner,Month-to-month,Direct debit,Standard,DSL,Standard,25,56.84,1623.81,193.2,318,0,39.0,35.0,0,0,0,0.0,Customer satisfied with service; routine check completed. Routine follow-up in 30 days.,0
CUST_000200,Female,18,West,Organic,Month-to-month,Credit card,Basic,Fibre,Priority,65,62.8,4486.16,274.4,503,4,,18.0,5,0,0,0.0,Account stable; no issues reported. Feedback recorded.,0
CUST_000201,Male,48,East,Organic,Two year,Direct debit,Standard,Fibre,Standard,33,60.12,1878.37,315.0,618,1,117.8,11.0,1,2,1,16.8,No recent problems; user happy with plan. Feedback recorded.,0
CUST_000202,Female,18,East,Social,Month-to-month,Bank transfer,Basic,5G_FWA,Standard,62,45.28,2830.47,224.8,292,1,114.6,30.0,1,1,0,0.0,Account stable; no issues reported. Feedback recorded.,0
CUST_000203,Female,26,East,Referral,One year,Direct debit,Basic,Fibre,Priority,62,69.32,4258.28,196.9,511,0,173.0,7.0,3,3,0,0.0,Account stable; no issues reported. Feedback recorded.,0
CUST_000204,Female,64,East,Organic,One year,Direct debit,Premium,Fibre,Standard,35,93.87,3092.04,270.8,273,0,244.1,11.0,0,0,0,0.0,Account stable; no issues reported. Routine follow-up in 30 days.,0
CUST_000205,Female,60,North,Paid Search,Month-to-month,Bank transfer,Premium,DSL,Standard,50,88.5,4465.55,162.3,762,0,32.1,54.0,2,1,0,0.0,Customer satisfied with service; routine check completed. Feedback recorded.,1
CUST_000206,Female,26,West,Organic,Two year,Credit card,Premium,Fibre,Standard,71,86.78,6047.22,317.7,534,1,290.2,16.0,1,2,0,0.0,All services working as expected; thank you note received. No action required.,0
CUST_000207,Female,35,South,Social,Two year,Direct debit,Basic,DSL,Standard,31,63.94,2119.01,164.3,1031,0,53.7,42.0,0,0,1,8.9,Customer satisfied with service; routine check completed. Routine follow-up in 30 days.,0
CUST_000208,Male,23,East,Paid Search,Month-to-month,Credit card,Standard,None,Standard,55,47.41,2406.84,50.7,555,3,1.9,69.0,0,1,1,20.3,Account stable; no issues reported. Continue monitoring.,0
CUST_000209,NonBinary,18,West,Paid Search,Month-to-month,Direct debit,Standard,Fibre,Standard,63,68.64,4459.05,307.6,558,1,298.1,24.0,2,1,0,0.0,Customer satisfied with service; routine check completed. Feedback recorded.,0
CUST_000210,Female,18,West,Referral,Month-to-month,Credit card,Standard,None,Priority,34,65.31,2053.22,0.0,273,1,2.6,66.0,1,0,1,24.6,All services working as expected; thank you note received. Routine follow-up in 30 days.,1
CUST_000211,Female,41,West,Organic,One year,Direct debit,Basic,DSL,Standard,7,49.9,485.62,24.0,613,1,39.3,42.0,1,0,0,0.0,No recent problems; user happy with plan. Continue monitoring.,0
CUST_000212,Female,18,East,Partner,Month-to-month,Direct debit,Premium,DSL,Standard,15,99.87,1406.38,20.1,590,0,34.9,44.0,0,0,1,13.3,All services working as expected; thank you note received. No action required.,0
CUST_000213,Female,44,North,Referral,Month-to-month,Bank transfer,Standard,Fibre,Standard,34,80.84,2507.64,376.6,573,2,318.0,19.0,0,1,0,0.0,No recent problems; user happy with plan. No action required.,1
CUST_000214,Male,36,North,Social,Month-to-month,Credit card,Standard,DSL,Standard,12,62.84,755.86,164.2,275,1,51.7,38.0,2,0,0,0.0,Customer satisfied with service; routine check completed. Continue monitoring.,0
CUST_000215,Male,23,West,Social,Month-to-month,Direct debit,Basic,Fibre,Standard,6,55.85,272.82,285.0,828,1,,5.0,0,0,0,0.0,No recent problems; user happy with plan. Continue monitoring.,0
CUST_000216,Female,57,East,Partner,Month-to-month,Credit card,Standard,Fibre,Priority,17,87.31,1507.05,247.5,479,0,206.8,5.0,0,1,0,0.0,Account stable; no issues reported. Continue monitoring.,0
CUST_000217,Female,47,East,Organic,Month-to-month,Direct debit,Standard,5G_FWA,Standard,39,73.83,2828.61,71.2,907,2,81.4,35.0,0,1,0,0.0,Account stable; no issues reported. Feedback recorded.,0
CUST_000218,Male,63,East,Organic,Month-to-month,Credit card,Basic,None,Standard,53,31.76,,0.0,510,0,2.9,34.0,1,1,0,0.0,Account stable; no issues reported. No action required.,1
CUST_000219,Female,54,South,Paid Search,Month-to-month,Cash,Basic,Fibre,Standard,54,51.53,2977.25,158.8,409,1,230.3,5.0,1,0,0,0.0,No recent problems; user happy with plan. No action required.,0
CUST_000220,Male,21,East,Partner,Month-to-month,Direct debit,Basic,Fibre,Standard,20,51.16,1209.44,223.8,277,0,136.5,20.0,3,0,1,8.2,No recent problems; user happy with plan. Feedback recorded.,0
CUST_000221,Female,38,West,Paid Search,Month-to-month,Direct debit,Basic,Fibre,Standard,2,51.12,421.59,194.4,677,0,159.5,23.0,1,0,0,0.0,Customer satisfied with service; routine check completed. Feedback recorded.,0
CUST_000222,Female,36,East,Referral,One year,Credit card,Standard,DSL,Priority,16,71.66,1281.47,125.5,256,0,46.3,39.0,1,1,1,10.5,All services working as expected; thank you note received. No action required.,0
CUST_000223,Male,58,North,Organic,Two year,Credit card,Basic,Fibre,Priority,7,59.11,469.24,196.7,817,2,223.2,29.0,2,0,1,15.7,No recent problems; user happy with plan. No action required.,0
CUST_000224,NonBinary,61,East,Partner,One year,Credit card,Basic,DSL,Standard,0,43.25,111.27,21.6,353,0,63.1,52.0,1,1,0,0.0,Account stable; no issues reported. Feedback recorded.,0
CUST_000225,Female,74,West,Paid Search,Month-to-month,Credit card,Premium,Fibre,Standard,58,103.55,5734.01,309.9,440,3,207.7,17.0,3,3,0,0.0,Speed occasionally slow at peak times; suggested troubleshooting. Customer advised on next steps.,0
CUST_000226,Male,44,South,Organic,Month-to-month,Direct debit,Basic,Fibre,Standard,51,62.77,3326.39,287.1,484,0,203.4,17.0,2,1,1,9.0,All services working as expected; thank you note received. Continue monitoring.,0
CUST_000227,Female,45,South,Paid Search,One year,Credit card,Basic,Fibre,Standard,38,51.94,1974.15,203.4,531,2,259.9,30.0,3,2,0,0.0,Account stable; no issues reported. No action required.,0
CUST_000228,Female,39,South,Paid Search,One year,Bank transfer,Standard,Fibre,Standard,20,71.94,1332.85,246.0,760,0,274.1,22.0,1,1,0,0.0,Account stable; no issues reported. No action required.,0
CUST_000229,Female,58,North,Organic,Month-to-month,Direct debit,Basic,DSL,Standard,24,31.25,783.34,204.0,346,2,59.0,40.0,5,0,1,14.7,All services working as expected; thank you note received. Routine follow-up in 30 days.,0
CUST_000230,Female,39,East,Organic,Two year,Direct debit,Standard,Fibre,Standard,39,78.43,2866.89,235.3,670,1,225.6,15.0,1,0,0,0.0,No recent problems; user happy with plan. Continue monitoring.,0
CUST_000231,Male,27,West,Partner,Month-to-month,Credit card,Standard,DSL,Standard,17,67.83,1174.55,188.2,538,2,38.5,37.0,0,0,0,0.0,Customer satisfied with service; routine check completed. Routine follow-up in 30 days.,0
CUST_000232,Male,30,South,Social,One year,Direct debit,Standard,5G_FWA,Standard,67,62.16,3929.04,194.2,722,0,222.7,32.0,3,0,0,0.0,Account stable; no issues reported. Routine follow-up in 30 days.,1
CUST_000233,Male,56,East,Social,Two year,Direct debit,Standard,Fibre,Priority,19,78.36,1538.24,227.0,504,2,209.1,14.0,2,0,1,12.9,Customer satisfied with service; routine check completed. Continue monitoring.,0
CUST_000234,Male,22,North,Referral,One year,Direct debit,Standard,Fibre,Standard,26,76.4,2002.78,313.2,0,0,234.6,18.0,1,1,0,0.0,Account stable; no issues reported. Routine follow-up in 30 days.,0
CUST_000235,Male,18,East,Social,One year,Credit card,Standard,Fibre,Standard,1,71.14,50.62,259.7,519,4,53.2,17.0,4,1,1,24.2,Customer satisfied with service; routine check completed. No action required.,0
CUST_000236,Male,58,North,Organic,Month-to-month,Credit card,Standard,5G_FWA,Standard,2,66.82,70.71,162.8,334,1,228.2,29.0,0,0,0,0.0,Customer satisfied with service; routine check completed. Feedback recorded.,0
CUST_000237,Female,45,East,Organic,Two year,Direct debit,Standard,DSL,Standard,29,48.48,1455.3,158.6,316,1,45.2,62.0,2,1,0,0.0,All services working as expected; thank you note received. Continue monitoring.,0
CUST_000238,Male,34,North,Paid Search,Month-to-month,Bank transfer,Standard,Fibre,Priority,48,81.8,3835.79,287.7,589,1,317.1,22.0,4,1,0,0.0,All services working as expected; thank you note received. Feedback recorded.,0
CUST_000239,Male,20,North,Social,Two year,Bank transfer,Standard,Fibre,Standard,17,74.58,1214.3,159.3,608,2,225.8,24.0,3,0,1,18.1,Account stable; no issues reported. No action required.,0
CUST_000240,Male,34,South,Partner,One year,Credit card,Basic,5G_FWA,Standard,41,44.77,1913.33,28.9,150,0,160.0,36.0,0,1,0,0.0,Account stable; no issues reported. Routine follow-up in 30 days.,0
CUST_000241,Male,56,West,Social,Two year,Credit card,Standard,Fibre,Priority,26,78.36,2098.95,230.3,97,1,319.6,7.0,1,0,1,6.4,No recent problems; user happy with plan. No action required.,0
CUST_000242,NonBinary,32,South,Social,One year,Credit card,Standard,Fibre,Priority,34,86.65,3128.86,199.4,291,1,211.4,25.0,2,0,0,0.0,Customer satisfied with service; routine check completed. Feedback recorded.,0
CUST_000243,Female,54,North,Organic,Month-to-month,Direct debit,Standard,Fibre,Standard,35,77.62,2973.41,284.9,0,0,183.5,11.0,0,0,1,8.9,No recent problems; user happy with plan. Feedback recorded.,0
CUST_000244,Female,36,North,Social,One year,Cash,Standard,Fibre,Standard,39,77.12,2786.53,254.2,792,2,248.0,23.0,1,1,0,0.0,Account stable; no issues reported. Continue monitoring.,0
CUST_000245,Female,38,West,Organic,Month-to-month,Cash,Standard,DSL,Standard,12,63.85,995.44,137.7,1235,2,46.1,50.0,3,2,1,21.6,Speed occasionally slow at peak times; suggested troubleshooting. Customer advised on next steps.,0
CUST_000246,Male,31,West,Paid Search,Month-to-month,Credit card,Premium,DSL,Standard,67,91.01,6077.49,167.3,519,0,58.6,31.0,2,0,0,0.0,Customer satisfied with service; routine check completed. Routine follow-up in 30 days.,0
CUST_000247,Female,46,West,Organic,Month-to-month,Credit card,Premium,Fibre,Standard,54,95.94,5096.44,,549,1,,5.0,1,2,0,0.0,Customer satisfied with service; routine check completed. Routine follow-up in 30 days.,0
CUST_000248,Female,43,North,Paid Search,Month-to-month,Bank transfer,Premium,5G_FWA,Priority,46,109.11,5086.44,273.2,966,1,98.3,31.0,0,1,0,0.0,Account stable; no issues reported. Routine follow-up in 30 days.,0
CUST_000249,Female,28,West,Partner,Month-to-month,Bank transfer,Standard,DSL,Standard,13,63.0,795.47,98.7,601,0,47.5,26.0,2,1,1,8.0,Account stable; no issues reported. Continue monitoring.,1
CUST_000250,Female,39,North,Partner,One year,Direct debit,Basic,Fibre,Priority,16,60.68,690.37,224.7,395,0,205.8,,3,2,1,13.7,Customer satisfied with service; routine check completed. No action required.,0
CUST_000251,Male,33,East,Paid Search,Month-to-month,Direct debit,Premium,Fibre,Standard,58,96.55,5706.74,730.0,853,4,330.3,19.0,2,0,0,0.0,Customer satisfied with service; routine check completed. No action required.,0
CUST_000252,Male,54,North,Referral,One year,Credit card,Premium,5G_FWA,Priority,52,99.33,5013.72,217.0,700,1,140.3,38.0,1,0,1,9.5,All services working as expected; thank you note received. Continue monitoring.,0
CUST_000253,Female,54,North,Organic,Two year,Direct debit,Premium,Fibre,Standard,16,,1453.36,268.1,231,1,,16.0,1,0,0,0.0,All services working as expected; thank you note received. Routine follow-up in 30 days.,0
CUST_000254,Male,28,West,Organic,Two year,Cash,Premium,Fibre,Standard,3,95.35,405.27,268.9,371,1,247.6,18.0,1,2,1,6.3,No recent problems; user happy with plan. No action required.,0
CUST_000255,Male,68,North,Paid Search,Two year,Credit card,Basic,DSL,Priority,16,53.42,733.76,130.8,730,2,43.0,47.0,1,0,1,9.3,Customer satisfied with service; routine check completed. No action required.,0
CUST_000256,Female,47,East,Partner,Two year,Direct debit,Standard,Fibre,Priority,32,91.32,2830.8,271.7,497,3,350.6,28.0,3,3,1,7.1,Customer requested plan review; offered options. Follow-up recommended.,0
CUST_000257,Male,38,North,Organic,Month-to-month,Bank transfer,Standard,Fibre,Priority,53,92.76,4895.92,297.7,376,0,231.1,18.0,3,1,0,0.0,No recent problems; user happy with plan. No action required.,0
CUST_000258,Female,49,North,Organic,Month-to-month,Credit card,Premium,5G_FWA,Standard,55,103.03,5811.22,251.8,737,2,103.1,25.0,6,1,0,0.0,Customer satisfied with service; routine check completed. No action required.,0
CUST_000259,Male,32,East,Organic,One year,Credit card,Standard,Fibre,Standard,4,62.21,524.31,403.7,530,0,229.6,24.0,1,0,1,9.7,Customer satisfied with service; routine check completed. No action required.,0
CUST_000260,Male,43,West,Organic,Two year,Direct debit,Premium,Fibre,Standard,2,93.93,35.26,457.3,585,1,159.6,25.0,1,1,1,10.6,Account stable; no issues reported. Routine follow-up in 30 days.,0
CUST_000261,Male,27,West,Referral,One year,Credit card,Premium,Fibre,Standard,54,90.32,4977.15,358.3,488,1,234.0,14.0,1,2,0,0.0,All services working as expected; thank you note received. Routine follow-up in 30 days.,0
CUST_000262,Female,30,West,Organic,Month-to-month,Credit card,Standard,5G_FWA,Standard,3,64.28,304.71,117.7,376,3,75.6,44.0,1,1,0,0.0,No recent problems; user happy with plan. Continue monitoring.,1
CUST_000263,Female,27,North,Paid Search,Month-to-month,Bank transfer,Standard,5G_FWA,Standard,5,73.81,295.46,175.2,222,1,94.2,44.0,1,2,0,0.0,All services working as expected; thank you note received. Routine follow-up in 30 days.,1
CUST_000264,Female,46,West,Paid Search,One year,Direct debit,Premium,5G_FWA,Standard,35,106.2,3818.53,263.0,378,0,54.9,25.0,1,1,1,7.2,Account stable; no issues reported. No action required.,1
CUST_000265,Female,49,West,Partner,Month-to-month,Credit card,Standard,Fibre,Standard,49,73.7,3602.13,325.1,414,1,243.3,17.0,5,2,0,0.0,Account stable; no issues reported. Continue monitoring.,0
CUST_000266,Female,20,West,Organic,Two year,Credit card,Premium,Fibre,Standard,21,94.43,2234.14,375.8,374,1,228.5,23.0,1,2,1,15.8,Customer satisfied with service; routine check completed. Continue monitoring.,0
CUST_000267,Female,72,West,Referral,One year,Credit card,Standard,DSL,Standard,70,52.67,3692.75,142.1,704,1,52.4,52.0,1,0,0,0.0,No recent problems; user happy with plan. Feedback recorded.,0
CUST_000268,Male,39,East,Organic,Month-to-month,Direct debit,Basic,Fibre,Standard,12,48.94,544.1,236.6,557,0,309.8,25.0,2,1,0,0.0,All services working as expected; thank you note received. Feedback recorded.,0
CUST_000269,Male,54,North,Partner,One year,Direct debit,Standard,Fibre,Standard,14,62.95,814.23,209.2,730,1,254.6,28.0,3,2,0,0.0,No recent problems; user happy with plan. Routine follow-up in 30 days.,0
CUST_000270,Female,36,East,Paid Search,One year,Direct debit,Basic,5G_FWA,Standard,40,50.82,1869.54,184.4,655,1,161.2,31.0,2,0,0,0.0,Customer satisfied with service; routine check completed. No action required.,0
CUST_000271,Male,25,East,Organic,Month-to-month,Credit card,Standard,DSL,Standard,69,65.33,4190.97,142.5,823,4,76.9,30.0,0,0,0,0.0,Account stable; no issues reported. Continue monitoring.,0
CUST_000272,Female,42,West,Organic,Month-to-month,Direct debit,Basic,Fibre,Standard,55,62.81,3605.72,268.7,604,1,304.9,20.0,0,0,1,21.9,Account stable; no issues reported. Routine follow-up in 30 days.,0
CUST_000273,Female,40,West,Paid Search,Month-to-month,Bank transfer,Premium,DSL,Standard,44,92.81,4144.6,139.1,546,1,27.3,60.0,2,0,0,0.0,Customer satisfied with service; routine check completed. Routine follow-up in 30 days.,1
CUST_000274,Male,48,West,Partner,Month-to-month,Credit card,Basic,Fibre,Standard,6,50.39,280.43,217.0,807,2,97.2,15.0,3,2,1,10.6,Customer mentioned intermittent issues; advised restart and monitoring. Customer advised on next steps.,1
CUST_000275,Female,56,South,Referral,Two year,Credit card,Standard,Fibre,Standard,49,79.59,3959.28,224.5,579,0,161.1,7.0,1,0,0,0.0,No recent problems; user happy with plan. Routine follow-up in 30 days.,0
CUST_000276,Male,59,North,Referral,One year,Direct debit,Premium,5G_FWA,Priority,59,99.73,5841.12,208.6,96,0,140.2,25.0,2,3,0,0.0,No recent problems; user happy with plan. Feedback recorded.,0
CUST_000277,Female,27,East,Paid Search,Two year,Direct debit,Standard,Fibre,Standard,50,70.89,3718.47,242.9,323,0,242.5,11.0,1,0,0,0.0,No recent problems; user happy with plan. Continue monitoring.,0
CUST_000278,Female,67,West,Partner,Month-to-month,Credit card,Premium,5G_FWA,Standard,58,91.58,5297.16,216.5,609,1,166.2,48.0,1,0,1,19.6,Customer satisfied with service; routine check completed. No action required.,0
CUST_000279,Male,23,West,Referral,One year,Credit card,Standard,Fibre,Standard,6,81.01,367.98,263.6,522,1,212.1,26.0,2,1,0,0.0,No recent problems; user happy with plan. No action required.,0
CUST_000280,Female,20,West,Social,Two year,Bank transfer,Basic,Fibre,Priority,14,45.63,693.05,205.9,428,1,92.4,17.0,1,0,0,0.0,Account stable; no issues reported. Routine follow-up in 30 days.,0
CUST_000281,Male,28,North,Referral,Two year,Direct debit,Standard,Fibre,Standard,10,77.6,863.94,260.0,449,1,207.9,18.0,3,0,1,11.1,No recent problems; user happy with plan. Routine follow-up in 30 days.,0
CUST_000282,Male,22,South,Referral,Month-to-month,Bank transfer,Basic,DSL,Standard,56,48.09,2542.21,73.8,597,1,47.4,21.0,1,1,0,0.0,Customer satisfied with service; routine check completed. No action required.,1
CUST_000283,Female,43,North,Organic,Month-to-month,Direct debit,Standard,DSL,Standard,25,74.25,1945.22,125.2,908,1,43.6,53.0,1,1,0,0.0,Account stable; no issues reported. Continue monitoring.,0
CUST_000284,Female,34,South,Partner,Two year,Direct debit,Standard,Fibre,Priority,32,75.98,2304.11,202.2,476,0,275.5,8.0,3,0,0,0.0,All services working as expected; thank you note received. Continue monitoring.,1
CUST_000285,Female,37,North,Paid Search,Month-to-month,Direct debit,Standard,DSL,Standard,15,56.86,964.64,98.0,454,1,19.7,32.0,1,1,0,0.0,Account stable; no issues reported. Routine follow-up in 30 days.,0
CUST_000286,Female,57,East,Social,Two year,Cash,Standard,Fibre,Standard,72,67.56,4906.04,263.6,1002,0,206.9,18.0,0,0,0,0.0,Customer satisfied with service; routine check completed. Routine follow-up in 30 days.,0
CUST_000287,Female,69,North,Social,Two year,Bank transfer,Basic,Fibre,Priority,70,60.1,4309.42,239.8,834,0,165.6,15.0,0,1,0,0.0,No recent problems; user happy with plan. Feedback recorded.,0
CUST_000288,Female,23,North,Organic,Month-to-month,Direct debit,Basic,DSL,Priority,58,63.66,3702.63,24.5,611,2,62.5,54.0,0,0,1,23.0,All services working as expected; thank you note received. Feedback recorded.,0
CUST_000289,Male,60,South,Referral,Month-to-month,Credit card,Standard,DSL,Standard,40,52.75,2000.49,50.9,427,0,39.6,58.0,0,0,1,17.5,No recent problems; user happy with plan. Routine follow-up in 30 days.,0
CUST_000290,Male,37,West,Social,Two year,Direct debit,Standard,DSL,Standard,47,64.03,2982.16,126.1,517,2,54.9,35.0,1,0,0,0.0,Customer satisfied with service; routine check completed. Continue monitoring.,0
CUST_000291,Female,20,South,Paid Search,One year,Credit card,Basic,DSL,Standard,51,37.67,1854.03,36.5,366,1,69.8,53.0,1,2,0,0.0,Account stable; no issues reported. No action required.,0
CUST_000292,Male,47,East,Organic,Two year,Credit card,Basic,DSL,Standard,64,51.92,3583.28,103.1,518,0,52.8,37.0,0,2,0,0.0,Customer satisfied with service; routine check completed. Feedback recorded.,1
CUST_000293,Male,34,West,Organic,One year,Direct debit,Premium,5G_FWA,Standard,39,89.17,3297.83,203.7,510,0,224.8,40.0,0,1,1,8.5,Account stable; no issues reported. Continue monitoring.,0
CUST_000294,Male,40,South,Paid Search,Two year,Direct debit,Basic,Fibre,Priority,53,70.87,3849.55,210.7,738,3,96.8,13.0,0,0,0,0.0,Customer satisfied with service; routine check completed. Continue monitoring.,0
CUST_000295,Male,37,East,Organic,Month-to-month,Credit card,Premium,Fibre,Standard,49,99.99,4957.99,273.2,664,0,172.7,12.0,0,1,0,0.0,All services working as expected; thank you note received. Continue monitoring.,0
CUST_000296,Female,49,West,Referral,Month-to-month,Direct debit,Premium,Fibre,Priority,5,92.29,520.47,298.1,712,1,264.5,30.0,1,0,0,0.0,Customer satisfied with service; routine check completed. Continue monitoring.,0
CUST_000297,Female,18,East,Paid Search,Two year,Direct debit,Standard,DSL,Standard,24,62.65,1628.03,130.6,898,1,29.2,34.0,0,0,0,0.0,All services working as expected; thank you note received. No action required.,0
CUST_000298,Male,44,North,Partner,Month-to-month,Direct debit,Standard,Fibre,Standard,19,74.09,1446.23,223.2,675,2,206.1,29.0,0,1,1,21.1,All services working as expected; thank you note received. Continue monitoring.,0
CUST_000299,Female,30,West,Paid Search,Month-to-month,Bank transfer,Standard,None,Standard,28,38.76,1135.29,58.0,592,2,14.0,60.0,0,0,0,0.0,No recent problems; user happy with plan. Feedback recorded.,1
CUST_000300,Female,35,South,Social,Month-to-month,Credit card,Basic,Fibre,Priority,8,75.67,705.42,283.2,437,0,202.6,18.0,3,0,0,0.0,All services working as expected; thank you note received. Continue monitoring.,0
CUST_000301,Female,18,South,Organic,Month-to-month,Credit card,Standard,Fibre,Standard,9,75.37,663.55,187.8,249,0,210.8,11.0,1,0,0,0.0,Account stable; no issues reported. Routine follow-up in 30 days.,0
CUST_000302,Male,44,South,Organic,One year,Direct debit,Premium,5G_FWA,Standard,48,96.02,4512.47,179.3,105,0,147.7,36.0,2,0,0,0.0,All services working as expected; thank you note received. Routine follow-up in 30 days.,0
CUST_000303,Male,30,North,Organic,Month-to-month,Direct debit,Basic,Fibre,Standard,67,58.41,3989.84,278.8,592,0,142.9,29.0,1,0,0,0.0,No recent problems; user happy with plan. No action required.,0
CUST_000304,Female,30,South,Partner,Month-to-month,Cash,Premium,Fibre,Standard,9,101.86,779.56,292.7,413,1,132.7,5.0,2,3,0,0.0,All services working as expected; thank you note received. Routine follow-up in 30 days.,0
CUST_000305,Female,40,East,Paid Search,Two year,Direct debit,Basic,Fibre,Standard,8,65.99,363.38,227.6,582,0,218.8,15.0,2,0,1,14.2,Account stable; no issues reported. Feedback recorded.,0
CUST_000306,Male,18,East,Paid Search,Month-to-month,Direct debit,Premium,5G_FWA,Standard,5,79.62,341.12,196.8,364,0,139.9,24.0,0,0,0,0.0,All services working as expected; thank you note received. Routine follow-up in 30 days.,0
CUST_000307,Female,47,North,Social,One year,Credit card,Standard,Fibre,Priority,39,77.4,2997.28,283.1,554,2,128.6,18.0,1,1,0,0.0,Account stable; no issues reported. No action required.,0
CUST_000308,Male,40,North,Social,One year,Credit card,Basic,DSL,Standard,34,28.62,954.21,74.0,753,0,42.1,53.0,3,1,1,8.6,Account stable; no issues reported. Feedback recorded.,0
CUST_000309,Female,36,North,Partner,Month-to-month,Bank transfer,Basic,Fibre,Standard,19,60.21,1301.92,247.3,676,1,147.8,26.0,1,1,1,11.3,No recent problems; user happy with plan. Feedback recorded.,0
CUST_000310,Male,33,North,Partner,Two year,Direct debit,Standard,Fibre,Standard,29,71.55,2097.91,,661,2,180.4,26.0,3,2,0,0.0,Customer satisfied with service; routine check completed. Routine follow-up in 30 days.,0
CUST_000311,Female,55,East,Organic,Month-to-month,Direct debit,Basic,DSL,Priority,72,46.71,3248.26,0.0,638,2,46.7,41.0,1,1,0,0.0,No recent problems; user happy with plan. Continue monitoring.,0
CUST_000312,Male,30,East,Paid Search,Month-to-month,Direct debit,Premium,Fibre,Standard,5,94.48,290.46,373.2,553,0,187.3,14.0,1,2,0,0.0,Account stable; no issues reported. Continue monitoring.,0
CUST_000313,Female,45,North,Partner,Two year,Bank transfer,Standard,DSL,Standard,2,59.77,301.26,129.3,682,3,34.1,37.0,3,0,0,0.0,Customer satisfied with service; routine check completed. Routine follow-up in 30 days.,0
CUST_000314,Female,46,West,Paid Search,Two year,Cash,Basic,5G_FWA,Standard,58,43.45,2708.75,200.7,770,0,212.0,45.0,6,2,1,8.5,Customer satisfied with service; routine check completed. Routine follow-up in 30 days.,0
CUST_000315,Male,31,North,Organic,Month-to-month,Direct debit,Standard,DSL,Standard,0,77.26,0.0,191.4,659,0,62.1,32.0,3,2,1,10.4,All services working as expected; thank you note received. No action required.,0
CUST_000316,Female,46,West,Paid Search,One year,Bank transfer,Basic,None,Standard,44,35.95,1439.95,28.2,578,2,6.1,46.0,0,0,0,0.0,No recent problems; user happy with plan. Continue monitoring.,0
CUST_000317,Male,46,West,Social,Two year,Credit card,Basic,5G_FWA,Standard,68,69.67,4509.73,189.4,817,1,135.3,20.0,2,0,1,13.7,No recent problems; user happy with plan. Feedback recorded.,0
CUST_000318,Male,35,South,Organic,Month-to-month,Direct debit,Standard,DSL,Standard,0,66.83,85.36,87.1,301,0,30.9,31.0,2,1,0,0.0,No recent problems; user happy with plan. No action required.,0
CUST_000319,Male,38,West,Organic,Month-to-month,Bank transfer,Premium,Fibre,Priority,8,101.46,753.13,259.7,517,0,201.3,11.0,1,0,0,0.0,No recent problems; user happy with plan. Continue monitoring.,1
CUST_000320,Male,45,West,Partner,Two year,Credit card,Basic,Fibre,Standard,10,66.26,400.59,208.9,244,0,172.4,20.0,1,0,1,11.9,Account stable; no issues reported. No action required.,0
CUST_000321,Male,43,West,Paid Search,Month-to-month,Direct debit,Basic,None,Priority,67,44.22,2800.93,0.0,470,0,7.1,44.0,0,1,0,0.0,Customer satisfied with service; routine check completed. No action required.,0
CUST_000322,Female,34,East,Paid Search,Two year,Direct debit,Standard,DSL,Standard,68,62.52,4215.44,90.6,600,1,24.8,54.0,2,1,0,0.0,All services working as expected; thank you note received. Routine follow-up in 30 days.,0
CUST_000323,Female,51,South,Referral,Two year,Direct debit,Premium,5G_FWA,Standard,44,86.98,3874.69,225.2,720,0,182.8,30.0,1,1,0,0.0,All services working as expected; thank you note received. Routine follow-up in 30 days.,0
CUST_000324,Male,28,North,Organic,Month-to-month,Credit card,Basic,DSL,Standard,69,30.65,2111.98,88.9,333,0,30.1,47.0,1,0,1,8.3,Account stable; no issues reported. Continue monitoring.,1
CUST_000325,Male,46,West,Paid Search,One year,Direct debit,Basic,Fibre,Standard,28,57.73,1465.67,265.5,519,2,,6.0,5,1,0,0.0,Customer satisfied with service; routine check completed. Feedback recorded.,0
CUST_000326,Male,63,North,Organic,Two year,Direct debit,Standard,DSL,Priority,29,73.51,2143.72,139.8,535,1,38.4,30.0,0,1,0,0.0,Customer satisfied with service; routine check completed. Feedback recorded.,1
CUST_000327,Female,27,West,Referral,Month-to-month,Bank transfer,Standard,Fibre,Standard,24,77.17,1989.57,108.4,552,1,285.5,17.0,1,2,1,17.8,All services working as expected; thank you note received. Routine follow-up in 30 days.,0
CUST_000328,Male,47,East,Partner,One year,Direct debit,Premium,5G_FWA,Standard,37,87.92,3280.95,,492,3,212.0,38.0,1,0,1,13.0,Account stable; no issues reported. Routine follow-up in 30 days.,1
CUST_000329,Male,62,West,Organic,Month-to-month,Direct debit,Standard,DSL,Standard,18,60.91,1034.6,122.3,540,0,38.2,33.0,0,1,1,12.1,Account stable; no issues reported. Feedback recorded.,0
CUST_000330,Female,43,South,Paid Search,Month-to-month,Direct debit,Basic,Fibre,Standard,30,46.63,1259.83,168.6,613,0,78.1,17.0,1,1,0,0.0,All services working as expected; thank you note received. No action required.,0
CUST_000331,Male,34,South,Organic,Month-to-month,Direct debit,Basic,5G_FWA,Priority,1,59.74,176.97,171.1,611,1,131.7,30.0,0,1,0,0.0,Customer satisfied with service; routine check completed. Feedback recorded.,0
CUST_000332,Female,29,North,Partner,One year,Credit card,Standard,5G_FWA,Priority,16,74.79,1086.14,156.6,493,1,171.9,,1,1,0,0.0,Account stable; no issues reported. No action required.,0
CUST_000333,Female,25,North,Referral,Month-to-month,Credit card,Basic,5G_FWA,Standard,70,53.28,3545.36,128.8,727,0,126.1,45.0,1,1,0,0.0,No recent problems; user happy with plan. Continue monitoring.,0
CUST_000334,Male,44,West,Paid Search,Two year,Credit card,Standard,Fibre,Priority,70,82.65,5822.44,257.7,0,0,212.9,13.0,1,1,0,0.0,Customer satisfied with service; routine check completed. No action required.,0
CUST_000335,Male,41,East,Paid Search,Month-to-month,Bank transfer,Standard,DSL,Standard,30,70.1,1977.85,172.5,205,0,27.9,43.0,1,0,0,0.0,Account stable; no issues reported. Routine follow-up in 30 days.,0
CUST_000336,Male,23,North,Paid Search,One year,Direct debit,Premium,Fibre,Priority,30,95.18,3205.93,308.7,402,1,324.4,28.0,0,0,0,0.0,All services working as expected; thank you note received. Routine follow-up in 30 days.,0
CUST_000337,Male,34,East,Paid Search,Month-to-month,Direct debit,Premium,5G_FWA,Standard,46,103.5,4716.24,263.9,810,0,138.4,31.0,1,0,1,18.9,All services working as expected; thank you note received. No action required.,0
CUST_000338,Male,32,West,Partner,Month-to-month,Credit card,Basic,5G_FWA,Priority,33,61.04,2009.59,96.4,466,0,61.6,31.0,0,1,0,0.0,All services working as expected; thank you note received. No action required.,0
CUST_000339,Male,46,East,Referral,One year,Direct debit,Standard,Fibre,Standard,53,77.81,3827.1,244.2,164,2,235.8,26.0,2,2,1,20.0,Account stable; no issues reported. Feedback recorded.,0
CUST_000340,Male,25,South,Paid Search,Two year,Direct debit,Premium,Fibre,Priority,31,104.93,3527.66,361.8,696,0,76.2,10.0,3,1,0,0.0,All services working as expected; thank you note received. Routine follow-up in 30 days.,0
CUST_000341,Female,48,East,Organic,Month-to-month,Credit card,Premium,Fibre,Standard,23,85.59,2102.49,276.4,839,2,73.5,13.0,2,1,0,0.0,No recent problems; user happy with plan. Feedback recorded.,0
CUST_000342,Male,30,West,Paid Search,One year,Direct debit,Premium,DSL,Standard,58,,5331.45,266.3,519,2,59.1,35.0,2,2,1,23.6,No recent problems; user happy with plan. No action required.,0
CUST_000343,Male,26,South,Social,Month-to-month,Direct debit,Standard,Fibre,Standard,62,73.85,4492.84,379.1,31,0,340.7,21.0,1,1,0,0.0,No recent problems; user happy with plan. Continue monitoring.,0
CUST_000344,Female,38,North,Partner,One year,Direct debit,Premium,5G_FWA,Standard,23,85.95,1951.8,199.5,739,2,131.4,24.0,2,1,1,13.1,Account stable; no issues reported. No action required.,0
CUST_000345,Female,54,East,Partner,One year,Direct debit,Standard,Fibre,Standard,49,66.69,3255.94,,311,2,297.8,24.0,3,1,1,23.1,All services working as expected; thank you note received. Routine follow-up in 30 days.,0
CUST_000346,Female,44,North,Paid Search,Month-to-month,Direct debit,Standard,Fibre,Standard,29,71.61,2292.21,268.6,362,1,232.8,16.0,1,1,0,0.0,No recent problems; user happy with plan. No action required.,0
CUST_000347,Female,53,North,Referral,One year,Bank transfer,Premium,DSL,Standard,11,75.44,952.0,132.0,450,1,53.6,38.0,1,0,0,0.0,Customer satisfied with service; routine check completed. Feedback recorded.,0
CUST_000348,Female,45,East,Referral,Two year,Direct debit,Premium,5G_FWA,Standard,52,94.21,4862.85,299.2,714,1,150.7,42.0,1,0,0,0.0,No recent problems; user happy with plan. Feedback recorded.,0
CUST_000349,Female,30,North,Paid Search,One year,Credit card,Standard,Fibre,Standard,17,79.86,1289.53,272.6,636,2,233.0,11.0,1,1,1,7.9,Customer satisfied with service; routine check completed. Feedback recorded.,0
CUST_000350,Female,41,North,Organic,Two year,Credit card,Basic,Fibre,Standard,61,51.3,3210.17,244.3,714,1,172.6,21.0,1,0,1,9.1,All services working as expected; thank you note received. Feedback recorded.,0
CUST_000351,Female,39,South,Paid Search,Month-to-month,Direct debit,Standard,Fibre,Priority,43,67.15,3057.95,281.1,504,0,68.4,17.0,0,1,1,16.0,Customer satisfied with service; routine check completed. No action required.,0
CUST_000352,Female,36,North,Organic,Month-to-month,Credit card,Premium,Fibre,Priority,27,102.92,2820.84,125.9,525,0,259.9,18.0,5,4,0,0.0,Customer requested plan review; offered options. Ticket logged.,1
CUST_000353,Male,50,West,Organic,One year,Direct debit,Standard,Fibre,Priority,13,84.3,957.37,280.4,614,2,,12.0,1,0,0,0.0,Customer satisfied with service; routine check completed. Feedback recorded.,0
CUST_000354,Female,63,West,Partner,Month-to-month,Credit card,Standard,Fibre,Priority,37,81.51,2855.36,213.1,405,0,217.9,24.0,0,1,0,0.0,Customer satisfied with service; routine check completed. Routine follow-up in 30 days.,0
CUST_000355,Female,31,South,Organic,Month-to-month,Credit card,Basic,5G_FWA,Priority,67,61.44,3873.02,159.7,405,2,194.7,24.0,2,0,1,14.5,Customer satisfied with service; routine check completed. Feedback recorded.,0
CUST_000356,Male,50,South,Organic,Month-to-month,Credit card,Premium,DSL,Priority,55,83.99,4645.3,127.4,493,1,42.9,21.0,1,0,0,0.0,Customer satisfied with service; routine check completed. Continue monitoring.,0
CUST_000357,Male,41,South,Partner,Month-to-month,Direct debit,Premium,Fibre,Standard,70,93.83,6482.05,253.7,594,0,214.7,15.0,1,3,0,0.0,All services working as expected; thank you note received. Routine follow-up in 30 days.,0
CUST_000358,Female,37,North,Partner,One year,Direct debit,Basic,Fibre,Standard,9,56.25,610.4,200.8,502,0,337.4,19.0,2,1,0,0.0,No recent problems; user happy with plan. Routine follow-up in 30 days.,0
CUST_000359,Male,25,North,Social,Month-to-month,Direct debit,Standard,Fibre,Standard,65,62.72,4022.44,249.3,435,3,,22.0,4,0,0,0.0,All services working as expected; thank you note received. Routine follow-up in 30 days.,0
CUST_000360,Male,29,North,Organic,Month-to-month,Direct debit,Standard,5G_FWA,Standard,61,81.98,4800.6,117.9,335,0,98.5,45.0,1,0,0,0.0,No recent problems; user happy with plan. Routine follow-up in 30 days.,0
CUST_000361,Female,34,North,Social,Month-to-month,Credit card,Premium,Fibre,Standard,27,94.27,2497.21,277.1,829,2,74.2,26.0,1,1,0,0.0,No recent problems; user happy with plan. No action required.,1
CUST_000362,Female,26,East,Organic,Month-to-month,Cash,Standard,5G_FWA,Standard,22,74.97,1763.91,158.7,409,0,220.7,35.0,0,0,0,0.0,All services working as expected; thank you note received. Routine follow-up in 30 days.,0
CUST_000363,Female,42,North,Organic,Month-to-month,Direct debit,Standard,DSL,Priority,49,78.47,3786.47,180.1,361,1,54.3,63.0,3,0,0,0.0,Account stable; no issues reported. Feedback recorded.,0
CUST_000364,Female,37,North,Organic,Two year,Credit card,Basic,DSL,Priority,60,60.91,3698.24,103.1,499,0,45.6,38.0,3,0,1,11.4,All services working as expected; thank you note received. Continue monitoring.,0
CUST_000365,Male,40,West,Organic,One year,Direct debit,Standard,DSL,Standard,55,63.28,3413.32,115.1,722,2,76.3,32.0,1,0,0,0.0,Customer satisfied with service; routine check completed. No action required.,0
CUST_000366,Female,36,North,Paid Search,One year,Credit card,Premium,Fibre,Standard,35,88.83,3140.36,227.3,552,1,238.9,25.0,1,1,1,7.3,Customer satisfied with service; routine check completed. Routine follow-up in 30 days.,0
CUST_000367,Female,55,North,Paid Search,Month-to-month,Cash,Basic,DSL,Standard,23,45.88,1179.31,127.6,434,0,85.7,37.0,1,0,1,5.2,All services working as expected; thank you note received. Feedback recorded.,0
CUST_000368,Male,25,South,Paid Search,One year,Direct debit,Basic,Fibre,Standard,6,39.84,,189.0,295,2,214.7,,1,1,1,22.9,Customer satisfied with service; routine check completed. Feedback recorded.,0
CUST_000369,Male,22,West,Partner,Month-to-month,Credit card,Standard,Fibre,Standard,11,131.75,925.01,303.1,391,1,159.8,15.0,1,1,1,6.1,Customer satisfied with service; routine check completed. Continue monitoring.,0
CUST_000370,Male,29,North,Organic,Month-to-month,Direct debit,Standard,Fibre,Standard,12,74.85,936.7,324.2,728,0,247.9,26.0,2,0,1,17.0,All services working as expected; thank you note received. No action required.,0
CUST_000371,Female,20,North,Paid Search,Month-to-month,Credit card,Standard,DSL,Standard,27,65.01,1683.57,114.5,551,1,50.4,42.0,1,0,1,11.2,All services working as expected; thank you note received. No action required.,0
CUST_000372,Female,40,West,Partner,Month-to-month,Bank transfer,Standard,5G_FWA,Standard,9,86.7,841.75,206.3,479,1,127.7,34.0,1,0,1,13.1,No recent problems; user happy with plan. Routine follow-up in 30 days.,0
CUST_000373,Female,18,West,Partner,Month-to-month,Cash,Standard,5G_FWA,Standard,38,87.71,3333.63,211.0,653,0,134.8,35.0,2,1,1,20.4,Customer satisfied with service; routine check completed. Continue monitoring.,0
CUST_000374,Male,41,South,Referral,Month-to-month,Credit card,Basic,Fibre,Priority,13,65.73,914.97,198.6,359,1,190.8,15.0,1,0,0,0.0,No recent problems; user happy with plan. Continue monitoring.,0
CUST_000375,Female,54,North,Paid Search,Two year,Direct debit,Basic,5G_FWA,Priority,45,70.98,3289.34,135.1,706,1,183.6,,0,1,1,22.0,Customer satisfied with service; routine check completed. Feedback recorded.,0
CUST_000376,Female,53,South,Partner,Month-to-month,Credit card,Standard,Fibre,Standard,66,67.38,4357.72,,84,1,286.1,14.0,1,1,0,0.0,All services working as expected; thank you note received. Continue monitoring.,0
CUST_000377,Male,29,West,Social,One year,Direct debit,Premium,Fibre,Standard,47,99.67,4642.58,250.7,618,2,286.7,12.0,2,1,0,0.0,Customer satisfied with service; routine check completed. Routine follow-up in 30 days.,0
CUST_000378,Female,18,East,Referral,Month-to-month,Credit card,Standard,5G_FWA,Standard,7,82.24,877.81,201.4,466,0,77.3,31.0,1,1,0,0.0,No recent problems; user happy with plan. Continue monitoring.,0
CUST_000379,Male,67,South,Social,One year,Direct debit,Basic,DSL,Standard,59,37.25,2269.34,101.3,485,1,55.4,54.0,1,1,0,0.0,Customer satisfied with service; routine check completed. Feedback recorded.,0
CUST_000380,Male,18,West,Paid Search,Two year,Direct debit,Premium,Fibre,Priority,47,97.09,4680.25,311.3,490,1,192.8,18.0,3,2,0,0.0,Billing query raised; resolved via support. Follow-up recommended.,1
CUST_000381,Male,30,East,Organic,One year,Direct debit,Premium,DSL,Standard,67,89.9,6112.35,107.2,147,0,50.6,30.0,2,1,0,0.0,No recent problems; user happy with plan. Continue monitoring.,0
CUST_000382,Female,38,South,Paid Search,Month-to-month,Bank transfer,Standard,5G_FWA,Standard,37,80.2,3208.17,206.0,898,1,122.4,42.0,1,0,0,0.0,All services working as expected; thank you note received. No action required.,0
CUST_000383,Male,23,West,Organic,Two year,Direct debit,Premium,Fibre,Standard,31,101.43,3288.68,312.8,278,0,330.6,11.0,0,0,0,0.0,Customer satisfied with service; routine check completed. Continue monitoring.,0
CUST_000384,Male,30,North,Organic,Month-to-month,Direct debit,Standard,DSL,Standard,52,74.43,3805.7,22.1,559,0,31.4,37.0,0,3,1,15.3,No recent problems; user happy with plan. Continue monitoring.,0
CUST_000385,Female,56,North,Paid Search,Month-to-month,Credit card,Premium,5G_FWA,Standard,69,96.16,6658.9,293.2,381,0,153.2,41.0,1,0,0,0.0,No recent problems; user happy with plan. No action required.,1
CUST_000386,Female,53,South,Organic,Month-to-month,Cash,Standard,Fibre,Standard,37,75.75,2749.24,268.3,672,3,143.7,22.0,3,0,1,8.6,Customer mentioned intermittent issues; advised restart and monitoring. Ticket logged.,1
CUST_000387,Female,30,South,Organic,Month-to-month,Direct debit,Standard,Fibre,Standard,46,79.42,3636.97,262.9,362,1,231.8,18.0,1,1,1,16.6,Account stable; no issues reported. Feedback recorded.,0
CUST_000388,Female,35,East,Paid Search,Month-to-month,Direct debit,Standard,5G_FWA,Standard,63,70.54,4465.4,139.9,901,0,129.7,36.0,2,0,1,22.2,Customer satisfied with service; routine check completed. No action required.,0
CUST_000389,Male,53,West,Organic,Two year,Credit card,Standard,DSL,Standard,65,69.81,4650.51,102.6,192,0,40.3,37.0,3,2,0,0.0,Customer satisfied with service; routine check completed. Routine follow-up in 30 days.,0
CUST_000390,Male,29,South,Organic,Month-to-month,Direct debit,Basic,Fibre,Standard,6,58.49,316.45,289.0,550,0,166.0,15.0,2,0,0,0.0,All services working as expected; thank you note received. Continue monitoring.,1
CUST_000391,Female,18,North,Paid Search,Month-to-month,Direct debit,Premium,5G_FWA,Standard,3,90.41,304.65,245.9,654,4,196.8,35.0,0,3,0,0.0,Customer mentioned intermittent issues; advised restart and monitoring. Follow-up recommended.,1
CUST_000392,Female,56,East,Referral,Two year,Direct debit,Basic,5G_FWA,Standard,54,46.81,2497.27,173.5,388,1,82.5,35.0,0,0,1,24.7,Customer satisfied with service; routine check completed. No action required.,0
CUST_000393,Female,27,North,Organic,Month-to-month,Credit card,Standard,5G_FWA,Priority,51,85.72,4228.66,165.6,268,0,214.8,47.0,2,1,1,19.1,All services working as expected; thank you note received. Continue monitoring.,0
CUST_000394,Male,18,West,Partner,One year,Credit card,Standard,DSL,Standard,8,73.76,553.19,87.7,276,1,58.6,40.0,3,1,1,23.4,Customer satisfied with service; routine check completed. Feedback recorded.,1
CUST_000395,Female,45,East,Partner,Two year,Bank transfer,Standard,Fibre,Standard,28,73.14,1977.02,260.0,493,2,347.0,21.0,1,1,0,0.0,Customer satisfied with service; routine check completed. Routine follow-up in 30 days.,0
CUST_000396,Female,46,East,Paid Search,Month-to-month,Direct debit,Basic,DSL,Priority,22,57.13,1301.73,91.9,560,1,54.5,25.0,2,0,0,0.0,Customer satisfied with service; routine check completed. Feedback recorded.,1
CUST_000397,Male,59,East,Social,One year,Direct debit,Basic,Fibre,Standard,8,,218.67,296.6,625,0,177.5,27.0,1,0,0,0.0,All services working as expected; thank you note received. No action required.,0
CUST_000398,Male,65,West,Partner,One year,Credit card,Standard,Fibre,Standard,38,75.73,2929.5,263.5,473,1,239.4,20.0,3,1,0,0.0,All services working as expected; thank you note received. Feedback recorded.,0
CUST_000399,Male,30,North,Paid Search,Month-to-month,Direct debit,Standard,Fibre,Priority,18,71.11,1213.9,258.5,323,2,218.1,29.0,0,0,1,16.9,All services working as expected; thank you note received. Routine follow-up in 30 days.,0
CUST_000400,Male,18,South,Organic,Month-to-month,Bank transfer,Standard,Fibre,Priority,33,96.48,3303.09,288.6,514,1,174.0,19.0,4,2,0,0.0,Customer satisfied with service; routine check completed. Continue monitoring.,0
CUST_000401,Female,47,South,Partner,Month-to-month,Direct debit,Basic,DSL,Priority,38,56.13,2085.31,93.2,770,2,12.7,38.0,1,0,1,8.9,Customer satisfied with service; routine check completed. Continue monitoring.,0
CUST_000402,Female,45,South,Paid Search,One year,Direct debit,Standard,5G_FWA,Priority,4,67.48,433.31,116.9,1104,2,118.7,36.0,1,1,0,0.0,No recent problems; user happy with plan. Routine follow-up in 30 days.,0
CUST_000403,Female,43,North,Social,Month-to-month,Bank transfer,Basic,Fibre,Standard,18,73.95,1312.03,283.2,553,0,152.0,15.0,0,0,0,0.0,Customer satisfied with service; routine check completed. Continue monitoring.,0
CUST_000404,Male,25,North,Organic,Month-to-month,Direct debit,Standard,None,Standard,51,56.2,2652.21,32.8,846,0,8.1,38.0,0,2,1,14.0,Customer satisfied with service; routine check completed. Continue monitoring.,0
CUST_000405,Male,24,East,Referral,Two year,Direct debit,Standard,Fibre,Standard,45,78.29,3528.39,277.7,493,2,228.2,23.0,2,0,1,21.6,Customer satisfied with service; routine check completed. Routine follow-up in 30 days.,0
CUST_000406,Male,37,South,Partner,One year,Credit card,Standard,DSL,Standard,24,68.54,1736.68,172.8,594,0,44.5,39.0,3,1,0,0.0,Account stable; no issues reported. No action required.,0
CUST_000407,Male,26,West,Paid Search,Two year,Bank transfer,Basic,Fibre,Standard,35,48.69,1756.37,204.6,777,0,139.5,22.0,2,3,0,0.0,No recent problems; user happy with plan. Continue monitoring.,0
CUST_000408,Male,27,East,Organic,Month-to-month,Direct debit,Basic,DSL,Standard,27,42.68,1116.0,99.7,580,1,36.4,36.0,6,3,1,21.3,Customer mentioned intermittent issues; advised restart and monitoring. Monitor for 7 days.,1
CUST_000409,Male,25,West,Organic,Month-to-month,Direct debit,Basic,5G_FWA,Priority,70,64.5,4425.77,110.8,582,0,85.5,34.0,1,1,1,16.7,All services working as expected; thank you note received. Continue monitoring.,0
CUST_000410,Male,44,East,Social,Month-to-month,Bank transfer,Premium,Fibre,Standard,13,95.86,1334.81,348.2,999,3,290.1,13.0,0,0,0,0.0,Customer satisfied with service; routine check completed. Routine follow-up in 30 days.,0
CUST_000411,Male,18,West,Organic,One year,Direct debit,Basic,5G_FWA,Standard,46,60.44,2889.47,158.0,488,0,117.8,44.0,1,3,0,0.0,Account stable; no issues reported. Feedback recorded.,1
CUST_000412,Male,50,North,Paid Search,Two year,Bank transfer,Standard,5G_FWA,Standard,55,59.6,3314.36,306.9,267,0,124.9,42.0,1,1,0,0.0,No recent problems; user happy with plan. Feedback recorded.,0
CUST_000413,Female,30,North,Paid Search,Month-to-month,Credit card,Standard,Fibre,Standard,18,57.53,1000.69,184.6,425,0,197.2,24.0,2,0,0,0.0,No recent problems; user happy with plan. Continue monitoring.,0
CUST_000414,Male,21,North,Organic,One year,Direct debit,Basic,Fibre,Standard,9,70.47,376.91,197.4,731,1,277.6,18.0,1,0,0,0.0,Customer satisfied with service; routine check completed. Continue monitoring.,0
CUST_000415,Male,44,South,Social,One year,Credit card,Standard,DSL,Standard,62,58.42,3747.57,100.5,568,1,52.4,61.0,1,0,0,0.0,Customer satisfied with service; routine check completed. No action required.,0
CUST_000416,Female,23,North,Partner,Month-to-month,Direct debit,Basic,Fibre,Standard,19,48.42,882.09,239.7,746,1,250.8,16.0,0,1,0,0.0,Account stable; no issues reported. Routine follow-up in 30 days.,0
CUST_000417,Male,43,West,Organic,Two year,Credit card,Standard,Fibre,Standard,41,86.5,3462.26,234.7,823,0,320.4,15.0,0,1,0,0.0,No recent problems; user happy with plan. Routine follow-up in 30 days.,0
CUST_000418,Female,43,North,Organic,Two year,Credit card,Premium,Fibre,Standard,16,92.95,1563.67,259.4,523,2,239.4,16.0,3,2,0,0.0,Account stable; no issues reported. Continue monitoring.,0
CUST_000419,Female,31,West,Organic,One year,Bank transfer,Premium,5G_FWA,Standard,15,89.43,1286.22,300.0,495,1,170.4,35.0,0,1,1,19.1,All services working as expected; thank you note received. Feedback recorded.,0
CUST_000420,Male,40,South,Partner,Month-to-month,Credit card,Basic,5G_FWA,Standard,66,58.31,3777.5,104.9,682,2,99.9,26.0,1,0,0,0.0,Account stable; no issues reported. Routine follow-up in 30 days.,0
CUST_000421,Female,31,West,Paid Search,Month-to-month,Direct debit,Premium,None,Standard,42,71.28,3128.02,118.9,631,2,12.4,75.0,2,1,1,10.7,No recent problems; user happy with plan. No action required.,1
CUST_000422,Male,18,South,Paid Search,One year,Bank transfer,Standard,Fibre,Standard,64,81.02,5103.2,701.8,881,0,166.6,30.0,0,0,1,23.8,All services working as expected; thank you note received. No action required.,0
CUST_000423,Female,51,East,Paid Search,One year,Direct debit,Premium,Fibre,Standard,39,104.88,3956.13,331.7,447,1,213.2,19.0,1,0,1,11.7,Customer satisfied with service; routine check completed. Feedback recorded.,0
CUST_000424,Male,33,East,Organic,Month-to-month,Direct debit,Premium,DSL,Standard,62,88.66,5400.33,191.1,534,0,39.6,52.0,0,1,0,0.0,No recent problems; user happy with plan. Continue monitoring.,0
CUST_000425,Female,51,South,Organic,Month-to-month,Credit card,Standard,Fibre,Standard,9,64.48,649.93,313.5,266,1,335.0,10.0,0,1,1,12.4,All services working as expected; thank you note received. Routine follow-up in 30 days.,0
CUST_000426,Female,39,East,Organic,One year,Bank transfer,Premium,Fibre,Standard,42,87.75,3511.45,276.3,636,1,179.8,17.0,1,1,0,0.0,No recent problems; user happy with plan. No action required.,1
CUST_000427,Female,30,South,Partner,Two year,Credit card,Standard,Fibre,Standard,7,69.49,528.99,259.4,537,0,203.4,15.0,0,0,1,11.9,All services working as expected; thank you note received. Routine follow-up in 30 days.,0
CUST_000428,Female,60,North,Social,Month-to-month,Direct debit,Standard,Fibre,Standard,17,86.64,1495.86,,837,0,218.0,30.0,0,2,1,15.2,No recent problems; user happy with plan. Feedback recorded.,0
CUST_000429,Male,46,West,Referral,One year,Bank transfer,Basic,Fibre,Standard,25,59.32,1572.09,178.6,421,0,257.3,28.0,0,0,0,0.0,Account stable; no issues reported. Continue monitoring.,0
CUST_000430,Female,36,North,Organic,One year,Credit card,Basic,5G_FWA,Standard,18,54.76,1106.78,190.2,388,0,104.7,32.0,0,0,1,17.3,No recent problems; user happy with plan. Feedback recorded.,1
CUST_000431,Female,29,North,Paid Search,Month-to-month,Bank transfer,Standard,DSL,Priority,61,74.48,4354.68,234.7,554,1,49.3,36.0,1,0,1,11.5,No recent problems; user happy with plan. No action required.,0
CUST_000432,Female,71,North,Partner,Month-to-month,Direct debit,Premium,DSL,Priority,13,97.24,1216.16,133.9,801,2,59.5,43.0,0,1,1,19.2,Account stable; no issues reported. No action required.,1
CUST_000433,Male,45,East,Organic,Month-to-month,Bank transfer,Basic,Fibre,Standard,17,48.75,842.87,251.4,573,1,304.2,21.0,0,0,0,0.0,No recent problems; user happy with plan. Feedback recorded.,0
CUST_000434,Female,52,East,Social,Two year,Credit card,Premium,Fibre,Standard,19,91.97,1732.76,317.7,115,2,293.4,10.0,2,3,1,23.2,All services working as expected; thank you note received. Routine follow-up in 30 days.,0
CUST_000435,Male,28,East,Organic,One year,Credit card,Basic,Fibre,Standard,38,61.04,2271.7,152.0,913,1,331.6,21.0,2,0,1,14.4,All services working as expected; thank you note received. Continue monitoring.,0
CUST_000436,Male,32,West,Organic,Two year,Direct debit,Standard,Fibre,Standard,43,73.41,3147.85,200.7,0,0,178.0,14.0,1,2,1,10.0,Customer satisfied with service; routine check completed. Continue monitoring.,0
CUST_000437,Female,46,South,Organic,Month-to-month,Direct debit,Basic,Fibre,Standard,40,44.76,1540.1,259.4,547,1,185.3,21.0,1,1,0,0.0,Customer satisfied with service; routine check completed. Feedback recorded.,0
CUST_000438,Female,53,South,Organic,Month-to-month,Credit card,Standard,Fibre,Priority,50,82.01,4154.85,171.6,634,0,314.8,13.0,1,0,0,0.0,Customer satisfied with service; routine check completed. Routine follow-up in 30 days.,0
CUST_000439,Male,27,East,Organic,Two year,Direct debit,Standard,Fibre,Priority,46,87.65,3817.8,,529,0,248.2,8.0,1,0,1,21.4,Customer satisfied with service; routine check completed. Continue monitoring.,0
CUST_000440,Male,40,South,Social,Two year,Direct debit,Standard,Fibre,Standard,28,79.36,2096.79,281.8,244,0,303.5,19.0,0,1,0,0.0,All services working as expected; thank you note received. Feedback recorded.,0
CUST_000441,Male,42,North,Organic,Month-to-month,Bank transfer,Standard,DSL,Standard,44,58.56,2348.93,28.4,511,1,34.2,24.0,4,4,0,0.0,All services working as expected; thank you note received. Continue monitoring.,0
CUST_000442,Male,30,West,Partner,Month-to-month,Direct debit,Standard,Fibre,Standard,65,67.54,4403.68,302.9,182,1,244.2,17.0,0,0,1,14.5,No recent problems; user happy with plan. Feedback recorded.,0
CUST_000443,NonBinary,46,East,Partner,Two year,Bank transfer,Premium,5G_FWA,Standard,16,88.21,1542.5,179.7,262,0,169.2,36.0,0,0,1,14.0,All services working as expected; thank you note received. Routine follow-up in 30 days.,0
CUST_000444,Male,39,South,Organic,Two year,Credit card,Basic,Fibre,Standard,2,54.92,64.87,255.7,1040,1,265.1,24.0,1,1,1,21.0,Account stable; no issues reported. Continue monitoring.,0
CUST_000445,Male,23,West,Organic,Month-to-month,Direct debit,Standard,Fibre,Standard,64,68.77,4320.9,231.8,459,2,111.6,23.0,1,1,0,0.0,All services working as expected; thank you note received. Continue monitoring.,1
CUST_000446,Male,47,West,Organic,Two year,Credit card,Standard,5G_FWA,Standard,1,68.19,0.15,230.6,481,3,97.3,29.0,2,1,0,0.0,Customer satisfied with service; routine check completed. Continue monitoring.,0
CUST_000447,Male,44,North,Social,Two year,Cash,Premium,Fibre,Standard,15,87.54,1608.72,281.4,490,1,263.3,7.0,1,0,1,10.9,No recent problems; user happy with plan. Routine follow-up in 30 days.,0
CUST_000448,Male,48,East,Organic,Two year,Direct debit,Basic,DSL,Standard,38,44.68,1598.99,25.1,579,1,44.8,40.0,2,0,0,0.0,No recent problems; user happy with plan. No action required.,0
CUST_000449,Female,57,East,Paid Search,Month-to-month,Direct debit,Premium,DSL,Standard,53,86.8,4618.97,187.3,889,2,71.4,43.0,3,1,0,0.0,All services working as expected; thank you note received. Feedback recorded.,0
CUST_000450,Male,18,South,Social,Month-to-month,Credit card,Basic,DSL,Priority,7,63.89,306.54,84.2,572,1,55.7,46.0,1,0,1,18.0,All services working as expected; thank you note received. No action required.,0
CUST_000451,Male,20,South,Social,Two year,Direct debit,Premium,DSL,Standard,57,69.58,3919.1,218.1,733,0,15.5,40.0,0,0,0,0.0,Customer satisfied with service; routine check completed. No action required.,0
CUST_000452,Female,42,North,Social,Month-to-month,Direct debit,Standard,Fibre,Standard,72,69.79,5262.95,225.9,825,2,189.5,15.0,2,0,0,0.0,No recent problems; user happy with plan. Continue monitoring.,0
CUST_000453,Female,20,West,Paid Search,One year,Direct debit,Standard,DSL,Standard,48,59.44,3038.21,9.6,555,1,51.5,27.0,0,0,0,0.0,No recent problems; user happy with plan. Continue monitoring.,0
CUST_000454,Male,49,East,Organic,Month-to-month,Bank transfer,Standard,Fibre,Priority,41,83.72,3489.92,149.6,239,1,176.2,24.0,0,0,0,0.0,All services working as expected; thank you note received. Continue monitoring.,0
CUST_000455,Female,31,South,Paid Search,Month-to-month,Direct debit,Standard,5G_FWA,Standard,22,66.4,1484.41,122.7,249,0,111.0,36.0,1,0,0,0.0,Customer satisfied with service; routine check completed. Continue monitoring.,0
CUST_000456,Male,50,East,Paid Search,Month-to-month,Direct debit,Standard,None,Standard,19,57.38,931.24,57.8,410,0,7.6,31.0,1,1,1,13.9,Customer satisfied with service; routine check completed. Continue monitoring.,1
CUST_000457,Male,41,West,Paid Search,Month-to-month,Direct debit,Premium,Fibre,Standard,6,93.04,743.71,164.0,350,0,221.9,28.0,1,0,0,0.0,No recent problems; user happy with plan. Routine follow-up in 30 days.,1
CUST_000458,NonBinary,45,West,Paid Search,Month-to-month,Direct debit,Standard,5G_FWA,Standard,48,74.15,3621.22,276.6,543,0,131.1,29.0,0,1,0,0.0,All services working as expected; thank you note received. No action required.,0
CUST_000459,Male,34,West,Organic,Month-to-month,Direct debit,Standard,Fibre,Standard,1,69.54,181.26,247.1,491,0,221.7,19.0,1,0,0,0.0,All services working as expected; thank you note received. Routine follow-up in 30 days.,0
CUST_000460,Female,33,East,Organic,One year,Credit card,Premium,DSL,Standard,6,72.79,387.47,155.1,763,1,83.1,61.0,2,1,0,0.0,No recent problems; user happy with plan. Feedback recorded.,1
CUST_000461,Male,56,North,Paid Search,Month-to-month,Direct debit,Premium,Fibre,Standard,53,90.19,4791.9,350.5,636,0,234.6,14.0,1,0,1,18.8,Customer satisfied with service; routine check completed. No action required.,0
CUST_000462,Male,41,East,Organic,Month-to-month,Credit card,Standard,Fibre,Priority,66,89.53,5809.4,225.7,732,3,182.2,24.0,0,0,0,0.0,Customer satisfied with service; routine check completed. Routine follow-up in 30 days.,1
CUST_000463,Female,49,North,Organic,Two year,Credit card,Standard,5G_FWA,Standard,58,73.96,4198.89,226.4,428,0,84.5,40.0,1,0,1,6.0,No recent problems; user happy with plan. No action required.,0
CUST_000464,Male,23,East,Paid Search,Month-to-month,Direct debit,Standard,5G_FWA,Standard,2,62.18,310.79,239.9,323,0,131.0,40.0,1,2,1,6.9,No recent problems; user happy with plan. Continue monitoring.,0
CUST_000465,Female,37,North,Organic,One year,Bank transfer,Standard,5G_FWA,Standard,68,64.65,4392.5,215.4,72,0,206.3,40.0,0,0,1,16.3,All services working as expected; thank you note received. Feedback recorded.,0
CUST_000466,Female,28,East,Partner,One year,Direct debit,Basic,Fibre,Priority,26,73.45,1945.85,235.9,528,0,306.7,6.0,2,0,0,0.0,All services working as expected; thank you note received. Routine follow-up in 30 days.,0
CUST_000467,Male,49,South,Organic,Two year,Credit card,Standard,5G_FWA,Standard,41,74.33,3153.5,248.5,443,2,198.2,40.0,1,1,0,0.0,Account stable; no issues reported. No action required.,0
CUST_000468,Female,42,North,Paid Search,Month-to-month,Direct debit,Basic,Fibre,Standard,56,55.83,3012.44,249.3,440,1,204.6,11.0,0,2,1,13.9,Customer satisfied with service; routine check completed. Continue monitoring.,0
CUST_000469,Male,43,East,Paid Search,Month-to-month,Credit card,Standard,DSL,Standard,43,64.74,2495.68,123.2,568,0,39.8,46.0,0,0,0,0.0,All services working as expected; thank you note received. Routine follow-up in 30 days.,1
CUST_000470,Male,53,South,Organic,Month-to-month,Direct debit,Basic,Fibre,Standard,20,47.6,806.85,129.0,165,0,205.6,6.0,0,3,0,0.0,Customer satisfied with service; routine check completed. No action required.,0
CUST_000471,Male,29,South,Paid Search,Month-to-month,Credit card,Standard,DSL,Priority,44,82.01,3535.49,161.6,423,0,31.6,28.0,2,1,1,17.6,All services working as expected; thank you note received. No action required.,0
CUST_000472,Female,34,West,Organic,Month-to-month,Direct debit,Premium,Fibre,Standard,19,88.46,1852.38,338.5,316,1,276.0,22.0,1,0,0,0.0,No recent problems; user happy with plan. Continue monitoring.,0
CUST_000473,Female,43,North,Paid Search,Month-to-month,Bank transfer,Standard,DSL,Standard,69,66.45,4376.34,136.4,708,0,14.0,59.0,1,1,0,0.0,Customer satisfied with service; routine check completed. Continue monitoring.,0
CUST_000474,Female,31,West,Paid Search,Month-to-month,Direct debit,Premium,DSL,Standard,38,92.7,3516.81,3.3,572,2,58.7,33.0,0,1,1,15.0,Account stable; no issues reported. No action required.,0
CUST_000475,Female,44,South,Organic,Month-to-month,Direct debit,Standard,None,Standard,54,43.15,2287.12,43.1,531,1,9.0,59.0,2,1,0,0.0,Account stable; no issues reported. Routine follow-up in 30 days.,0
CUST_000476,Male,22,East,Organic,Two year,Credit card,Premium,Fibre,Standard,41,103.56,4306.34,338.6,680,1,292.0,33.0,1,4,0,0.0,All services working as expected; thank you note received. Feedback recorded.,0
CUST_000477,Female,21,North,Social,One year,Credit card,Basic,DSL,Standard,17,56.71,982.23,102.1,656,1,67.4,30.0,1,0,1,21.9,Customer satisfied with service; routine check completed. Feedback recorded.,0
CUST_000478,Male,31,East,Paid Search,Month-to-month,Direct debit,Standard,5G_FWA,Standard,59,79.66,4787.68,135.2,613,1,142.9,27.0,0,0,0,0.0,All services working as expected; thank you note received. Continue monitoring.,0
CUST_000479,Female,55,South,Organic,Month-to-month,Cash,Standard,Fibre,Standard,33,,2408.6,322.8,525,0,99.6,19.0,3,1,0,0.0,Customer satisfied with service; routine check completed. Continue monitoring.,1
CUST_000480,Male,30,West,Organic,Month-to-month,Credit card,Premium,DSL,Priority,10,104.78,1306.02,127.7,286,1,31.8,52.0,2,2,0,0.0,Customer mentioned intermittent issues; advised restart and monitoring. Ticket logged.,1
CUST_000481,Female,39,South,Social,Month-to-month,Credit card,Standard,DSL,Standard,61,75.81,4488.93,113.7,875,1,27.3,41.0,1,0,1,7.3,No recent problems; user happy with plan. Feedback recorded.,0
CUST_000482,Male,54,South,Referral,One year,Direct debit,Premium,DSL,Priority,15,90.19,,136.0,345,0,62.8,50.0,1,2,1,5.0,All services working as expected; thank you note received. Feedback recorded.,0
CUST_000483,Male,24,East,Organic,One year,Credit card,Standard,None,Standard,3,53.51,126.36,3.6,142,0,2.8,69.0,0,0,1,23.8,Customer satisfied with service; routine check completed. Routine follow-up in 30 days.,0
CUST_000484,Female,46,West,Paid Search,Month-to-month,Direct debit,Basic,None,Standard,27,31.31,949.2,28.0,820,3,4.7,81.0,0,1,0,0.0,No recent problems; user happy with plan. Continue monitoring.,0
CUST_000485,Male,30,West,Partner,Two year,Direct debit,Basic,None,Standard,47,25.9,1278.06,0.0,658,3,5.7,46.0,1,0,1,12.5,Customer satisfied with service; routine check completed. Continue monitoring.,0
CUST_000486,Female,30,East,Paid Search,Month-to-month,Direct debit,Standard,Fibre,Standard,68,73.5,5008.13,325.9,704,0,210.5,7.0,1,2,0,0.0,Account stable; no issues reported. Feedback recorded.,0
CUST_000487,NonBinary,58,South,Organic,Month-to-month,Credit card,Basic,Fibre,Standard,51,51.35,2397.39,205.4,511,0,328.7,19.0,1,1,0,0.0,Customer satisfied with service; routine check completed. Feedback recorded.,0
CUST_000488,Male,41,West,Referral,Month-to-month,Direct debit,Standard,5G_FWA,Standard,7,68.47,634.25,199.0,197,1,28.4,42.0,1,1,0,0.0,Account stable; no issues reported. Routine follow-up in 30 days.,0
CUST_000489,Male,25,South,Organic,Month-to-month,Direct debit,Standard,Fibre,Standard,40,73.0,2951.39,265.8,390,0,223.6,17.0,2,1,1,22.7,Account stable; no issues reported. No action required.,0
CUST_000490,Male,51,East,Paid Search,Two year,Direct debit,Standard,Fibre,Standard,30,68.32,2209.14,245.4,703,0,169.9,26.0,1,0,0,0.0,No recent problems; user happy with plan. No action required.,0
CUST_000491,Female,37,West,Organic,Month-to-month,Direct debit,Standard,DSL,Standard,30,67.63,2051.08,161.5,453,0,56.6,44.0,0,0,0,0.0,All services working as expected; thank you note received. Feedback recorded.,0
CUST_000492,NonBinary,28,North,Referral,Two year,Direct debit,Basic,None,Priority,7,45.42,388.49,0.0,694,0,12.3,43.0,1,0,1,11.1,Account stable; no issues reported. Continue monitoring.,0
CUST_000493,Female,51,South,Paid Search,One year,Direct debit,Premium,Fibre,Priority,16,91.48,1338.92,267.9,184,1,151.1,22.0,2,0,0,0.0,Customer satisfied with service; routine check completed. Feedback recorded.,0
CUST_000494,NonBinary,37,South,Referral,One year,Direct debit,Premium,Fibre,Standard,21,99.32,1972.01,298.7,64,0,188.7,14.0,0,0,0,0.0,All services working as expected; thank you note received. Continue monitoring.,0
CUST_000495,Male,62,North,Organic,Two year,Credit card,Standard,Fibre,Standard,64,66.94,4274.8,321.9,551,0,308.3,18.0,1,0,1,17.8,All services working as expected; thank you note received. Feedback recorded.,0
CUST_000496,Male,62,North,Social,Month-to-month,Direct debit,Basic,Fibre,Standard,69,49.12,3436.62,305.3,1152,1,218.6,6.0,0,0,0,0.0,Customer satisfied with service; routine check completed. Feedback recorded.,0
CUST_000497,Female,31,South,Partner,Month-to-month,Direct debit,Premium,DSL,Standard,37,78.93,2809.63,223.5,239,0,46.9,52.0,0,1,0,0.0,No recent problems; user happy with plan. Routine follow-up in 30 days.,1
CUST_000498,Female,18,South,Paid Search,One year,Direct debit,Standard,DSL,Standard,34,61.3,2033.2,186.1,463,2,51.2,33.0,1,1,1,10.4,No recent problems; user happy with plan. Routine follow-up in 30 days.,0
CUST_000499,NonBinary,45,North,Partner,One year,Credit card,Standard,None,Priority,63,70.54,4398.66,1.5,433,0,9.9,58.0,0,1,1,7.5,No recent problems; user happy with plan. Feedback recorded.,0
CUST_000500,Female,30,West,Organic,Two year,Bank transfer,Standard,None,Standard,69,53.05,3695.66,30.4,758,1,9.4,,2,2,1,6.4,Customer satisfied with service; routine check completed. Routine follow-up in 30 days.,0
CUST_000501,Male,18,East,Organic,One year,Direct debit,Basic,Fibre,Standard,3,48.78,182.15,285.2,246,0,236.0,19.0,0,0,0,0.0,All services working as expected; thank you note received. No action required.,0
CUST_000502,Female,39,East,Organic,Two year,Credit card,Premium,Fibre,Standard,37,100.58,3786.08,330.0,395,1,142.7,20.0,1,1,0,0.0,Customer satisfied with service; routine check completed. Continue monitoring.,0
CUST_000503,Male,32,East,Paid Search,Month-to-month,Bank transfer,Basic,5G_FWA,Standard,37,58.83,,134.6,475,2,112.2,27.0,3,2,1,22.0,All services working as expected; thank you note received. No action required.,0
CUST_000504,Male,33,North,Referral,Month-to-month,Credit card,Standard,DSL,Standard,17,56.24,831.34,28.5,321,1,30.5,25.0,2,0,0,0.0,No recent problems; user happy with plan. Routine follow-up in 30 days.,0
CUST_000505,Female,34,East,Paid Search,One year,Direct debit,Premium,Fibre,Priority,5,119.89,583.08,228.1,356,0,,21.0,2,1,0,0.0,All services working as expected; thank you note received. Continue monitoring.,0
CUST_000506,Male,21,West,Paid Search,Two year,Credit card,Premium,Fibre,Standard,59,106.03,6208.14,339.0,625,1,203.2,18.0,2,1,1,14.0,Customer satisfied with service; routine check completed. Feedback recorded.,0
CUST_000507,Female,38,East,Paid Search,Month-to-month,Credit card,Standard,Fibre,Standard,69,73.25,5025.44,213.0,785,0,143.5,8.0,1,1,1,24.9,Account stable; no issues reported. Continue monitoring.,0
CUST_000508,Female,40,North,Organic,One year,Credit card,Standard,5G_FWA,Standard,55,83.09,4407.37,177.8,981,3,142.6,27.0,0,0,1,17.1,Customer satisfied with service; routine check completed. Continue monitoring.,1
CUST_000509,Female,44,West,Organic,One year,Direct debit,Standard,Fibre,Priority,23,82.93,1650.9,220.5,404,2,59.5,15.0,5,2,0,0.0,Customer satisfied with service; routine check completed. Feedback recorded.,0
CUST_000510,Male,33,East,Organic,Month-to-month,Direct debit,Standard,Fibre,Standard,3,67.88,178.36,294.9,326,0,329.1,16.0,2,0,0,0.0,Customer satisfied with service; routine check completed. Routine follow-up in 30 days.,0
CUST_000511,Female,32,South,Organic,One year,Direct debit,Premium,Fibre,Standard,50,101.58,4912.9,241.2,566,0,278.2,15.0,0,0,1,16.2,Customer satisfied with service; routine check completed. Routine follow-up in 30 days.,0
CUST_000512,Male,19,East,Partner,Month-to-month,Bank transfer,Standard,Fibre,Standard,65,86.12,5475.82,338.6,546,0,229.6,16.0,4,1,1,7.4,All services working as expected; thank you note received. Continue monitoring.,0
CUST_000513,Female,57,North,Organic,Month-to-month,Direct debit,Basic,Fibre,Standard,64,63.44,4130.54,306.6,655,4,256.9,21.0,1,2,1,23.1,Account stable; no issues reported. No action required.,0
CUST_000514,Male,31,North,Paid Search,Month-to-month,Cash,Premium,5G_FWA,Standard,66,98.03,6297.42,131.7,464,2,51.8,48.0,3,0,1,20.8,Customer satisfied with service; routine check completed. Continue monitoring.,0
CUST_000515,Female,45,North,Paid Search,One year,Credit card,Standard,Fibre,Standard,22,75.85,1713.68,214.2,276,2,266.8,15.0,1,1,1,8.9,Customer satisfied with service; routine check completed. No action required.,0
CUST_000516,Male,42,East,Referral,Two year,Direct debit,Standard,DSL,Standard,21,68.1,1447.51,169.3,252,1,39.9,33.0,2,1,1,21.7,All services working as expected; thank you note received. Feedback recorded.,0
CUST_000517,Male,27,West,Organic,One year,Direct debit,Basic,Fibre,Priority,17,63.1,1296.6,182.0,249,0,309.3,17.0,1,0,0,0.0,No recent problems; user happy with plan. Continue monitoring.,0
CUST_000518,NonBinary,24,East,Paid Search,Two year,Direct debit,Premium,DSL,Standard,47,82.14,3718.57,230.8,343,0,38.8,31.0,2,0,0,0.0,All services working as expected; thank you note received. Routine follow-up in 30 days.,1
CUST_000519,Male,50,South,Organic,Month-to-month,Bank transfer,Premium,Fibre,Standard,24,96.14,2493.86,362.9,145,0,109.0,22.0,0,0,0,0.0,Account stable; no issues reported. Feedback recorded.,0
CUST_000520,Female,53,North,Paid Search,One year,Bank transfer,Standard,Fibre,Standard,32,70.91,2279.92,172.3,436,1,144.1,22.0,2,1,0,0.0,All services working as expected; thank you note received. Continue monitoring.,0
CUST_000521,Female,21,East,Social,Month-to-month,Direct debit,Basic,DSL,Priority,56,65.02,3656.51,67.0,170,0,47.6,26.0,1,0,0,0.0,All services working as expected; thank you note received. Continue monitoring.,0
CUST_000522,Female,46,West,Organic,Two year,Credit card,Premium,Fibre,Standard,39,93.29,3533.65,372.2,785,2,250.1,19.0,2,0,0,0.0,No recent problems; user happy with plan. Continue monitoring.,0
CUST_000523,Male,49,North,Partner,One year,Bank transfer,Standard,Fibre,Priority,44,81.68,3450.01,278.0,745,3,288.2,19.0,0,1,0,0.0,No recent problems; user happy with plan. No action required.,0
CUST_000524,Female,41,East,Paid Search,Month-to-month,Direct debit,Basic,DSL,Standard,33,38.27,1228.64,73.0,731,2,51.2,70.0,2,0,0,0.0,Customer satisfied with service; routine check completed. Routine follow-up in 30 days.,0
CUST_000525,Male,18,East,Paid Search,Month-to-month,Direct debit,Standard,Fibre,Standard,62,78.13,4908.31,190.2,462,0,244.9,25.0,2,0,0,0.0,No recent problems; user happy with plan. Routine follow-up in 30 days.,0
CUST_000526,Female,49,West,Paid Search,Month-to-month,Direct debit,Basic,Fibre,Priority,70,59.85,4383.0,175.6,445,1,167.2,5.0,0,0,0,0.0,Account stable; no issues reported. No action required.,0
CUST_000527,Female,63,North,Social,Month-to-month,Credit card,Premium,Fibre,Standard,36,101.72,3412.0,311.4,474,0,224.8,10.0,2,0,0,0.0,All services working as expected; thank you note received. No action required.,0
CUST_000528,Male,23,South,Paid Search,Month-to-month,Credit card,Premium,5G_FWA,Standard,2,98.42,48.34,254.7,467,1,249.4,28.0,2,0,1,15.8,Account stable; no issues reported. Routine follow-up in 30 days.,0
CUST_000529,Female,57,East,Partner,Month-to-month,Direct debit,Basic,DSL,Priority,15,49.78,561.04,184.3,482,1,63.2,50.0,0,0,0,0.0,Account stable; no issues reported. Continue monitoring.,1
CUST_000530,Female,21,East,Paid Search,Month-to-month,Credit card,Premium,Fibre,Priority,19,104.58,,321.3,522,0,200.5,14.0,1,0,1,9.6,Account stable; no issues reported. Continue monitoring.,1
CUST_000531,Male,22,South,Referral,One year,Direct debit,Premium,5G_FWA,Standard,24,102.34,2559.68,184.2,156,0,96.7,49.0,2,2,0,0.0,No recent problems; user happy with plan. Continue monitoring.,0
CUST_000532,Male,52,West,Partner,Month-to-month,Bank transfer,Standard,Fibre,Standard,1,77.71,91.75,244.5,551,1,268.5,17.0,0,0,0,0.0,No recent problems; user happy with plan. Continue monitoring.,0
CUST_000533,Female,35,West,Paid Search,Two year,Direct debit,Basic,Fibre,Standard,13,62.0,600.65,208.6,662,2,185.4,13.0,2,0,0,0.0,Customer satisfied with service; routine check completed. Continue monitoring.,0
CUST_000534,Female,43,North,Organic,Two year,Direct debit,Standard,5G_FWA,Standard,13,89.95,1296.82,279.0,297,0,189.3,30.0,1,0,0,0.0,All services working as expected; thank you note received. No action required.,0
CUST_000535,Male,40,East,Organic,Month-to-month,Bank transfer,Standard,5G_FWA,Standard,14,77.42,1089.15,177.3,670,1,59.6,31.0,1,0,0,0.0,Account stable; no issues reported. No action required.,0
CUST_000536,Female,49,South,Paid Search,Month-to-month,Credit card,Standard,Fibre,Standard,19,80.05,1523.44,357.7,907,2,215.4,18.0,1,3,1,7.2,Customer satisfied with service; routine check completed. Routine follow-up in 30 days.,0
CUST_000537,Male,33,East,Social,One year,Bank transfer,Standard,Fibre,Standard,9,75.21,738.26,249.7,460,0,312.3,14.0,2,0,0,0.0,No recent problems; user happy with plan. Continue monitoring.,0
CUST_000538,Male,45,East,Organic,Month-to-month,Credit card,Premium,DSL,Standard,69,78.06,5523.55,164.0,625,0,42.1,64.0,2,1,1,21.8,Customer satisfied with service; routine check completed. Routine follow-up in 30 days.,0
CUST_000539,Male,32,West,Referral,Two year,Cash,Basic,DSL,Standard,70,51.85,3610.47,125.5,309,0,34.6,34.0,4,4,0,0.0,All services working as expected; thank you note received. Continue monitoring.,0
CUST_000540,Female,22,West,Organic,One year,Direct debit,Basic,DSL,Standard,63,42.59,2550.13,103.6,469,1,64.0,30.0,1,1,0,0.0,Account stable; no issues reported. Routine follow-up in 30 days.,0
CUST_000541,Female,22,East,Partner,Month-to-month,Direct debit,Basic,Fibre,Standard,56,57.97,3280.06,326.4,697,1,210.1,15.0,3,1,1,24.5,Account stable; no issues reported. Routine follow-up in 30 days.,0
CUST_000542,Female,36,East,Organic,Two year,Direct debit,Basic,Fibre,Priority,9,81.42,886.39,299.9,373,1,205.8,21.0,5,2,1,10.4,Account stable; no issues reported. Feedback recorded.,0
CUST_000543,Male,50,South,Social,Month-to-month,Bank transfer,Basic,Fibre,Standard,45,61.52,2862.31,286.7,434,0,270.4,30.0,0,0,1,18.0,Account stable; no issues reported. Continue monitoring.,0
CUST_000544,Male,18,West,Partner,Two year,Direct debit,Standard,Fibre,Priority,54,90.41,4755.92,232.7,430,0,159.7,22.0,2,0,1,20.3,All services working as expected; thank you note received. Continue monitoring.,0
CUST_000545,Male,45,West,Social,Two year,Credit card,Basic,Fibre,Standard,14,61.52,746.49,212.8,279,0,207.1,5.0,2,0,0,0.0,Customer satisfied with service; routine check completed. Continue monitoring.,0
CUST_000546,Male,44,South,Paid Search,Two year,Bank transfer,Basic,Fibre,Priority,65,56.91,3718.22,,691,2,266.1,14.0,1,0,0,0.0,Customer satisfied with service; routine check completed. Continue monitoring.,0
CUST_000547,Male,30,South,Paid Search,Month-to-month,Direct debit,Standard,Fibre,Standard,40,66.39,2757.91,244.0,239,0,201.7,12.0,1,1,0,0.0,Customer satisfied with service; routine check completed. No action required.,0
CUST_000548,Female,18,South,Organic,Month-to-month,Cash,Standard,Fibre,Standard,15,82.38,,228.1,532,1,217.0,18.0,1,1,0,0.0,No recent problems; user happy with plan. Feedback recorded.,0
CUST_000549,Male,55,West,Organic,One year,Credit card,Basic,Fibre,Standard,7,65.84,614.22,234.1,84,0,231.8,23.0,2,0,0,0.0,Account stable; no issues reported. Continue monitoring.,0
CUST_000550,Male,18,North,Organic,Two year,Direct debit,Basic,Fibre,Standard,21,61.85,1272.7,343.9,325,1,252.6,23.0,0,2,0,0.0,Customer satisfied with service; routine check completed. No action required.,0
CUST_000551,Male,29,East,Organic,One year,Direct debit,Standard,Fibre,Priority,22,91.13,1818.67,249.0,566,0,282.4,17.0,1,0,1,16.8,No recent problems; user happy with plan. Feedback recorded.,1
CUST_000552,Female,40,East,Referral,Month-to-month,Direct debit,Basic,DSL,Standard,42,37.39,1475.65,181.3,624,2,41.3,67.0,3,0,0,0.0,No recent problems; user happy with plan. No action required.,0
CUST_000553,Male,49,East,Organic,Month-to-month,Direct debit,Standard,DSL,Priority,3,69.52,262.78,73.8,459,0,72.6,41.0,0,0,0,0.0,Customer satisfied with service; routine check completed. Feedback recorded.,0
CUST_000554,Female,30,East,Organic,Month-to-month,Direct debit,Basic,DSL,Standard,57,37.3,2130.21,143.3,331,0,27.3,38.0,2,1,1,7.2,Account stable; no issues reported. No action required.,0
CUST_000555,Male,39,West,Partner,Month-to-month,Direct debit,Premium,Fibre,Standard,54,88.86,4848.08,282.1,699,1,225.8,7.0,1,0,1,20.2,No recent problems; user happy with plan. No action required.,0
CUST_000556,Male,46,East,Organic,Month-to-month,Direct debit,Standard,Fibre,Standard,36,79.41,2725.78,206.4,933,1,248.7,17.0,1,0,1,19.1,All services working as expected; thank you note received. Continue monitoring.,0
CUST_000557,Female,37,North,Organic,Month-to-month,Bank transfer,Basic,DSL,Standard,3,47.66,,165.8,209,1,65.9,44.0,0,0,0,0.0,No recent problems; user happy with plan. Feedback recorded.,0
CUST_000558,Female,23,West,Partner,One year,Bank transfer,Basic,Fibre,Priority,30,49.3,1471.09,228.5,617,1,204.1,13.0,2,0,0,0.0,All services working as expected; thank you note received. Continue monitoring.,0
CUST_000559,Female,21,East,Partner,Month-to-month,Direct debit,Standard,DSL,Priority,0,72.94,0.0,197.9,649,1,32.4,54.0,1,1,0,0.0,All services working as expected; thank you note received. Routine follow-up in 30 days.,0
CUST_000560,Male,21,West,Organic,Two year,Bank transfer,Standard,5G_FWA,Standard,8,67.74,447.96,207.8,292,0,199.6,35.0,1,0,0,0.0,Account stable; no issues reported. No action required.,0
CUST_000561,Male,38,North,Referral,Month-to-month,Direct debit,Standard,None,Standard,66,61.48,4203.61,6.4,647,0,7.3,42.0,2,1,1,9.0,Account stable; no issues reported. No action required.,0
CUST_000562,Female,41,South,Organic,Two year,Direct debit,Standard,DSL,Priority,28,71.81,2019.32,105.5,238,0,52.5,39.0,1,0,0,0.0,Account stable; no issues reported. Routine follow-up in 30 days.,0
CUST_000563,Female,21,North,Partner,Month-to-month,Direct debit,Basic,Fibre,Standard,53,68.94,3681.71,248.9,391,1,219.6,19.0,4,0,0,0.0,All services working as expected; thank you note received. Continue monitoring.,0
CUST_000564,Male,48,East,Partner,One year,Direct debit,Basic,Fibre,Standard,57,50.94,2953.66,268.3,610,3,97.0,10.0,2,0,1,22.6,Account stable; no issues reported. Continue monitoring.,0
CUST_000565,Male,30,West,Paid Search,One year,Credit card,Basic,None,Standard,31,22.02,,0.0,330,0,7.8,56.0,1,3,1,17.7,Speed occasionally slow at peak times; suggested troubleshooting. Ticket logged.,1
CUST_000566,Male,18,North,Referral,Month-to-month,Direct debit,Basic,Fibre,Standard,49,53.78,2759.98,,285,2,209.5,12.0,1,0,0,0.0,Customer satisfied with service; routine check completed. Continue monitoring.,0
CUST_000567,Male,66,South,Paid Search,Month-to-month,Credit card,Basic,Fibre,Priority,11,53.08,327.1,248.4,628,1,230.3,24.0,1,2,0,0.0,No recent problems; user happy with plan. Feedback recorded.,0
CUST_000568,Male,37,West,Referral,Two year,Direct debit,Basic,Fibre,Priority,30,51.26,1721.89,269.8,314,0,249.7,19.0,3,0,1,13.0,Account stable; no issues reported. Routine follow-up in 30 days.,0
CUST_000569,Male,34,North,Paid Search,Month-to-month,Credit card,Standard,Fibre,Standard,63,68.78,4357.97,225.1,153,0,219.9,21.0,3,3,0,0.0,Account stable; no issues reported. No action required.,0
CUST_000570,Male,41,North,Partner,Month-to-month,Credit card,Standard,5G_FWA,Standard,11,72.98,841.13,90.7,361,1,280.9,23.0,0,0,1,21.0,No recent problems; user happy with plan. No action required.,0
CUST_000571,Male,60,North,Partner,Month-to-month,Direct debit,Premium,Fibre,Standard,51,98.97,5131.39,294.0,0,0,268.1,22.0,2,0,0,0.0,No recent problems; user happy with plan. Routine follow-up in 30 days.,1
CUST_000572,Male,45,North,Organic,Month-to-month,Direct debit,Standard,Fibre,Standard,19,69.05,1380.02,257.0,351,0,241.1,17.0,0,0,1,18.0,All services working as expected; thank you note received. Feedback recorded.,0
CUST_000573,Male,49,North,Partner,Month-to-month,Credit card,Standard,Fibre,Standard,44,76.08,3473.27,263.8,219,1,228.9,11.0,0,0,1,14.4,Account stable; no issues reported. Continue monitoring.,0
CUST_000574,Male,44,West,Organic,Month-to-month,Direct debit,Standard,Fibre,Standard,41,88.47,,231.9,413,1,236.0,151.0,1,0,0,0.0,All services working as expected; thank you note received. Continue monitoring.,0
CUST_000575,Female,45,South,Paid Search,Month-to-month,Direct debit,Basic,Fibre,Standard,40,62.96,2595.92,235.6,387,1,192.8,14.0,0,1,0,0.0,No recent problems; user happy with plan. Feedback recorded.,1
CUST_000576,Female,30,South,Organic,One year,Direct debit,Premium,Fibre,Standard,3,89.67,353.82,235.4,371,1,285.3,13.0,0,1,1,16.7,All services working as expected; thank you note received. Feedback recorded.,0
CUST_000577,Female,68,East,Organic,One year,Direct debit,Standard,DSL,Standard,68,65.81,4481.84,130.8,817,1,48.8,31.0,1,0,0,0.0,Customer satisfied with service; routine check completed. Continue monitoring.,0
CUST_000578,Female,28,East,Social,Month-to-month,Direct debit,Standard,Fibre,Priority,4,84.96,368.91,149.6,258,0,192.8,17.0,1,1,0,0.0,Customer satisfied with service; routine check completed. Routine follow-up in 30 days.,0
CUST_000579,Female,18,West,Social,One year,Direct debit,Standard,DSL,Standard,42,58.86,2177.24,22.7,337,0,68.0,55.0,0,0,0,0.0,No recent problems; user happy with plan. No action required.,0
CUST_000580,Male,57,North,Paid Search,Month-to-month,Bank transfer,Basic,DSL,Priority,22,50.64,1394.91,57.9,746,0,30.0,48.0,2,0,0,0.0,Account stable; no issues reported. Routine follow-up in 30 days.,0
CUST_000581,Male,48,South,Paid Search,Month-to-month,Bank transfer,Basic,Fibre,Priority,53,69.72,3911.05,317.1,342,1,179.7,17.0,1,0,0,0.0,Customer satisfied with service; routine check completed. Routine follow-up in 30 days.,0
CUST_000582,Female,23,North,Paid Search,Month-to-month,Credit card,Basic,Fibre,Standard,13,69.6,1010.57,257.7,417,0,149.8,20.0,1,0,1,21.3,All services working as expected; thank you note received. Continue monitoring.,0
CUST_000583,Female,36,North,Partner,Month-to-month,Direct debit,Standard,Fibre,Standard,21,78.98,1577.93,285.8,708,1,247.3,6.0,0,0,0,0.0,All services working as expected; thank you note received. Feedback recorded.,0
CUST_000584,Male,31,East,Referral,Two year,Credit card,Premium,5G_FWA,Standard,36,94.51,3389.03,268.7,397,1,172.6,23.0,0,0,0,0.0,No recent problems; user happy with plan. Feedback recorded.,0
CUST_000585,Male,19,North,Partner,Month-to-month,Bank transfer,Standard,Fibre,Standard,54,88.11,4830.22,336.1,807,0,274.7,15.0,1,0,1,24.3,Account stable; no issues reported. No action required.,0
CUST_000586,Male,38,West,Organic,Month-to-month,Direct debit,Premium,None,Standard,18,66.32,1011.09,30.9,657,2,8.4,49.0,0,2,0,0.0,All services working as expected; thank you note received. Continue monitoring.,0
CUST_000587,Male,39,East,Organic,Month-to-month,Credit card,Basic,DSL,Standard,14,49.96,520.26,137.1,592,0,57.4,47.0,2,0,0,0.0,Customer satisfied with service; routine check completed. Routine follow-up in 30 days.,0
CUST_000588,Male,28,North,Referral,Two year,Direct debit,Basic,DSL,Standard,64,42.3,2718.65,149.9,610,2,58.4,39.0,0,0,0,0.0,All services working as expected; thank you note received. Continue monitoring.,1
CUST_000589,Male,51,East,Organic,Month-to-month,Credit card,Basic,5G_FWA,Standard,15,45.0,357.83,112.2,518,2,152.0,28.0,1,1,1,11.9,All services working as expected; thank you note received. No action required.,0
CUST_000590,Male,36,East,Paid Search,One year,Credit card,Standard,Fibre,Standard,39,70.03,2747.31,299.6,272,0,261.6,8.0,3,0,0,0.0,No recent problems; user happy with plan. Continue monitoring.,0
CUST_000591,Female,59,South,Organic,Month-to-month,Direct debit,Premium,DSL,Priority,24,91.25,2196.83,230.2,242,0,25.7,36.0,0,0,0,0.0,Customer satisfied with service; routine check completed. No action required.,0
CUST_000592,Male,70,East,Social,Month-to-month,Credit card,Basic,Fibre,Standard,53,52.14,2677.67,285.3,680,0,203.6,12.0,0,0,0,0.0,Account stable; no issues reported. Feedback recorded.,0
CUST_000593,Female,21,South,Referral,Month-to-month,Direct debit,Basic,None,Priority,65,39.3,2523.52,56.7,657,2,11.1,43.0,2,0,1,6.3,No recent problems; user happy with plan. Continue monitoring.,0
CUST_000594,Female,66,East,Organic,One year,Credit card,Standard,DSL,Standard,36,57.33,2222.93,43.4,266,1,30.1,57.0,3,1,1,6.9,No recent problems; user happy with plan. Routine follow-up in 30 days.,0
CUST_000595,Female,43,West,Partner,Month-to-month,Bank transfer,Basic,Fibre,Standard,23,65.12,1459.77,239.7,659,0,351.2,29.0,2,0,0,0.0,No recent problems; user happy with plan. No action required.,0
CUST_000596,Female,74,South,Referral,Two year,Direct debit,Premium,DSL,Standard,2,95.2,85.81,144.6,233,0,36.3,49.0,3,1,0,0.0,Customer satisfied with service; routine check completed. No action required.,0
CUST_000597,Male,18,South,Organic,Month-to-month,Bank transfer,Basic,DSL,Standard,46,47.11,2323.56,124.4,283,1,38.2,62.0,1,0,0,0.0,All services working as expected; thank you note received. Feedback recorded.,1
CUST_000598,Female,39,East,Social,Month-to-month,Direct debit,Premium,Fibre,Standard,4,78.2,429.27,323.2,998,1,153.8,13.0,0,0,0,0.0,All services working as expected; thank you note received. No action required.,0
CUST_000599,Female,54,West,Partner,One year,Credit card,Standard,DSL,Standard,24,62.84,1586.02,123.4,546,1,40.4,47.0,1,0,1,21.3,No recent problems; user happy with plan. Continue monitoring.,0
CUST_000600,Female,43,South,Organic,Month-to-month,Direct debit,Basic,5G_FWA,Standard,62,51.16,3144.51,94.5,761,0,29.3,29.0,0,0,0,0.0,No recent problems; user happy with plan. Routine follow-up in 30 days.,0
CUST_000601,Female,31,South,Partner,Month-to-month,Credit card,Standard,5G_FWA,Priority,59,77.7,4717.58,246.4,631,1,200.1,42.0,2,1,0,0.0,Customer satisfied with service; routine check completed. Routine follow-up in 30 days.,0
CUST_000602,Male,18,North,Organic,Month-to-month,Cash,Basic,None,Standard,44,26.91,1302.67,0.0,610,0,5.8,93.0,0,1,0,0.0,Account stable; no issues reported. Continue monitoring.,1
CUST_000603,Male,52,North,Paid Search,One year,Bank transfer,Standard,5G_FWA,Priority,7,79.16,673.44,163.0,600,3,149.3,49.0,0,0,0,0.0,Customer satisfied with service; routine check completed. Continue monitoring.,0
CUST_000604,Female,39,East,Partner,Month-to-month,Direct debit,Standard,DSL,Standard,15,64.08,883.09,168.4,592,1,43.8,32.0,0,0,1,6.0,No recent problems; user happy with plan. Continue monitoring.,0
CUST_000605,Male,36,West,Organic,Two year,Direct debit,Basic,Fibre,Standard,48,48.88,2219.23,203.1,875,1,181.0,20.0,2,2,0,0.0,No recent problems; user happy with plan. Continue monitoring.,0
CUST_000606,Female,45,East,Organic,One year,Bank transfer,Premium,Fibre,Standard,41,90.55,3837.7,283.8,573,0,278.1,17.0,0,0,0,0.0,No recent problems; user happy with plan. No action required.,0
CUST_000607,Female,31,East,Referral,Two year,Credit card,Standard,Fibre,Standard,66,80.02,,309.8,521,1,204.4,17.0,0,0,0,0.0,All services working as expected; thank you note received. Feedback recorded.,0
CUST_000608,Male,57,South,Partner,Month-to-month,Direct debit,Basic,Fibre,Priority,12,69.84,739.93,117.5,845,0,222.6,13.0,2,1,0,0.0,Customer satisfied with service; routine check completed. Routine follow-up in 30 days.,0
CUST_000609,Female,38,West,Paid Search,Month-to-month,Bank transfer,Premium,Fibre,Standard,41,104.31,4336.84,265.4,319,2,173.1,11.0,0,1,1,16.5,All services working as expected; thank you note received. Continue monitoring.,0
CUST_000610,Female,50,East,Partner,Month-to-month,Credit card,Premium,Fibre,Priority,5,88.92,429.45,302.5,773,1,276.9,16.0,1,1,1,6.8,Account stable; no issues reported. Feedback recorded.,0
CUST_000611,Female,50,North,Social,Month-to-month,Direct debit,Premium,Fibre,Standard,38,90.18,3392.33,378.2,784,6,149.3,12.0,4,0,1,8.2,Customer mentioned intermittent issues; advised restart and monitoring. Ticket logged.,1
CUST_000612,Female,29,North,Organic,Two year,Credit card,Standard,Fibre,Standard,1,71.01,159.12,229.4,431,0,213.5,14.0,2,2,0,0.0,All services working as expected; thank you note received. Routine follow-up in 30 days.,0
CUST_000613,Female,27,North,Organic,Two year,Direct debit,Standard,Fibre,Priority,22,92.91,2047.03,,658,2,120.7,24.0,3,0,0,0.0,Customer satisfied with service; routine check completed. Feedback recorded.,0
CUST_000614,Female,55,North,Partner,One year,Credit card,Standard,5G_FWA,Standard,29,55.99,1582.89,123.3,542,0,124.4,35.0,0,0,0,0.0,No recent problems; user happy with plan. Feedback recorded.,0
CUST_000615,Female,21,South,Referral,One year,Direct debit,Standard,DSL,Priority,13,71.79,1016.8,176.2,330,1,28.7,45.0,2,0,0,0.0,Account stable; no issues reported. Continue monitoring.,1
CUST_000616,Female,30,South,Partner,One year,Bank transfer,Premium,Fibre,Standard,2,89.51,82.79,397.2,993,0,6.4,9.0,2,1,1,20.5,All services working as expected; thank you note received. Continue monitoring.,0
CUST_000617,Female,57,North,Organic,One year,Credit card,Basic,DSL,Standard,41,47.29,1945.59,229.4,818,1,49.9,29.0,3,0,1,23.4,Account stable; no issues reported. No action required.,0
CUST_000618,Male,21,South,Organic,Two year,Bank transfer,Premium,Fibre,Standard,58,94.59,5600.81,320.6,497,2,289.5,13.0,2,0,1,24.5,No recent problems; user happy with plan. Feedback recorded.,0
CUST_000619,Female,32,South,Referral,Month-to-month,Credit card,Basic,Fibre,Standard,34,58.21,2073.72,354.6,378,0,337.6,18.0,1,1,1,19.0,Customer satisfied with service; routine check completed. Routine follow-up in 30 days.,0
CUST_000620,Female,32,East,Referral,Month-to-month,Credit card,Premium,Fibre,Priority,46,99.27,4608.04,349.2,660,1,191.4,21.0,0,0,1,6.2,Account stable; no issues reported. Continue monitoring.,0
CUST_000621,Male,54,North,Partner,One year,Bank transfer,Basic,5G_FWA,Priority,60,78.94,4708.16,149.1,616,0,,24.0,1,0,0,0.0,All services working as expected; thank you note received. Continue monitoring.,0
CUST_000622,Male,48,South,Organic,Month-to-month,Direct debit,Standard,Fibre,Priority,22,76.1,1737.88,369.5,130,0,244.7,11.0,1,1,1,17.1,Account stable; no issues reported. Continue monitoring.,0
CUST_000623,NonBinary,48,West,Partner,Month-to-month,Direct debit,Standard,Fibre,Standard,48,83.85,4025.72,292.5,160,1,129.0,25.0,0,1,0,0.0,Account stable; no issues reported. Continue monitoring.,0
CUST_000624,Female,43,South,Referral,One year,Direct debit,Basic,Fibre,Standard,47,43.98,1783.0,261.7,768,2,125.7,8.0,2,3,1,9.9,Customer satisfied with service; routine check completed. No action required.,0
CUST_000625,Male,41,West,Organic,Month-to-month,Credit card,Basic,Fibre,Standard,14,62.89,831.44,212.8,381,1,229.2,16.0,2,1,1,16.2,Account stable; no issues reported. No action required.,0
CUST_000626,Male,42,South,Paid Search,One year,Direct debit,Standard,Fibre,Priority,43,83.51,3473.2,276.1,461,0,208.6,24.0,0,0,0,0.0,Customer satisfied with service; routine check completed. Routine follow-up in 30 days.,0
CUST_000627,Female,45,East,Organic,Month-to-month,Credit card,Standard,Fibre,Standard,15,76.02,1249.68,242.4,161,0,185.4,,6,1,1,11.6,All services working as expected; thank you note received. Feedback recorded.,1
CUST_000628,Male,18,South,Organic,Month-to-month,Credit card,Standard,5G_FWA,Standard,54,70.04,,152.6,383,0,119.1,30.0,0,0,0,0.0,Customer satisfied with service; routine check completed. Routine follow-up in 30 days.,1
CUST_000629,Female,36,West,Referral,Two year,Direct debit,Premium,5G_FWA,Standard,25,79.12,2022.93,266.6,55,0,84.0,16.0,2,1,1,14.0,All services working as expected; thank you note received. No action required.,1
CUST_000630,Male,36,East,Paid Search,Month-to-month,Direct debit,Basic,Fibre,Priority,8,73.28,646.46,254.2,531,0,146.5,5.0,3,3,0,0.0,Account stable; no issues reported. Feedback recorded.,0
CUST_000631,Male,21,West,Paid Search,Month-to-month,Direct debit,Premium,None,Standard,32,84.94,2689.88,42.6,422,0,9.3,54.0,2,0,0,0.0,Customer satisfied with service; routine check completed. Routine follow-up in 30 days.,1
CUST_000632,Male,39,North,Referral,Month-to-month,Direct debit,Premium,Fibre,Standard,51,102.57,5253.78,414.1,521,1,286.3,14.0,2,0,0,0.0,No recent problems; user happy with plan. No action required.,0
CUST_000633,Female,37,North,Organic,Month-to-month,Bank transfer,Standard,DSL,Standard,61,55.1,3377.2,181.9,598,1,52.2,33.0,0,0,0,0.0,Customer satisfied with service; routine check completed. Continue monitoring.,1
CUST_000634,Female,36,South,Organic,Month-to-month,Bank transfer,Standard,5G_FWA,Standard,29,80.72,2277.6,243.0,508,2,157.2,44.0,4,0,1,5.4,Customer satisfied with service; routine check completed. Feedback recorded.,0
CUST_000635,Female,38,East,Paid Search,Two year,Credit card,Basic,Fibre,Standard,22,60.71,1372.08,240.1,67,0,68.4,11.0,0,0,1,12.5,Customer satisfied with service; routine check completed. Routine follow-up in 30 days.,0
CUST_000636,Male,52,East,Partner,Month-to-month,Direct debit,Premium,Fibre,Standard,33,106.3,3631.64,336.6,568,1,286.9,14.0,1,1,0,0.0,Account stable; no issues reported. Routine follow-up in 30 days.,0
CUST_000637,Male,24,West,Partner,Two year,Direct debit,Premium,None,Priority,58,71.59,4247.41,70.0,340,0,11.4,52.0,4,1,1,5.8,Customer satisfied with service; routine check completed. Feedback recorded.,0
CUST_000638,Male,18,West,Social,Month-to-month,Credit card,Standard,DSL,Standard,45,59.93,2863.08,195.2,751,2,33.8,26.0,2,0,0,0.0,All services working as expected; thank you note received. Routine follow-up in 30 days.,0
CUST_000639,Female,22,South,Paid Search,Month-to-month,Credit card,Standard,Fibre,Standard,4,74.9,368.84,363.4,1085,2,263.4,17.0,0,0,0,0.0,No recent problems; user happy with plan. Continue monitoring.,0
CUST_000640,Male,43,East,Social,Month-to-month,Direct debit,Premium,DSL,Standard,25,86.02,2022.42,50.5,624,0,51.5,51.0,3,0,0,0.0,Account stable; no issues reported. Continue monitoring.,0
CUST_000641,Female,42,West,Social,Two year,Credit card,Standard,5G_FWA,Standard,65,90.58,5967.31,298.3,626,1,233.4,40.0,0,0,0,0.0,All services working as expected; thank you note received. Feedback recorded.,0
CUST_000642,Female,28,West,Paid Search,One year,Direct debit,Premium,DSL,Standard,64,80.68,5059.72,105.7,430,3,57.6,41.0,1,0,1,20.6,Account stable; no issues reported. Continue monitoring.,0
CUST_000643,Female,28,West,Organic,One year,Credit card,Standard,Fibre,Standard,44,74.7,3247.1,320.2,721,0,218.5,19.0,1,2,1,9.2,No recent problems; user happy with plan. No action required.,0
CUST_000644,Female,35,North,Organic,Month-to-month,Direct debit,Premium,DSL,Standard,20,78.77,1486.27,228.4,603,0,49.2,42.0,1,1,0,0.0,Customer satisfied with service; routine check completed. Feedback recorded.,0
CUST_000645,Female,55,East,Organic,One year,Credit card,Premium,Fibre,Standard,38,90.28,3357.96,321.1,514,1,281.7,29.0,2,2,0,0.0,All services working as expected; thank you note received. Routine follow-up in 30 days.,0
CUST_000646,Female,27,East,Paid Search,Month-to-month,Credit card,Basic,Fibre,Standard,31,54.28,1662.18,184.8,721,1,159.1,8.0,3,2,0,0.0,Account stable; no issues reported. Routine follow-up in 30 days.,0
CUST_000647,Female,38,South,Paid Search,One year,Bank transfer,Standard,Fibre,Standard,39,80.55,3209.31,266.0,770,1,238.2,26.0,1,0,1,20.4,All services working as expected; thank you note received. Continue monitoring.,0
CUST_000648,Male,47,West,Paid Search,Two year,Credit card,Premium,Fibre,Standard,41,93.02,3613.09,355.8,512,2,196.0,21.0,1,2,0,0.0,Customer satisfied with service; routine check completed. Routine follow-up in 30 days.,0
CUST_000649,Male,25,West,Referral,Month-to-month,Cash,Premium,Fibre,Standard,24,97.44,2488.44,289.6,143,0,224.2,10.0,1,0,0,0.0,Account stable; no issues reported. Routine follow-up in 30 days.,1
CUST_000650,Male,64,East,Referral,One year,Direct debit,Standard,DSL,Standard,52,60.06,3214.2,159.3,380,1,47.5,25.0,0,0,0,0.0,No recent problems; user happy with plan. No action required.,0
CUST_000651,Male,26,West,Referral,Month-to-month,Credit card,Premium,Fibre,Standard,64,93.89,5873.37,281.9,492,1,246.0,23.0,2,2,0,0.0,Customer satisfied with service; routine check completed. Continue monitoring.,0
CUST_000652,Male,46,West,Partner,One year,Direct debit,Standard,Fibre,Standard,39,65.85,2638.69,115.3,545,1,271.5,14.0,1,0,0,0.0,Account stable; no issues reported. Continue monitoring.,0
CUST_000653,Male,41,North,Social,Two year,Credit card,Premium,Fibre,Standard,42,,3538.2,,616,1,195.8,17.0,2,1,0,0.0,Customer satisfied with service; routine check completed. Continue monitoring.,0
CUST_000654,Female,41,South,Paid Search,Month-to-month,Cash,Premium,None,Standard,34,61.78,2260.23,79.7,443,0,1.2,63.0,1,1,0,0.0,No recent problems; user happy with plan. Routine follow-up in 30 days.,0
CUST_000655,Female,31,South,Paid Search,Month-to-month,Cash,Premium,5G_FWA,Standard,57,91.27,5222.07,219.8,292,0,121.5,35.0,3,1,0,0.0,No recent problems; user happy with plan. Continue monitoring.,0
CUST_000656,Female,35,North,Partner,Month-to-month,Bank transfer,Premium,5G_FWA,Priority,6,107.67,566.09,245.6,525,0,97.9,35.0,3,1,1,20.2,Account stable; no issues reported. No action required.,1
CUST_000657,Female,40,East,Organic,One year,Credit card,Basic,Fibre,Standard,39,54.51,2142.02,254.1,440,1,190.3,30.0,1,0,0,0.0,No recent problems; user happy with plan. Feedback recorded.,0
CUST_000658,Female,56,West,Paid Search,Month-to-month,Bank transfer,Standard,Fibre,Standard,22,75.32,1584.69,338.3,652,0,243.5,13.0,0,0,1,9.6,All services working as expected; thank you note received. No action required.,0
CUST_000659,Male,49,North,Partner,Month-to-month,Direct debit,Standard,Fibre,Standard,18,67.36,1111.71,311.5,236,0,195.3,8.0,1,1,1,20.4,Account stable; no issues reported. Feedback recorded.,0
CUST_000660,Male,31,West,Partner,Month-to-month,Credit card,Basic,Fibre,Standard,54,52.52,2950.23,182.6,999,0,184.4,20.0,2,2,1,10.4,All services working as expected; thank you note received. Routine follow-up in 30 days.,0
CUST_000661,Female,57,South,Organic,Month-to-month,Direct debit,Standard,Fibre,Standard,7,76.72,434.83,263.0,162,0,157.0,25.0,0,0,0,0.0,No recent problems; user happy with plan. Feedback recorded.,0
CUST_000662,Male,24,South,Social,One year,Credit card,Standard,Fibre,Standard,62,68.96,4392.81,355.6,600,0,354.3,18.0,3,1,0,0.0,All services working as expected; thank you note received. Routine follow-up in 30 days.,0
CUST_000663,Female,58,South,Organic,Month-to-month,Bank transfer,Standard,5G_FWA,Standard,43,83.73,3224.28,185.1,623,2,182.8,46.0,3,2,1,21.3,Customer requested plan review; offered options. Ticket logged.,1
CUST_000664,Female,35,West,Partner,Month-to-month,Credit card,Basic,Fibre,Standard,8,49.96,412.01,226.8,857,0,182.4,31.0,0,0,1,22.6,Customer satisfied with service; routine check completed. No action required.,0
CUST_000665,Male,41,East,Social,Month-to-month,Credit card,Standard,Fibre,Standard,58,85.16,4696.32,193.7,205,0,179.0,20.0,0,0,1,7.4,All services working as expected; thank you note received. No action required.,0
CUST_000666,Male,64,North,Paid Search,Month-to-month,Direct debit,Basic,Fibre,Standard,30,55.35,1627.78,315.9,597,1,316.9,10.0,1,0,0,0.0,No recent problems; user happy with plan. Continue monitoring.,0
CUST_000667,Male,31,South,Paid Search,One year,Credit card,Standard,Fibre,Standard,47,59.95,2868.1,259.1,254,0,148.1,11.0,1,0,0,0.0,Account stable; no issues reported. No action required.,0
CUST_000668,Male,63,West,Organic,One year,Direct debit,Premium,Fibre,Standard,9,79.88,704.2,205.6,755,1,234.4,23.0,1,0,0,0.0,All services working as expected; thank you note received. Continue monitoring.,0
CUST_000669,Male,38,East,Organic,Month-to-month,Credit card,Basic,Fibre,Standard,7,54.19,398.98,241.2,703,0,160.8,37.0,1,0,1,14.9,Account stable; no issues reported. Continue monitoring.,0
CUST_000670,Female,43,South,Social,Two year,Direct debit,Basic,DSL,Standard,49,36.17,1555.89,62.3,437,1,63.7,50.0,2,1,1,5.4,No recent problems; user happy with plan. Feedback recorded.,0
CUST_000671,Male,35,West,Referral,Month-to-month,Credit card,Premium,DSL,Standard,64,83.52,5121.94,234.0,190,0,52.7,59.0,2,1,1,20.8,No recent problems; user happy with plan. Continue monitoring.,0
CUST_000672,Male,18,East,Referral,Month-to-month,Credit card,Basic,5G_FWA,Standard,8,56.77,577.13,84.9,1163,3,147.7,46.0,2,2,0,0.0,No recent problems; user happy with plan. Continue monitoring.,0
CUST_000673,Female,74,North,Organic,Month-to-month,Bank transfer,Standard,DSL,Standard,63,66.98,4080.17,139.3,605,0,35.1,23.0,0,0,1,13.7,All services working as expected; thank you note received. No action required.,0
CUST_000674,Female,62,South,Social,Month-to-month,Direct debit,Premium,5G_FWA,Standard,62,92.63,5684.04,194.0,433,0,120.9,29.0,5,1,0,0.0,No recent problems; user happy with plan. Feedback recorded.,0
CUST_000675,Female,31,East,Social,One year,Direct debit,Standard,DSL,Standard,11,66.22,680.7,80.2,484,0,49.7,32.0,0,0,1,20.2,No recent problems; user happy with plan. Routine follow-up in 30 days.,0
CUST_000676,Male,47,East,Partner,Month-to-month,Bank transfer,Premium,Fibre,Standard,17,90.63,1614.56,231.5,312,0,267.9,18.0,1,0,0,0.0,Account stable; no issues reported. No action required.,0
CUST_000677,Male,44,East,Referral,Month-to-month,Credit card,Premium,DSL,Priority,54,94.03,5175.29,237.9,410,1,35.7,49.0,1,2,1,12.9,Account stable; no issues reported. Feedback recorded.,0
CUST_000678,Female,33,South,Referral,One year,Credit card,Standard,DSL,Standard,6,67.44,637.91,101.1,399,0,48.5,20.0,3,2,0,0.0,Customer mentioned intermittent issues; advised restart and monitoring. Customer advised on next steps.,1
CUST_000679,Male,48,South,Paid Search,Month-to-month,Direct debit,Premium,5G_FWA,Standard,63,95.63,6126.46,232.7,510,2,175.4,33.0,0,2,1,11.4,Account stable; no issues reported. Continue monitoring.,0
CUST_000680,Male,52,West,Partner,One year,Credit card,Standard,Fibre,Standard,36,77.18,2748.71,273.0,408,0,265.8,29.0,0,0,0,0.0,Account stable; no issues reported. Routine follow-up in 30 days.,0
CUST_000681,Female,47,East,Organic,One year,Direct debit,Standard,Fibre,Standard,54,64.07,3536.01,290.4,377,1,274.2,17.0,3,0,1,18.6,Account stable; no issues reported. Continue monitoring.,0
CUST_000682,Male,24,West,Paid Search,One year,Bank transfer,Basic,Fibre,Standard,43,49.6,1958.39,249.7,224,0,161.8,13.0,4,1,1,21.5,No recent problems; user happy with plan. Feedback recorded.,0
CUST_000683,Female,37,West,Partner,Month-to-month,Bank transfer,Standard,5G_FWA,Priority,51,78.69,3703.12,195.3,799,3,137.9,21.0,4,2,0,0.0,Speed occasionally slow at peak times; suggested troubleshooting. Monitor for 7 days.,0
CUST_000684,Female,44,South,Paid Search,Two year,Credit card,Standard,Fibre,Standard,11,77.77,940.68,317.9,388,2,152.2,12.0,2,0,0,0.0,No recent problems; user happy with plan. Continue monitoring.,0
CUST_000685,Female,35,East,Paid Search,Month-to-month,Credit card,Standard,DSL,Standard,69,80.15,5547.39,134.5,613,0,55.8,35.0,1,0,1,12.1,Customer satisfied with service; routine check completed. Continue monitoring.,0
CUST_000686,Female,52,West,Paid Search,Month-to-month,Bank transfer,Standard,Fibre,Standard,17,73.25,1163.46,216.2,69,2,219.9,9.0,3,0,1,22.1,All services working as expected; thank you note received. Routine follow-up in 30 days.,0
CUST_000687,Female,60,West,Partner,Two year,Direct debit,Standard,DSL,Standard,32,62.96,1904.36,,653,1,48.6,46.0,2,2,1,15.4,Customer satisfied with service; routine check completed. No action required.,0
CUST_000688,Male,49,East,Paid Search,Month-to-month,Direct debit,Standard,DSL,Standard,25,58.48,1431.66,96.0,376,0,59.7,26.0,1,0,0,0.0,Customer satisfied with service; routine check completed. Feedback recorded.,0
CUST_000689,Male,45,West,Referral,Month-to-month,Direct debit,Premium,Fibre,Standard,15,91.18,1372.76,272.1,526,0,177.8,23.0,2,2,0,0.0,All services working as expected; thank you note received. Routine follow-up in 30 days.,0
CUST_000690,Male,20,North,Organic,Month-to-month,Direct debit,Basic,DSL,Standard,29,44.93,1578.4,117.6,811,6,43.3,41.0,5,2,0,0.0,Customer mentioned intermittent issues; advised restart and monitoring. Customer advised on next steps.,0
CUST_000691,Female,22,South,Paid Search,Month-to-month,Bank transfer,Basic,DSL,Standard,61,46.07,2975.87,39.0,528,1,64.5,59.0,2,4,1,18.8,No recent problems; user happy with plan. No action required.,0
CUST_000692,Male,21,East,Organic,Month-to-month,Direct debit,Standard,Fibre,Standard,39,65.61,2515.64,340.4,630,1,450.4,20.0,4,6,0,0.0,Billing query raised; resolved via support. Monitor for 7 days.,1
CUST_000693,Female,22,North,Paid Search,Month-to-month,Bank transfer,Basic,Fibre,Standard,25,56.03,1517.43,230.7,470,2,237.7,22.0,1,0,0,0.0,Customer satisfied with service; routine check completed. Feedback recorded.,1
CUST_000694,Female,39,East,Organic,One year,Credit card,Standard,Fibre,Standard,29,67.61,2025.14,255.4,697,1,124.9,21.0,1,0,1,15.3,No recent problems; user happy with plan. Feedback recorded.,0
CUST_000695,Male,55,South,Social,Month-to-month,Credit card,Standard,Fibre,Standard,35,79.12,,296.9,476,0,176.1,23.0,3,0,0,0.0,No recent problems; user happy with plan. Feedback recorded.,0
CUST_000696,Female,55,East,Paid Search,One year,Direct debit,Basic,DSL,Standard,35,37.43,1008.01,107.0,193,0,48.8,54.0,1,2,1,12.3,Account stable; no issues reported. No action required.,0
CUST_000697,Male,18,North,Organic,Month-to-month,Bank transfer,Premium,5G_FWA,Standard,16,103.36,1624.89,217.6,687,0,132.8,35.0,0,0,0,0.0,Customer satisfied with service; routine check completed. Feedback recorded.,0
CUST_000698,Female,40,North,Partner,One year,Bank transfer,Basic,None,Standard,22,33.24,701.73,0.0,682,2,9.2,53.0,1,1,1,17.3,No recent problems; user happy with plan. Continue monitoring.,0
CUST_000699,Female,53,West,Organic,Month-to-month,Direct debit,Premium,5G_FWA,Standard,35,103.1,3951.22,261.2,313,0,103.6,50.0,1,0,0,0.0,No recent problems; user happy with plan. Continue monitoring.,1
CUST_000700,Male,58,North,Organic,Month-to-month,Credit card,Basic,Fibre,Standard,46,44.71,1856.48,175.1,459,2,85.6,11.0,0,1,0,0.0,All services working as expected; thank you note received. Feedback recorded.,0
CUST_000701,Male,36,West,Social,Month-to-month,Credit card,Premium,5G_FWA,Standard,66,91.74,6167.97,313.1,105,0,129.2,26.0,0,1,0,0.0,Customer satisfied with service; routine check completed. Feedback recorded.,0
CUST_000702,Female,25,North,Social,Month-to-month,Credit card,Standard,5G_FWA,Standard,53,75.81,4033.0,192.6,243,0,116.2,24.0,0,1,1,22.3,All services working as expected; thank you note received. Feedback recorded.,0
CUST_000703,Female,63,South,Organic,Month-to-month,Bank transfer,Basic,None,Standard,2,40.83,178.28,2.4,570,2,2.3,43.0,2,1,1,10.3,All services working as expected; thank you note received. Feedback recorded.,0
CUST_000704,Male,21,North,Organic,Month-to-month,Bank transfer,Premium,5G_FWA,Standard,2,89.9,411.53,248.4,442,0,115.1,29.0,2,0,0,0.0,All services working as expected; thank you note received. Routine follow-up in 30 days.,0
CUST_000705,Female,36,East,Organic,Month-to-month,Cash,Basic,Fibre,Standard,4,55.35,364.59,144.8,467,1,144.7,13.0,0,1,1,7.4,Account stable; no issues reported. No action required.,0
CUST_000706,Female,44,West,Partner,Month-to-month,Bank transfer,Premium,None,Standard,1,76.08,185.85,32.9,432,2,11.4,46.0,5,1,1,9.1,All services working as expected; thank you note received. Continue monitoring.,1
CUST_000707,NonBinary,43,North,Paid Search,One year,Direct debit,Standard,Fibre,Priority,24,83.95,2251.89,268.9,562,3,337.1,11.0,0,2,1,22.5,No recent problems; user happy with plan. Routine follow-up in 30 days.,0
CUST_000708,Female,50,North,Referral,Two year,Direct debit,Basic,Fibre,Standard,53,74.76,3861.83,274.4,486,0,166.6,14.0,2,1,1,18.1,Account stable; no issues reported. Feedback recorded.,0
CUST_000709,Female,35,North,Organic,Month-to-month,Credit card,Standard,Fibre,Standard,20,77.95,1477.42,259.6,35,0,273.2,32.0,0,0,1,12.4,No recent problems; user happy with plan. No action required.,0
CUST_000710,Female,27,East,Partner,Month-to-month,Credit card,Standard,5G_FWA,Standard,17,75.35,1304.48,181.1,255,1,171.8,42.0,3,1,1,9.0,Account stable; no issues reported. Continue monitoring.,0
CUST_000711,Male,59,South,Referral,Month-to-month,Direct debit,Standard,DSL,Standard,15,61.74,1174.09,198.6,715,1,50.1,52.0,3,1,0,0.0,All services working as expected; thank you note received. Feedback recorded.,0
CUST_000712,Female,25,North,Partner,Month-to-month,Credit card,Standard,5G_FWA,Standard,5,66.83,250.18,220.8,155,0,122.2,50.0,0,0,1,11.1,Customer satisfied with service; routine check completed. Feedback recorded.,0
CUST_000713,Female,33,West,Organic,Two year,Direct debit,Premium,Fibre,Standard,0,108.76,0.0,289.5,631,0,189.9,24.0,0,0,0,0.0,Account stable; no issues reported. Continue monitoring.,1
CUST_000714,Female,26,East,Social,Two year,Bank transfer,Premium,Fibre,Standard,20,101.22,1956.16,268.7,697,0,228.6,28.0,2,0,0,0.0,No recent problems; user happy with plan. No action required.,0
CUST_000715,Male,40,North,Paid Search,Month-to-month,Direct debit,Premium,None,Standard,53,83.29,4468.3,81.1,814,1,3.8,60.0,4,1,0,0.0,All services working as expected; thank you note received. No action required.,0
CUST_000716,Male,50,North,Paid Search,One year,Bank transfer,Standard,Fibre,Priority,61,102.6,6231.0,319.9,456,1,268.1,20.0,1,0,1,11.4,All services working as expected; thank you note received. No action required.,0
CUST_000717,Female,36,North,Partner,Month-to-month,Bank transfer,Standard,5G_FWA,Standard,36,61.01,2256.52,233.0,475,0,138.6,39.0,1,1,1,18.8,All services working as expected; thank you note received. Continue monitoring.,0
CUST_000718,Female,40,West,Paid Search,Month-to-month,Direct debit,Standard,5G_FWA,Standard,51,58.11,2964.74,177.0,465,1,258.1,29.0,2,0,1,8.1,Customer satisfied with service; routine check completed. No action required.,0
CUST_000719,NonBinary,48,North,Referral,Two year,Credit card,Basic,Fibre,Standard,45,61.12,2483.28,255.9,487,0,329.5,22.0,1,0,0,0.0,Customer satisfied with service; routine check completed. Continue monitoring.,0
CUST_000720,Male,48,East,Organic,Month-to-month,Direct debit,Standard,DSL,Standard,16,71.98,1175.17,142.4,430,3,41.4,31.0,0,0,1,8.6,Customer satisfied with service; routine check completed. No action required.,0
CUST_000721,Male,52,West,Referral,Two year,Credit card,Standard,DSL,Standard,24,69.65,1726.55,166.5,303,1,53.9,51.0,2,0,0,0.0,Account stable; no issues reported. Continue monitoring.,1
CUST_000722,Female,34,South,Organic,Month-to-month,Direct debit,Basic,5G_FWA,Standard,60,53.71,3284.42,177.9,816,3,130.5,34.0,2,2,0,0.0,Account stable; no issues reported. Continue monitoring.,0
CUST_000723,Male,31,South,Paid Search,Month-to-month,Bank transfer,Premium,5G_FWA,Standard,58,97.72,5791.57,382.5,695,2,167.3,42.0,2,0,0,0.0,No recent problems; user happy with plan. No action required.,0
CUST_000724,Male,18,South,Paid Search,Month-to-month,Direct debit,Premium,Fibre,Standard,72,102.16,7259.06,289.8,411,0,153.1,9.0,1,1,1,14.4,Customer satisfied with service; routine check completed. Routine follow-up in 30 days.,1
CUST_000725,Male,38,South,Organic,One year,Credit card,Standard,DSL,Standard,52,58.12,3042.68,139.1,333,1,20.2,43.0,0,0,0,0.0,All services working as expected; thank you note received. Feedback recorded.,0
CUST_000726,Female,39,North,Social,One year,Cash,Standard,5G_FWA,Standard,51,71.19,3801.28,181.1,793,2,163.7,29.0,3,4,1,6.4,Customer satisfied with service; routine check completed. Feedback recorded.,0
CUST_000727,Female,39,East,Social,Month-to-month,Credit card,Basic,None,Standard,71,34.9,2397.15,86.0,402,0,9.1,59.0,1,0,0,0.0,Account stable; no issues reported. Continue monitoring.,0
CUST_000728,Female,33,North,Referral,Month-to-month,Credit card,Standard,Fibre,Standard,47,70.67,3349.92,242.1,496,0,318.7,11.0,0,0,1,14.7,All services working as expected; thank you note received. Continue monitoring.,0
CUST_000729,Male,30,North,Social,Month-to-month,Cash,Basic,Fibre,Priority,6,65.85,406.82,223.0,960,1,309.7,5.0,3,0,0,0.0,Account stable; no issues reported. Feedback recorded.,0
CUST_000730,Male,58,South,Organic,Month-to-month,Direct debit,Premium,Fibre,Standard,55,102.61,5583.64,,671,4,179.0,5.0,3,1,0,0.0,Account stable; no issues reported. No action required.,0
CUST_000731,Male,45,North,Partner,Month-to-month,Direct debit,Standard,5G_FWA,Standard,24,79.97,1811.6,122.3,588,0,215.5,39.0,0,0,0,0.0,Account stable; no issues reported. No action required.,0
CUST_000732,Male,48,North,Partner,Month-to-month,Direct debit,Standard,None,Standard,57,45.9,2643.48,0.0,381,1,8.9,40.0,3,1,0,0.0,No recent problems; user happy with plan. Continue monitoring.,0
CUST_000733,Male,50,West,Organic,Month-to-month,Direct debit,Basic,DSL,Standard,54,41.36,2278.65,54.6,319,0,28.4,54.0,1,0,0,0.0,All services working as expected; thank you note received. Routine follow-up in 30 days.,0
CUST_000734,Female,27,West,Organic,Two year,Direct debit,Premium,None,Standard,34,81.96,2779.14,118.0,654,3,14.3,61.0,1,0,0,0.0,All services working as expected; thank you note received. No action required.,0
CUST_000735,Male,48,South,Partner,Month-to-month,Direct debit,Premium,Fibre,Standard,51,109.01,5568.61,325.7,379,0,145.5,24.0,2,0,1,8.5,Account stable; no issues reported. Continue monitoring.,0
CUST_000736,Female,23,North,Organic,One year,Direct debit,Basic,None,Standard,53,21.75,1138.17,112.3,136,0,12.1,48.0,5,3,0,0.0,Customer mentioned intermittent issues; advised restart and monitoring. Ticket logged.,1
CUST_000737,Female,41,North,Social,Month-to-month,Direct debit,Basic,Fibre,Priority,46,58.1,2612.68,220.4,301,0,303.3,18.0,2,0,1,6.9,Account stable; no issues reported. Routine follow-up in 30 days.,0
CUST_000738,Male,52,North,Organic,Month-to-month,Direct debit,Premium,Fibre,Standard,21,89.34,1892.81,369.0,285,0,324.3,16.0,1,0,1,20.8,Customer satisfied with service; routine check completed. Continue monitoring.,0
CUST_000739,Male,44,South,Social,Month-to-month,Credit card,Standard,Fibre,Standard,70,76.08,5339.03,181.4,482,2,205.3,12.0,0,0,0,0.0,Account stable; no issues reported. Feedback recorded.,0
CUST_000740,Female,43,West,Social,Month-to-month,Credit card,Premium,Fibre,Priority,20,100.4,2128.43,272.6,298,0,200.5,6.0,0,0,0,0.0,Account stable; no issues reported. Routine follow-up in 30 days.,0
CUST_000741,Female,29,South,Partner,Month-to-month,Credit card,Standard,DSL,Standard,19,73.54,1518.05,91.8,636,0,35.5,46.0,0,0,1,12.7,All services working as expected; thank you note received. Routine follow-up in 30 days.,0
CUST_000742,Female,49,North,Referral,Month-to-month,Bank transfer,Standard,DSL,Standard,18,58.83,1088.57,215.3,673,1,89.6,45.0,1,0,0,0.0,All services working as expected; thank you note received. Feedback recorded.,0
CUST_000743,Male,43,North,Organic,Two year,Direct debit,Standard,Fibre,Standard,19,65.44,1324.7,339.8,542,0,188.2,14.0,1,0,0,0.0,Account stable; no issues reported. Continue monitoring.,0
CUST_000744,Female,27,East,Social,Month-to-month,Direct debit,Standard,Fibre,Priority,0,84.91,0.0,235.1,721,1,264.1,20.0,0,1,1,12.0,All services working as expected; thank you note received. Routine follow-up in 30 days.,0
CUST_000745,Male,20,South,Organic,Month-to-month,Direct debit,Standard,DSL,Standard,27,68.8,2022.19,214.3,532,1,,43.0,1,0,1,6.1,Customer satisfied with service; routine check completed. No action required.,1
CUST_000746,Male,47,North,Organic,Month-to-month,Direct debit,Standard,5G_FWA,Priority,31,87.09,2827.42,138.8,468,0,106.2,24.0,0,0,0,0.0,All services working as expected; thank you note received. Feedback recorded.,0
CUST_000747,Female,37,West,Partner,One year,Direct debit,Premium,Fibre,Standard,64,84.78,5540.25,368.1,641,1,244.0,16.0,3,1,0,0.0,Customer satisfied with service; routine check completed. Routine follow-up in 30 days.,0
CUST_000748,Female,29,East,Paid Search,Month-to-month,Credit card,Premium,Fibre,Standard,28,99.18,2927.19,225.1,848,1,168.7,27.0,1,1,0,0.0,No recent problems; user happy with plan. Feedback recorded.,0
CUST_000749,Female,57,West,Referral,Month-to-month,Direct debit,Standard,Fibre,Standard,59,68.39,4053.04,280.3,594,1,256.9,26.0,1,0,1,11.8,Customer satisfied with service; routine check completed. Feedback recorded.,0
CUST_000750,Male,35,South,Social,Month-to-month,Direct debit,Premium,Fibre,Priority,50,95.06,4752.54,327.6,586,3,281.5,11.0,2,0,1,23.4,Account stable; no issues reported. No action required.,0
CUST_000751,Male,29,North,Social,Month-to-month,Direct debit,Standard,Fibre,Standard,25,72.06,1975.79,275.9,739,0,127.7,22.0,3,0,1,6.7,All services working as expected; thank you note received. No action required.,1
CUST_000752,Male,47,South,Paid Search,Month-to-month,Credit card,Standard,Fibre,Standard,19,79.83,1560.4,304.3,19,0,276.4,17.0,0,0,1,18.1,All services working as expected; thank you note received. Feedback recorded.,0
CUST_000753,Female,32,South,Organic,Month-to-month,Direct debit,Standard,None,Standard,60,52.26,3188.74,31.1,252,0,12.9,56.0,3,0,0,0.0,No recent problems; user happy with plan. Feedback recorded.,0
CUST_000754,Female,36,South,Paid Search,Month-to-month,Credit card,Basic,Fibre,Priority,29,73.18,1955.89,249.4,857,0,250.1,27.0,2,0,1,10.4,All services working as expected; thank you note received. No action required.,0
CUST_000755,Female,32,North,Social,Month-to-month,Credit card,Basic,DSL,Standard,15,40.45,550.7,228.9,580,1,31.0,18.0,3,0,0,0.0,No recent problems; user happy with plan. No action required.,1
CUST_000756,Male,41,South,Paid Search,Month-to-month,Bank transfer,Premium,Fibre,Standard,15,88.93,1388.62,361.8,742,0,215.8,20.0,2,1,0,0.0,Customer satisfied with service; routine check completed. Routine follow-up in 30 days.,0
CUST_000757,Female,43,West,Organic,Two year,Bank transfer,Basic,DSL,Priority,65,52.85,3521.48,17.4,410,1,26.2,36.0,1,1,0,0.0,All services working as expected; thank you note received. Routine follow-up in 30 days.,0
CUST_000758,Female,33,East,Organic,One year,Direct debit,Standard,Fibre,Standard,51,72.12,3754.4,268.6,131,0,197.2,23.0,1,0,1,21.5,All services working as expected; thank you note received. Feedback recorded.,0
CUST_000759,Male,48,East,Organic,One year,Credit card,Standard,Fibre,Priority,19,82.56,1397.57,218.9,762,2,192.3,16.0,3,2,0,0.0,No recent problems; user happy with plan. Feedback recorded.,0
CUST_000760,Male,27,East,Referral,Month-to-month,Bank transfer,Premium,DSL,Standard,6,88.22,484.87,198.7,296,1,35.7,61.0,1,2,0,0.0,Customer requested plan review; offered options. Ticket logged.,1
CUST_000761,Male,49,West,Partner,Two year,Credit card,Standard,Fibre,Priority,16,81.15,1230.27,198.0,460,1,217.6,14.0,2,0,0,0.0,All services working as expected; thank you note received. Feedback recorded.,0
CUST_000762,Female,52,South,Organic,One year,Bank transfer,Standard,None,Priority,19,64.6,,24.0,386,1,5.8,64.0,2,2,1,6.2,Customer requested plan review; offered options. Follow-up recommended.,1
CUST_000763,Male,38,North,Partner,Month-to-month,Bank transfer,Standard,Fibre,Priority,60,91.9,5646.59,272.3,561,1,166.0,,1,0,1,14.7,No recent problems; user happy with plan. Feedback recorded.,0
CUST_000764,Female,35,East,Organic,Month-to-month,Direct debit,Basic,Fibre,Standard,31,49.64,1804.44,175.5,428,1,220.2,20.0,1,2,1,10.1,Customer satisfied with service; routine check completed. Continue monitoring.,0
CUST_000765,Male,57,West,Organic,One year,Credit card,Standard,DSL,Standard,45,65.38,3005.25,87.1,573,0,51.9,40.0,0,2,1,16.7,Account stable; no issues reported. Continue monitoring.,0
CUST_000766,Male,37,East,Partner,Month-to-month,Direct debit,Premium,DSL,Standard,40,86.72,3400.39,263.2,517,0,52.0,41.0,0,0,0,0.0,No recent problems; user happy with plan. Routine follow-up in 30 days.,0
CUST_000767,Female,54,East,Social,Month-to-month,Bank transfer,Premium,DSL,Standard,49,,4525.32,61.8,466,0,35.0,59.0,1,0,0,0.0,Account stable; no issues reported. Routine follow-up in 30 days.,0
CUST_000768,Male,37,North,Organic,One year,Direct debit,Premium,DSL,Standard,25,95.64,2486.92,129.5,768,1,37.6,67.0,0,0,1,11.3,Customer satisfied with service; routine check completed. Routine follow-up in 30 days.,1
CUST_000769,Female,50,East,Organic,Month-to-month,Direct debit,Basic,Fibre,Standard,69,46.14,2937.01,237.8,200,1,175.9,27.0,2,0,0,0.0,No recent problems; user happy with plan. No action required.,0
CUST_000770,Female,36,North,Organic,Month-to-month,Direct debit,Premium,Fibre,Standard,20,100.0,1823.75,379.1,616,1,85.8,23.0,1,1,1,9.9,Account stable; no issues reported. Routine follow-up in 30 days.,0
CUST_000771,Female,48,North,Paid Search,Two year,Cash,Standard,Fibre,Standard,49,73.79,3518.93,205.9,898,1,,14.0,0,0,1,23.5,Account stable; no issues reported. Feedback recorded.,1
CUST_000772,Male,18,East,Partner,Two year,Direct debit,Basic,Fibre,Standard,72,45.72,3275.91,142.0,473,1,239.9,10.0,0,0,0,0.0,Account stable; no issues reported. Routine follow-up in 30 days.,0
CUST_000773,Male,42,North,Organic,Month-to-month,Cash,Standard,DSL,Priority,30,73.76,2169.16,106.8,747,1,34.5,53.0,0,0,0,0.0,Customer satisfied with service; routine check completed. Feedback recorded.,0
CUST_000774,Female,38,West,Paid Search,Month-to-month,Direct debit,Premium,5G_FWA,Priority,55,99.13,5549.08,227.8,472,2,143.1,29.0,2,2,0,0.0,Customer satisfied with service; routine check completed. Feedback recorded.,0
CUST_000775,NonBinary,34,West,Referral,Month-to-month,Direct debit,Standard,DSL,Standard,20,63.3,1256.1,125.7,565,2,60.5,39.0,2,1,0,0.0,Customer satisfied with service; routine check completed. No action required.,1
CUST_000776,Female,36,North,Organic,Month-to-month,Direct debit,Standard,Fibre,Standard,15,72.77,1099.72,289.1,364,2,183.6,15.0,2,0,1,8.9,Customer satisfied with service; routine check completed. No action required.,0
CUST_000777,Male,40,East,Paid Search,Month-to-month,Direct debit,Premium,5G_FWA,Standard,16,91.43,1548.94,,450,4,238.0,33.0,3,2,0,0.0,Speed occasionally slow at peak times; suggested troubleshooting. Customer advised on next steps.,0
CUST_000778,NonBinary,32,South,Partner,Month-to-month,Direct debit,Premium,Fibre,Standard,57,96.46,5677.4,286.7,627,2,127.3,8.0,1,0,1,5.0,Customer satisfied with service; routine check completed. Routine follow-up in 30 days.,0
CUST_000779,Male,19,West,Organic,Month-to-month,Direct debit,Standard,5G_FWA,Standard,68,73.72,5017.57,170.1,778,3,111.3,16.0,1,0,0,0.0,All services working as expected; thank you note received. Feedback recorded.,0
CUST_000780,Female,44,East,Social,One year,Direct debit,Basic,DSL,Standard,50,49.67,2676.18,85.3,348,0,28.9,46.0,0,0,1,22.9,Customer satisfied with service; routine check completed. No action required.,0
CUST_000781,Female,36,North,Partner,Month-to-month,Direct debit,Premium,5G_FWA,Standard,35,97.57,3212.77,135.7,698,1,1.0,35.0,0,0,0,0.0,No recent problems; user happy with plan. Feedback recorded.,0
CUST_000782,Male,35,North,Organic,Two year,Bank transfer,Basic,Fibre,Standard,21,62.11,1043.34,169.1,599,0,361.1,33.0,2,1,1,11.8,Customer satisfied with service; routine check completed. Routine follow-up in 30 days.,0
CUST_000783,Female,18,East,Paid Search,Month-to-month,Bank transfer,Standard,Fibre,Standard,16,68.92,1215.62,250.6,864,1,167.9,22.0,0,1,1,7.0,No recent problems; user happy with plan. No action required.,0
CUST_000784,Female,25,East,Organic,Month-to-month,Direct debit,Premium,5G_FWA,Standard,16,86.99,1585.66,275.8,51,0,73.0,38.0,1,0,1,19.3,Account stable; no issues reported. No action required.,0
CUST_000785,Male,36,East,Social,Two year,Direct debit,Standard,Fibre,Standard,48,90.26,4610.52,239.6,618,2,162.5,18.0,2,2,0,0.0,Customer satisfied with service; routine check completed. Routine follow-up in 30 days.,0
CUST_000786,Female,35,South,Partner,Month-to-month,Direct debit,Basic,Fibre,Standard,43,66.21,2958.85,313.7,589,2,237.3,15.0,3,1,0,0.0,Account stable; no issues reported. Continue monitoring.,0
CUST_000787,Male,42,West,Organic,Month-to-month,Direct debit,Standard,Fibre,Standard,32,65.54,1910.24,249.4,286,0,218.3,18.0,0,0,0,0.0,Customer satisfied with service; routine check completed. Routine follow-up in 30 days.,0
CUST_000788,Female,27,South,Organic,One year,Direct debit,Standard,5G_FWA,Priority,44,89.54,3991.98,160.8,333,0,112.7,36.0,2,1,0,0.0,Account stable; no issues reported. Feedback recorded.,0
CUST_000789,Female,50,West,Organic,Two year,Direct debit,Premium,Fibre,Standard,34,84.66,2940.82,302.4,796,2,264.6,7.0,0,1,1,22.4,All services working as expected; thank you note received. No action required.,0
CUST_000790,Female,18,East,Organic,One year,Direct debit,Standard,Fibre,Standard,15,72.37,1098.28,275.1,424,4,160.3,5.0,4,3,1,8.3,Speed occasionally slow at peak times; suggested troubleshooting. Follow-up recommended.,0
CUST_000791,Male,39,North,Partner,Two year,Direct debit,Premium,Fibre,Standard,39,106.61,4287.97,343.7,393,1,194.1,27.0,1,0,1,10.8,Account stable; no issues reported. Continue monitoring.,0
CUST_000792,Male,42,North,Social,Month-to-month,Credit card,Basic,5G_FWA,Priority,18,67.86,1033.44,230.7,308,0,143.3,38.0,1,0,0,0.0,Customer satisfied with service; routine check completed. Feedback recorded.,0
CUST_000793,Female,53,South,Partner,Month-to-month,Direct debit,Premium,Fibre,Priority,43,105.08,4469.95,313.4,731,1,280.0,26.0,0,0,0,0.0,No recent problems; user happy with plan. Feedback recorded.,0
CUST_000794,Female,45,North,Partner,Month-to-month,Direct debit,Standard,Fibre,Standard,17,80.2,1219.34,243.7,507,1,370.1,18.0,2,0,0,0.0,No recent problems; user happy with plan. Feedback recorded.,0
CUST_000795,Female,58,South,Paid Search,Two year,Direct debit,Basic,Fibre,Standard,59,60.84,3505.1,175.9,657,1,239.8,18.0,0,0,0,0.0,All services working as expected; thank you note received. Routine follow-up in 30 days.,0
CUST_000796,Male,34,South,Partner,Month-to-month,Credit card,Standard,Fibre,Standard,69,70.33,4687.49,214.9,478,0,207.7,26.0,1,1,0,0.0,No recent problems; user happy with plan. No action required.,0
CUST_000797,Male,26,East,Organic,Month-to-month,Credit card,Standard,None,Standard,39,45.74,1845.06,0.0,239,0,11.6,45.0,3,0,0,0.0,Account stable; no issues reported. Routine follow-up in 30 days.,1
CUST_000798,Male,50,West,Organic,Month-to-month,Credit card,Premium,5G_FWA,Standard,56,88.2,4792.95,182.1,641,1,197.6,42.0,1,0,0,0.0,No recent problems; user happy with plan. No action required.,0
CUST_000799,Female,28,South,Paid Search,Month-to-month,Credit card,Standard,DSL,Standard,55,59.77,3019.08,236.2,510,3,28.2,36.0,1,0,0,0.0,Customer satisfied with service; routine check completed. Feedback recorded.,1
CUST_000800,Female,31,South,Social,Two year,Direct debit,Premium,5G_FWA,Standard,39,94.22,3715.59,232.8,585,0,21.8,40.0,1,0,0,0.0,All services working as expected; thank you note received. Continue monitoring.,1
CUST_000801,Female,39,North,Paid Search,Month-to-month,Credit card,Standard,None,Standard,71,56.07,3687.98,0.0,240,0,11.1,52.0,0,0,1,7.2,No recent problems; user happy with plan. Feedback recorded.,0
CUST_000802,Male,52,South,Organic,One year,Credit card,Standard,Fibre,Standard,38,78.88,3021.4,267.5,315,1,,8.0,0,0,1,23.4,All services working as expected; thank you note received. Continue monitoring.,0
CUST_000803,Male,44,South,Organic,Two year,Credit card,Standard,Fibre,Standard,37,77.33,3073.66,316.2,402,0,126.8,29.0,1,1,1,12.4,Customer satisfied with service; routine check completed. Continue monitoring.,0
CUST_000804,Male,51,East,Organic,Month-to-month,Direct debit,Basic,5G_FWA,Standard,3,47.88,99.13,142.0,489,0,65.2,28.0,1,0,1,16.7,No recent problems; user happy with plan. Feedback recorded.,1
CUST_000805,Male,41,North,Social,Month-to-month,Direct debit,Standard,Fibre,Standard,62,79.56,5014.5,,449,0,316.2,15.0,1,2,1,12.3,Customer satisfied with service; routine check completed. Routine follow-up in 30 days.,0
CUST_000806,Male,22,North,Paid Search,One year,Cash,Standard,5G_FWA,Standard,8,74.18,669.21,269.4,296,1,64.3,35.0,1,0,0,0.0,All services working as expected; thank you note received. Feedback recorded.,0
CUST_000807,Male,51,South,Organic,Month-to-month,Credit card,Premium,Fibre,Standard,66,100.49,6658.55,334.4,396,0,227.6,5.0,1,2,0,0.0,No recent problems; user happy with plan. Feedback recorded.,0
CUST_000808,Male,34,South,Paid Search,One year,Bank transfer,Standard,DSL,Standard,9,63.33,439.4,143.4,449,0,54.6,51.0,2,1,0,0.0,No recent problems; user happy with plan. Continue monitoring.,0
CUST_000809,Male,35,North,Organic,Two year,Credit card,Standard,Fibre,Priority,17,88.71,1481.96,336.2,558,1,172.8,130.0,1,0,1,5.5,Account stable; no issues reported. Feedback recorded.,0
CUST_000810,Male,45,West,Referral,Month-to-month,Bank transfer,Basic,5G_FWA,Priority,42,78.84,3270.53,90.9,813,0,100.8,36.0,0,0,0,0.0,Account stable; no issues reported. Continue monitoring.,0
CUST_000811,Male,29,South,Organic,One year,Direct debit,Standard,Fibre,Standard,13,71.59,950.32,268.5,275,1,272.6,24.0,1,1,0,0.0,All services working as expected; thank you note received. No action required.,0
CUST_000812,Female,29,West,Partner,Month-to-month,Credit card,Premium,Fibre,Priority,26,103.74,2721.66,335.5,500,0,232.1,23.0,0,0,0,0.0,Customer satisfied with service; routine check completed. No action required.,0
CUST_000813,Male,28,North,Social,Month-to-month,Credit card,Standard,5G_FWA,Standard,56,75.76,4099.98,248.4,680,0,134.7,18.0,0,0,0,0.0,Account stable; no issues reported. Continue monitoring.,0
CUST_000814,Female,28,East,Organic,Month-to-month,Direct debit,Basic,Fibre,Standard,1,58.14,170.28,306.2,586,1,160.4,15.0,1,0,1,14.6,Customer satisfied with service; routine check completed. Continue monitoring.,0
CUST_000815,Female,21,South,Paid Search,Month-to-month,Direct debit,Basic,Fibre,Priority,59,84.79,5019.25,141.0,527,0,326.3,15.0,0,0,0,0.0,All services working as expected; thank you note received. Continue monitoring.,0
CUST_000816,Male,40,North,Organic,Two year,Bank transfer,Standard,5G_FWA,Standard,32,75.43,2326.69,239.5,444,0,124.0,15.0,1,0,1,21.1,Account stable; no issues reported. Continue monitoring.,0
CUST_000817,Male,39,East,Social,Month-to-month,Direct debit,Premium,Fibre,Standard,45,105.36,4805.61,335.9,837,0,193.0,22.0,0,0,1,22.7,Account stable; no issues reported. No action required.,0
CUST_000818,Male,21,South,Social,Month-to-month,Direct debit,Standard,DSL,Priority,0,76.76,165.91,135.6,783,2,18.5,48.0,0,1,0,0.0,Customer satisfied with service; routine check completed. Continue monitoring.,1
CUST_000819,Male,29,West,Referral,Month-to-month,Credit card,Standard,Fibre,Standard,6,72.45,383.74,339.0,644,1,256.3,11.0,4,4,1,5.1,Account stable; no issues reported. Routine follow-up in 30 days.,0
CUST_000820,Female,18,East,Organic,Month-to-month,Bank transfer,Premium,Fibre,Standard,41,94.27,3829.1,239.4,551,0,255.0,12.0,1,0,0,0.0,Customer satisfied with service; routine check completed. Continue monitoring.,0
CUST_000821,Female,39,West,Organic,Month-to-month,Bank transfer,Premium,Fibre,Standard,16,96.07,1554.83,340.7,718,1,175.2,12.0,2,0,0,0.0,All services working as expected; thank you note received. Continue monitoring.,0
CUST_000822,Male,44,West,Social,Month-to-month,Credit card,Standard,Fibre,Standard,49,74.72,3479.35,265.3,57,0,143.5,18.0,1,0,1,24.9,Account stable; no issues reported. No action required.,0
CUST_000823,Female,21,North,Organic,Month-to-month,Direct debit,Standard,Fibre,Standard,51,76.66,3921.24,,730,1,152.6,22.0,0,0,0,0.0,All services working as expected; thank you note received. Feedback recorded.,0
CUST_000824,Female,48,South,Referral,One year,Direct debit,Basic,5G_FWA,Standard,44,56.22,2333.92,140.3,555,0,67.5,39.0,0,1,0,0.0,Customer satisfied with service; routine check completed. No action required.,0
CUST_000825,Female,37,South,Partner,Month-to-month,Direct debit,Standard,Fibre,Standard,0,89.01,0.0,334.6,740,3,208.5,19.0,4,2,0,0.0,Customer requested plan review; offered options. Monitor for 7 days.,0
CUST_000826,Female,23,East,Social,One year,Credit card,Standard,Fibre,Standard,47,78.63,3635.12,280.1,996,2,217.9,15.0,0,1,0,0.0,No recent problems; user happy with plan. Feedback recorded.,0
CUST_000827,Female,35,East,Referral,One year,Bank transfer,Standard,Fibre,Standard,34,80.41,2803.8,277.2,545,0,171.8,12.0,0,1,1,20.1,Account stable; no issues reported. No action required.,0
CUST_000828,Male,33,North,Paid Search,Month-to-month,Credit card,Basic,Fibre,Standard,1,61.3,0.0,210.9,187,2,161.8,7.0,3,2,0,0.0,Customer mentioned intermittent issues; advised restart and monitoring. Customer advised on next steps.,1
CUST_000829,Male,40,West,Paid Search,Month-to-month,Direct debit,Standard,Fibre,Priority,19,82.46,1748.57,336.0,777,0,189.7,9.0,0,0,0,0.0,All services working as expected; thank you note received. Feedback recorded.,0
CUST_000830,Male,49,South,Referral,Month-to-month,Bank transfer,Standard,Fibre,Standard,6,58.9,376.84,343.9,949,1,199.1,35.0,1,0,1,17.7,Account stable; no issues reported. Routine follow-up in 30 days.,0
CUST_000831,Male,21,East,Partner,One year,Direct debit,Basic,Fibre,Priority,48,71.14,3117.61,309.8,517,1,270.0,15.0,1,0,0,0.0,No recent problems; user happy with plan. Routine follow-up in 30 days.,0
CUST_000832,Female,55,West,Referral,Month-to-month,Credit card,Premium,DSL,Priority,23,99.72,2290.89,180.5,456,2,40.1,65.0,0,0,0,0.0,Account stable; no issues reported. Feedback recorded.,0
CUST_000833,Male,35,North,Organic,Month-to-month,Bank transfer,Premium,DSL,Standard,68,82.36,5723.51,,813,1,55.5,38.0,1,2,1,11.2,No recent problems; user happy with plan. Continue monitoring.,0
CUST_000834,Female,30,West,Partner,One year,Bank transfer,Premium,Fibre,Standard,33,93.96,3155.04,306.1,510,1,175.1,10.0,0,1,0,0.0,All services working as expected; thank you note received. Feedback recorded.,0
CUST_000835,Male,50,East,Paid Search,Month-to-month,Direct debit,Premium,DSL,Standard,11,83.17,988.01,39.8,194,0,44.1,36.0,0,1,0,0.0,No recent problems; user happy with plan. Continue monitoring.,0
CUST_000836,Female,53,East,Paid Search,Month-to-month,Direct debit,Standard,Fibre,Standard,45,89.52,3967.45,329.1,765,2,240.7,31.0,3,2,1,23.1,Account stable; no issues reported. Routine follow-up in 30 days.,0
CUST_000837,Male,38,South,Organic,Month-to-month,Credit card,Standard,Fibre,Standard,51,79.84,3974.44,241.2,408,0,171.7,12.0,1,0,0,0.0,Account stable; no issues reported. Continue monitoring.,0
CUST_000838,Female,28,West,Organic,Month-to-month,Credit card,Standard,DSL,Standard,25,63.88,1618.13,137.5,482,3,38.5,29.0,1,1,0,0.0,All services working as expected; thank you note received. No action required.,1
CUST_000839,Male,53,West,Paid Search,Month-to-month,Direct debit,Standard,5G_FWA,Standard,55,77.49,4304.8,186.2,405,0,132.2,26.0,3,0,0,0.0,All services working as expected; thank you note received. Routine follow-up in 30 days.,0
CUST_000840,Female,28,East,Referral,Month-to-month,Direct debit,Standard,None,Standard,0,64.83,0.0,18.4,576,1,11.0,37.0,3,1,0,0.0,Customer satisfied with service; routine check completed. Routine follow-up in 30 days.,1
CUST_000841,Male,52,North,Organic,Two year,Credit card,Basic,Fibre,Standard,12,56.2,621.92,227.2,455,0,,12.0,1,1,0,0.0,All services working as expected; thank you note received. Feedback recorded.,0
CUST_000842,Female,19,West,Paid Search,Month-to-month,Direct debit,Standard,5G_FWA,Standard,25,76.71,1933.69,279.9,552,1,79.1,24.0,1,1,1,17.9,All services working as expected; thank you note received. Feedback recorded.,0
CUST_000843,Female,31,South,Partner,Month-to-month,Credit card,Standard,Fibre,Standard,63,74.42,4762.23,268.4,681,1,167.5,25.0,1,1,0,0.0,No recent problems; user happy with plan. Feedback recorded.,0
CUST_000844,Male,39,West,Paid Search,Month-to-month,Direct debit,Premium,None,Standard,57,83.96,4670.31,83.7,672,1,5.0,45.0,3,1,1,19.8,No recent problems; user happy with plan. Feedback recorded.,1
CUST_000845,Male,55,East,Referral,Month-to-month,Direct debit,Premium,Fibre,Standard,31,92.03,2861.06,258.3,393,0,227.9,15.0,1,0,0,0.0,No recent problems; user happy with plan. Feedback recorded.,0
CUST_000846,Male,21,South,Partner,Month-to-month,Direct debit,Standard,Fibre,Standard,20,73.67,1453.58,212.9,679,0,216.6,15.0,0,0,0,0.0,All services working as expected; thank you note received. Continue monitoring.,0
CUST_000847,Male,40,West,Referral,Month-to-month,Bank transfer,Basic,Fibre,Standard,59,56.57,3264.91,351.2,566,1,182.8,23.0,3,0,0,0.0,Customer satisfied with service; routine check completed. No action required.,1
CUST_000848,Male,44,East,Organic,Month-to-month,Direct debit,Standard,Fibre,Standard,28,83.23,2223.5,222.5,406,1,258.6,29.0,4,4,0,0.0,Customer satisfied with service; routine check completed. Feedback recorded.,0
CUST_000849,Female,19,North,Paid Search,One year,Direct debit,Basic,Fibre,Standard,42,63.75,2530.88,286.1,551,0,224.0,28.0,0,0,0,0.0,Account stable; no issues reported. Routine follow-up in 30 days.,1
CUST_000850,Male,58,South,Paid Search,Month-to-month,Bank transfer,Standard,Fibre,Standard,22,77.95,1778.72,310.9,43,0,193.2,16.0,2,1,1,12.4,No recent problems; user happy with plan. No action required.,1
CUST_000851,Female,52,West,Organic,Two year,Bank transfer,Standard,Fibre,Priority,4,88.55,327.09,178.7,220,0,215.6,5.0,3,0,0,0.0,No recent problems; user happy with plan. Feedback recorded.,0
CUST_000852,Female,21,South,Social,Month-to-month,Direct debit,Standard,Fibre,Standard,16,78.72,1405.22,277.6,809,1,205.0,20.0,3,1,1,24.3,Account stable; no issues reported. Feedback recorded.,0
CUST_000853,Female,58,East,Paid Search,Month-to-month,Cash,Basic,Fibre,Standard,1,57.47,40.38,219.1,256,0,272.0,7.0,3,0,0,0.0,Customer satisfied with service; routine check completed. Feedback recorded.,0
CUST_000854,Female,18,East,Organic,Two year,Direct debit,Standard,Fibre,Standard,56,86.29,4723.01,267.1,446,0,241.0,27.0,0,1,0,0.0,No recent problems; user happy with plan. No action required.,0
CUST_000855,Female,41,North,Referral,Month-to-month,Credit card,Premium,DSL,Standard,41,84.97,3557.03,170.5,186,1,16.2,32.0,0,2,0,0.0,All services working as expected; thank you note received. Feedback recorded.,0
CUST_000856,Male,46,West,Organic,Two year,Direct debit,Premium,Fibre,Standard,52,95.53,5342.46,408.7,404,0,124.5,5.0,2,1,1,11.0,Account stable; no issues reported. Feedback recorded.,0
CUST_000857,Male,52,East,Referral,Month-to-month,Credit card,Standard,DSL,Priority,31,70.99,2253.78,178.7,454,0,65.1,28.0,1,2,1,22.7,Customer satisfied with service; routine check completed. Routine follow-up in 30 days.,0
CUST_000858,Male,42,South,Partner,Month-to-month,Bank transfer,Standard,None,Standard,35,58.73,2159.99,,541,0,6.7,46.0,0,0,0,0.0,Account stable; no issues reported. No action required.,0
CUST_000859,Female,33,West,Paid Search,One year,Bank transfer,Premium,Fibre,Standard,45,,4188.73,325.1,320,0,226.8,21.0,2,0,1,6.8,All services working as expected; thank you note received. No action required.,0
CUST_000860,Female,32,West,Social,Month-to-month,Direct debit,Premium,Fibre,Priority,7,105.97,683.98,289.8,569,0,151.6,13.0,1,1,1,11.0,No recent problems; user happy with plan. Continue monitoring.,0
CUST_000861,Male,30,North,Partner,Month-to-month,Credit card,Basic,5G_FWA,Standard,62,41.1,2481.57,247.6,569,1,141.5,32.0,0,0,1,5.4,Customer satisfied with service; routine check completed. Continue monitoring.,0
CUST_000862,Male,45,East,Social,Two year,Bank transfer,Basic,None,Standard,46,32.62,1412.55,31.5,167,1,8.0,40.0,2,1,0,0.0,No recent problems; user happy with plan. Routine follow-up in 30 days.,1
CUST_000863,Male,56,West,Paid Search,One year,Credit card,Standard,Fibre,Standard,57,84.42,4985.65,286.5,381,0,225.6,20.0,1,2,0,0.0,Account stable; no issues reported. Feedback recorded.,0
CUST_000864,Male,36,South,Referral,Month-to-month,Credit card,Basic,Fibre,Standard,21,52.02,1028.79,324.2,670,4,221.2,5.0,2,1,0,0.0,Account stable; no issues reported. No action required.,0
CUST_000865,Female,52,South,Organic,One year,Direct debit,Basic,None,Standard,31,33.8,1000.03,0.0,1037,1,13.0,55.0,1,0,0,0.0,All services working as expected; thank you note received. Feedback recorded.,0
CUST_000866,Female,55,South,Organic,Month-to-month,Direct debit,Standard,Fibre,Priority,42,74.37,3100.62,,595,1,215.5,16.0,1,0,0,0.0,All services working as expected; thank you note received. No action required.,0
CUST_000867,Male,47,East,Partner,Month-to-month,Direct debit,Basic,Fibre,Priority,62,64.8,3944.25,174.9,465,0,283.4,15.0,1,0,1,16.5,All services working as expected; thank you note received. Continue monitoring.,1
CUST_000868,Female,39,South,Paid Search,Month-to-month,Cash,Basic,Fibre,Priority,44,52.02,2337.25,310.8,432,0,179.4,24.0,1,2,0,0.0,No recent problems; user happy with plan. Continue monitoring.,0
CUST_000869,Female,67,West,Partner,Month-to-month,Credit card,Basic,5G_FWA,Priority,48,66.16,3385.24,52.3,509,1,148.4,43.0,2,0,0,0.0,No recent problems; user happy with plan. No action required.,0
CUST_000870,Female,30,East,Referral,Month-to-month,Credit card,Basic,5G_FWA,Standard,28,53.44,1512.4,96.3,314,0,73.2,53.0,1,0,0,0.0,No recent problems; user happy with plan. Routine follow-up in 30 days.,0
CUST_000871,NonBinary,23,North,Social,Two year,Credit card,Standard,Fibre,Standard,55,61.97,3269.96,348.7,467,1,167.6,14.0,0,0,1,20.3,All services working as expected; thank you note received. Continue monitoring.,0
CUST_000872,Male,36,West,Organic,Month-to-month,Direct debit,Premium,Fibre,Priority,28,107.03,2888.71,289.3,503,1,223.8,31.0,2,0,0,0.0,No recent problems; user happy with plan. Continue monitoring.,0
CUST_000873,Female,45,East,Social,Month-to-month,Bank transfer,Basic,Fibre,Standard,69,62.26,4260.49,253.7,429,1,294.3,7.0,6,0,0,0.0,Account stable; no issues reported. Feedback recorded.,0
CUST_000874,Male,18,South,Organic,One year,Credit card,Standard,Fibre,Priority,30,72.52,2079.36,322.5,849,2,144.4,17.0,2,2,0,0.0,No recent problems; user happy with plan. Feedback recorded.,0
CUST_000875,Female,46,East,Organic,Month-to-month,Credit card,Standard,Fibre,Standard,58,82.57,,278.1,199,0,271.3,13.0,0,0,1,17.6,No recent problems; user happy with plan. Continue monitoring.,0
CUST_000876,Female,55,West,Paid Search,Two year,Direct debit,Basic,5G_FWA,Standard,68,45.63,3303.05,114.9,573,1,162.8,31.0,1,0,0,0.0,No recent problems; user happy with plan. No action required.,0
CUST_000877,Female,27,West,Referral,Month-to-month,Bank transfer,Standard,Fibre,Standard,64,79.18,4836.13,238.3,619,1,,11.0,2,1,0,0.0,Customer satisfied with service; routine check completed. Routine follow-up in 30 days.,0
CUST_000878,Female,44,East,Organic,Month-to-month,Direct debit,Standard,Fibre,Standard,28,76.77,2158.21,303.4,981,0,224.8,25.0,1,1,1,18.9,Account stable; no issues reported. Feedback recorded.,1
CUST_000879,Female,25,South,Organic,Month-to-month,Direct debit,Basic,Fibre,Standard,38,60.47,2429.33,306.7,689,1,214.5,22.0,1,1,0,0.0,Customer satisfied with service; routine check completed. No action required.,0
CUST_000880,Male,30,North,Partner,Month-to-month,Bank transfer,Standard,Fibre,Standard,55,72.22,3956.35,245.5,391,0,220.6,9.0,2,1,0,0.0,All services working as expected; thank you note received. No action required.,0
CUST_000881,Female,34,West,Paid Search,Month-to-month,Direct debit,Standard,Fibre,Standard,70,64.02,4503.8,260.5,1130,1,180.2,19.0,2,0,0,0.0,All services working as expected; thank you note received. No action required.,0
CUST_000882,Female,42,East,Organic,One year,Credit card,Premium,None,Standard,37,55.82,2122.79,112.4,591,2,7.7,46.0,0,0,0,0.0,Customer satisfied with service; routine check completed. Routine follow-up in 30 days.,0
CUST_000883,Female,50,East,Social,One year,Direct debit,Premium,DSL,Standard,58,92.9,5346.0,148.1,828,2,43.8,36.0,0,1,0,0.0,All services working as expected; thank you note received. No action required.,0
CUST_000884,Male,53,East,Organic,Month-to-month,Bank transfer,Standard,DSL,Standard,7,72.36,466.94,211.6,608,1,75.6,46.0,0,0,1,13.5,Account stable; no issues reported. Continue monitoring.,0
CUST_000885,Male,22,West,Referral,Month-to-month,Direct debit,Basic,Fibre,Standard,25,56.46,1406.31,169.4,424,1,264.7,27.0,1,0,0,0.0,No recent problems; user happy with plan. Feedback recorded.,0
CUST_000886,Male,32,West,Paid Search,One year,Direct debit,Premium,DSL,Standard,27,83.68,2240.95,190.0,370,1,12.7,39.0,0,0,0,0.0,All services working as expected; thank you note received. No action required.,0
CUST_000887,Male,30,East,Organic,Month-to-month,Direct debit,Premium,Fibre,Standard,25,89.24,2301.3,388.7,340,0,222.5,16.0,0,1,0,0.0,Customer satisfied with service; routine check completed. Routine follow-up in 30 days.,0
CUST_000888,Male,66,West,Social,Two year,Bank transfer,Standard,Fibre,Standard,61,75.42,4547.22,376.1,489,1,193.7,12.0,0,0,0,0.0,All services working as expected; thank you note received. Routine follow-up in 30 days.,0
CUST_000889,Female,44,North,Organic,Month-to-month,Bank transfer,Standard,Fibre,Priority,19,84.9,1536.08,253.7,195,1,222.2,11.0,1,0,0,0.0,All services working as expected; thank you note received. Continue monitoring.,0
CUST_000890,Female,53,West,Organic,Two year,Bank transfer,Standard,DSL,Standard,71,,5110.58,140.4,473,1,56.0,41.0,0,1,1,22.1,All services working as expected; thank you note received. Feedback recorded.,0
CUST_000891,Female,53,South,Organic,Two year,Direct debit,Basic,None,Priority,15,33.83,685.35,0.0,365,0,12.1,43.0,1,0,0,0.0,All services working as expected; thank you note received. Routine follow-up in 30 days.,0
CUST_000892,Male,44,North,Paid Search,One year,Bank transfer,Basic,Fibre,Standard,13,49.75,756.07,240.7,334,0,162.4,9.0,1,0,0,0.0,Account stable; no issues reported. Routine follow-up in 30 days.,0
CUST_000893,Female,50,South,Referral,Month-to-month,Direct debit,Standard,Fibre,Standard,30,68.35,2113.34,271.7,568,0,136.3,23.0,1,0,1,13.5,All services working as expected; thank you note received. Feedback recorded.,0
CUST_000894,Male,34,East,Partner,Month-to-month,Direct debit,Standard,Fibre,Priority,71,86.3,6328.82,269.6,135,1,359.0,16.0,2,0,0,0.0,Customer satisfied with service; routine check completed. Continue monitoring.,0
CUST_000895,Female,32,West,Paid Search,Month-to-month,Credit card,Basic,DSL,Priority,8,58.94,380.88,20.7,348,0,59.3,40.0,0,0,0,0.0,All services working as expected; thank you note received. Routine follow-up in 30 days.,0
CUST_000896,Female,58,South,Paid Search,Two year,Direct debit,Premium,Fibre,Standard,19,96.98,1789.85,369.7,631,1,270.4,16.0,0,0,1,24.2,All services working as expected; thank you note received. Feedback recorded.,0
CUST_000897,Male,46,North,Partner,Month-to-month,Credit card,Standard,DSL,Priority,22,72.75,1649.13,39.0,527,0,3.8,51.0,1,0,1,24.4,Account stable; no issues reported. Routine follow-up in 30 days.,0
CUST_000898,Female,41,South,Paid Search,Month-to-month,Cash,Standard,5G_FWA,Standard,0,66.85,0.0,197.6,755,3,153.2,14.0,2,0,0,0.0,No recent problems; user happy with plan. Routine follow-up in 30 days.,1
CUST_000899,Male,34,West,Organic,One year,Direct debit,Premium,Fibre,Standard,52,105.1,5197.36,315.3,903,1,230.9,9.0,1,1,0,0.0,Account stable; no issues reported. Feedback recorded.,0
CUST_000900,Female,33,North,Organic,Month-to-month,Bank transfer,Premium,Fibre,Standard,21,94.53,2159.63,251.4,300,0,301.7,26.0,1,0,1,25.0,All services working as expected; thank you note received. No action required.,0
CUST_000901,Male,37,South,Referral,Month-to-month,Direct debit,Standard,Fibre,Priority,42,86.34,3665.86,178.7,649,2,321.3,19.0,2,0,0,0.0,No recent problems; user happy with plan. No action required.,0
CUST_000902,Male,23,North,Organic,One year,Bank transfer,Basic,DSL,Standard,16,53.67,932.05,43.5,328,2,69.4,,4,1,0,0.0,Account stable; no issues reported. No action required.,0
CUST_000903,Male,40,North,Social,Month-to-month,Direct debit,Standard,Fibre,Standard,49,70.54,3411.25,353.7,631,0,267.6,14.0,1,0,1,19.8,Account stable; no issues reported. Feedback recorded.,0
CUST_000904,Female,19,West,Referral,Month-to-month,Direct debit,Basic,Fibre,Priority,51,55.87,3022.69,227.1,282,0,96.3,9.0,0,0,0,0.0,Customer satisfied with service; routine check completed. Continue monitoring.,0
CUST_000905,Female,18,North,Organic,Month-to-month,Credit card,Standard,Fibre,Standard,1,79.11,5.49,267.3,851,0,148.1,10.0,3,1,0,0.0,Account stable; no issues reported. Continue monitoring.,0
CUST_000906,Male,18,North,Referral,Month-to-month,Direct debit,Premium,Fibre,Standard,48,89.97,4373.22,262.6,437,1,180.6,17.0,3,1,0,0.0,Account stable; no issues reported. Continue monitoring.,0
CUST_000907,Female,55,East,Organic,Two year,Direct debit,Basic,5G_FWA,Standard,5,43.9,131.22,138.0,335,0,138.8,28.0,1,2,0,0.0,All services working as expected; thank you note received. No action required.,0
CUST_000908,Male,50,West,Organic,Month-to-month,Bank transfer,Basic,5G_FWA,Standard,28,53.17,1526.3,188.5,651,0,223.6,35.0,0,0,1,12.9,All services working as expected; thank you note received. Feedback recorded.,0
CUST_000909,Male,18,South,Referral,Month-to-month,Direct debit,Basic,DSL,Priority,63,62.06,3871.36,84.4,549,1,39.1,35.0,2,0,0,0.0,Account stable; no issues reported. No action required.,0
CUST_000910,Male,35,North,Paid Search,Month-to-month,Direct debit,Standard,Fibre,Standard,11,74.57,769.93,243.3,644,0,228.3,18.0,0,1,1,8.9,No recent problems; user happy with plan. Routine follow-up in 30 days.,0
CUST_000911,Male,18,North,Organic,Two year,Credit card,Standard,Fibre,Standard,12,68.26,840.19,350.4,458,2,250.4,18.0,3,1,1,11.8,Customer satisfied with service; routine check completed. No action required.,0
CUST_000912,Male,28,East,Paid Search,Month-to-month,Credit card,Standard,5G_FWA,Standard,3,63.59,210.38,212.1,772,2,130.7,38.0,1,1,0,0.0,Account stable; no issues reported. Continue monitoring.,0
CUST_000913,Female,43,North,Organic,Month-to-month,Bank transfer,Standard,Fibre,Standard,13,87.02,1085.08,323.9,504,2,287.8,17.0,1,1,1,20.7,Account stable; no issues reported. Feedback recorded.,0
CUST_000914,Female,32,South,Partner,Month-to-month,Direct debit,Basic,Fibre,Standard,71,53.03,3872.17,277.6,257,1,179.4,11.0,1,0,1,12.9,Customer satisfied with service; routine check completed. No action required.,1
CUST_000915,Male,56,South,Paid Search,Month-to-month,Direct debit,Premium,5G_FWA,Priority,30,96.17,2976.68,295.2,404,0,79.1,41.0,2,0,0,0.0,No recent problems; user happy with plan. No action required.,0
CUST_000916,Female,32,South,Paid Search,Month-to-month,Direct debit,Basic,5G_FWA,Standard,1,60.16,183.64,200.2,606,1,186.0,34.0,0,1,1,9.9,Customer satisfied with service; routine check completed. Feedback recorded.,0
CUST_000917,Female,35,South,Paid Search,Two year,Direct debit,Premium,Fibre,Standard,6,101.57,423.28,297.9,403,2,227.9,17.0,3,2,0,0.0,Account stable; no issues reported. Feedback recorded.,0
CUST_000918,Male,35,North,Organic,Two year,Credit card,Premium,DSL,Standard,24,89.35,2039.3,159.9,442,0,58.7,31.0,0,2,0,0.0,All services working as expected; thank you note received. No action required.,0
CUST_000919,Male,40,North,Organic,Month-to-month,Bank transfer,Basic,5G_FWA,Priority,65,63.49,4166.18,87.5,682,1,150.3,15.0,2,2,0,0.0,Account stable; no issues reported. Continue monitoring.,0
CUST_000920,Male,42,North,Organic,Month-to-month,Credit card,Premium,5G_FWA,Standard,71,89.93,6331.44,619.7,504,2,142.0,30.0,0,0,0,0.0,No recent problems; user happy with plan. Routine follow-up in 30 days.,1
CUST_000921,Female,45,South,Organic,Month-to-month,Direct debit,Standard,DSL,Standard,55,64.99,3418.12,117.9,492,1,38.1,42.0,0,0,1,13.9,All services working as expected; thank you note received. Routine follow-up in 30 days.,0
CUST_000922,Male,47,West,Referral,One year,Direct debit,Standard,DSL,Standard,54,68.73,3407.96,107.7,702,3,47.0,43.0,1,0,0,0.0,Customer satisfied with service; routine check completed. No action required.,0
CUST_000923,Male,49,South,Organic,Two year,Direct debit,Basic,Fibre,Standard,45,56.48,2495.23,223.4,340,1,160.2,23.0,2,1,0,0.0,No recent problems; user happy with plan. No action required.,0
CUST_000924,Male,51,West,Paid Search,Month-to-month,Direct debit,Standard,5G_FWA,Standard,6,66.75,303.52,223.8,564,2,143.9,37.0,1,0,0,0.0,Customer satisfied with service; routine check completed. Continue monitoring.,1
CUST_000925,Male,30,North,Partner,Month-to-month,Direct debit,Premium,Fibre,Standard,47,105.12,4903.7,302.2,923,1,251.5,9.0,2,1,0,0.0,No recent problems; user happy with plan. No action required.,0
CUST_000926,Female,31,North,Organic,Month-to-month,Direct debit,Basic,Fibre,Standard,17,50.16,832.06,151.7,395,0,224.1,15.0,1,0,0,0.0,Customer satisfied with service; routine check completed. No action required.,0
CUST_000927,Male,26,East,Referral,Month-to-month,Direct debit,Standard,DSL,Priority,45,67.76,3182.78,120.0,384,2,61.0,64.0,1,0,0,0.0,All services working as expected; thank you note received. Routine follow-up in 30 days.,0
CUST_000928,Female,54,North,Paid Search,Month-to-month,Direct debit,Basic,Fibre,Standard,21,53.1,1211.53,120.4,657,1,179.9,24.0,0,0,0,0.0,All services working as expected; thank you note received. Continue monitoring.,0
CUST_000929,Male,36,North,Social,Month-to-month,Direct debit,Basic,Fibre,Standard,32,37.31,1091.79,265.7,195,0,239.2,17.0,0,0,0,0.0,All services working as expected; thank you note received. Feedback recorded.,0
CUST_000930,NonBinary,36,East,Paid Search,Month-to-month,Direct debit,Standard,5G_FWA,Standard,10,65.77,626.05,149.5,158,0,215.2,39.0,0,1,0,0.0,No recent problems; user happy with plan. Routine follow-up in 30 days.,0
CUST_000931,Female,36,West,Paid Search,Two year,Direct debit,Standard,Fibre,Standard,7,76.13,427.11,263.9,315,0,65.4,25.0,0,0,0,0.0,No recent problems; user happy with plan. Continue monitoring.,0
CUST_000932,Male,49,North,Paid Search,Month-to-month,Direct debit,Standard,DSL,Standard,6,72.65,333.62,151.8,419,3,56.3,43.0,1,0,1,24.8,All services working as expected; thank you note received. Continue monitoring.,0
CUST_000933,NonBinary,31,South,Organic,Month-to-month,Direct debit,Basic,Fibre,Standard,27,55.01,1670.15,251.2,746,2,,13.0,2,1,0,0.0,All services working as expected; thank you note received. Feedback recorded.,0
CUST_000934,Male,32,South,Referral,Month-to-month,Direct debit,Basic,DSL,Standard,14,48.57,789.94,57.4,798,0,25.0,76.0,2,0,0,0.0,All services working as expected; thank you note received. Feedback recorded.,1
CUST_000935,Male,37,North,Paid Search,One year,Direct debit,Standard,5G_FWA,Standard,23,70.85,1830.64,194.2,694,3,101.7,26.0,1,0,0,0.0,No recent problems; user happy with plan. No action required.,0
CUST_000936,Male,40,North,Organic,Month-to-month,Direct debit,Standard,5G_FWA,Priority,44,88.47,4100.75,175.8,935,3,139.5,33.0,0,0,1,18.1,All services working as expected; thank you note received. Feedback recorded.,0
CUST_000937,Male,39,East,Paid Search,Month-to-month,Direct debit,Basic,5G_FWA,Standard,41,38.5,1508.28,213.0,126,0,83.9,37.0,1,1,0,0.0,No recent problems; user happy with plan. Feedback recorded.,1
CUST_000938,Male,18,West,Paid Search,Two year,Credit card,Basic,Fibre,Standard,61,55.23,3263.81,221.5,859,2,270.1,23.0,2,1,1,22.6,All services working as expected; thank you note received. Continue monitoring.,0
CUST_000939,Male,49,East,Paid Search,Two year,Credit card,Standard,DSL,Standard,56,58.77,3366.19,28.2,555,0,47.6,41.0,0,1,0,0.0,Customer satisfied with service; routine check completed. No action required.,0
CUST_000940,Female,46,South,Paid Search,Month-to-month,Bank transfer,Basic,DSL,Standard,4,46.77,105.42,136.1,772,0,38.6,53.0,1,0,0,0.0,All services working as expected; thank you note received. No action required.,0
CUST_000941,Female,45,North,Organic,Month-to-month,Direct debit,Standard,Fibre,Standard,2,76.32,149.27,267.4,849,0,290.9,21.0,0,2,1,8.2,Customer satisfied with service; routine check completed. Continue monitoring.,0
CUST_000942,Female,45,South,Social,Month-to-month,Direct debit,Standard,5G_FWA,Standard,17,67.89,1201.6,199.9,167,1,241.1,27.0,1,0,1,17.8,Customer satisfied with service; routine check completed. Routine follow-up in 30 days.,0
CUST_000943,Male,32,South,Referral,One year,Direct debit,Premium,DSL,Standard,51,77.84,3877.08,61.1,491,3,34.1,45.0,2,1,0,0.0,No recent problems; user happy with plan. Continue monitoring.,0
CUST_000944,Male,21,South,Paid Search,Month-to-month,Direct debit,Premium,Fibre,Priority,40,89.1,3620.15,228.2,225,0,205.8,13.0,1,0,1,12.7,All services working as expected; thank you note received. Feedback recorded.,0
CUST_000945,Male,46,East,Paid Search,Month-to-month,Credit card,Basic,DSL,Standard,17,52.06,838.73,72.2,570,1,31.3,43.0,3,3,0,0.0,No recent problems; user happy with plan. Routine follow-up in 30 days.,0
CUST_000946,Male,22,East,Organic,One year,Credit card,Premium,Fibre,Priority,43,110.77,4882.78,380.3,449,1,192.0,22.0,2,0,1,12.5,No recent problems; user happy with plan. Continue monitoring.,0
CUST_000947,Male,48,North,Organic,Month-to-month,Direct debit,Standard,Fibre,Standard,46,72.98,3385.74,330.2,536,1,236.3,9.0,1,0,1,7.4,All services working as expected; thank you note received. Feedback recorded.,0
CUST_000948,Female,28,West,Organic,One year,Credit card,Basic,Fibre,Standard,72,50.89,3676.03,243.0,619,2,264.6,21.0,1,1,1,18.3,All services working as expected; thank you note received. No action required.,0
CUST_000949,Male,40,North,Partner,One year,Direct debit,Basic,5G_FWA,Standard,21,38.19,708.33,130.9,484,1,202.7,35.0,0,0,1,6.8,No recent problems; user happy with plan. No action required.,0
CUST_000950,Female,44,South,Referral,Month-to-month,Credit card,Standard,DSL,Standard,44,68.78,3167.24,190.6,546,1,38.0,36.0,0,0,1,19.5,Customer satisfied with service; routine check completed. Continue monitoring.,0
CUST_000951,NonBinary,41,South,Organic,Two year,Direct debit,Basic,5G_FWA,Standard,9,49.29,503.86,282.0,268,0,218.2,31.0,1,0,0,0.0,Account stable; no issues reported. Continue monitoring.,0
CUST_000952,Female,65,South,Organic,Month-to-month,Credit card,Basic,DSL,Standard,18,27.39,255.5,245.9,624,1,39.9,43.0,0,0,1,13.8,Customer satisfied with service; routine check completed. Continue monitoring.,0
CUST_000953,Female,46,North,Organic,One year,Credit card,Standard,Fibre,Standard,44,85.13,3644.32,361.9,459,2,184.5,21.0,4,2,0,0.0,Customer requested plan review; offered options. Follow-up recommended.,1
CUST_000954,Female,42,East,Organic,Month-to-month,Credit card,Premium,Fibre,Standard,43,96.75,4099.72,292.5,597,1,128.5,19.0,2,0,0,0.0,All services working as expected; thank you note received. No action required.,0
CUST_000955,Male,21,East,Partner,Month-to-month,Direct debit,Premium,Fibre,Standard,40,98.0,3950.65,,932,1,264.1,15.0,1,2,0,0.0,All services working as expected; thank you note received. Feedback recorded.,0
CUST_000956,Male,29,North,Partner,One year,Credit card,Premium,5G_FWA,Standard,18,79.7,1300.83,166.5,746,1,148.0,38.0,0,1,1,12.5,Customer satisfied with service; routine check completed. Feedback recorded.,0
CUST_000957,Male,18,South,Referral,Month-to-month,Bank transfer,Standard,DSL,Standard,30,61.67,1843.16,92.0,175,0,46.6,31.0,2,0,0,0.0,Account stable; no issues reported. Feedback recorded.,0
CUST_000958,Female,22,East,Partner,Month-to-month,Direct debit,Basic,5G_FWA,Priority,43,58.62,2544.33,99.4,810,1,148.7,31.0,0,0,1,18.6,No recent problems; user happy with plan. Continue monitoring.,1
CUST_000959,Female,50,West,Paid Search,Month-to-month,Credit card,Premium,Fibre,Standard,1,97.13,158.66,370.3,481,1,150.5,19.0,0,1,0,0.0,No recent problems; user happy with plan. No action required.,1
CUST_000960,Male,41,East,Organic,Month-to-month,Credit card,Premium,Fibre,Standard,30,97.05,2733.72,254.7,815,1,230.8,21.0,1,0,0,0.0,All services working as expected; thank you note received. Feedback recorded.,0
CUST_000961,Male,43,South,Paid Search,Month-to-month,Credit card,Standard,DSL,Standard,63,73.28,4850.35,138.8,386,0,41.5,35.0,1,0,0,0.0,No recent problems; user happy with plan. Feedback recorded.,0
CUST_000962,Male,46,East,Organic,One year,Direct debit,Standard,DSL,Standard,27,62.51,1540.54,156.2,396,1,27.4,38.0,1,1,1,5.8,Customer satisfied with service; routine check completed. Routine follow-up in 30 days.,0
CUST_000963,Male,19,East,Partner,Month-to-month,Bank transfer,Standard,DSL,Standard,58,68.75,3875.71,162.6,195,2,,46.0,1,0,0,0.0,Account stable; no issues reported. Feedback recorded.,0
CUST_000964,Male,39,West,Social,Two year,Direct debit,Standard,5G_FWA,Standard,47,83.16,3902.26,190.3,616,2,71.4,38.0,4,2,0,0.0,Customer satisfied with service; routine check completed. Continue monitoring.,0
CUST_000965,Female,53,East,Paid Search,Month-to-month,Credit card,Basic,Fibre,Standard,29,57.88,1807.33,304.9,965,3,239.6,40.0,0,0,1,17.8,No recent problems; user happy with plan. No action required.,0
CUST_000966,Female,43,North,Social,One year,Credit card,Standard,DSL,Standard,44,56.14,2614.57,171.6,954,3,43.5,55.0,1,1,0,0.0,Account stable; no issues reported. Routine follow-up in 30 days.,0
CUST_000967,Female,23,South,Organic,Month-to-month,Direct debit,Premium,5G_FWA,Priority,35,94.62,3130.96,283.5,701,2,34.4,24.0,3,0,1,9.0,All services working as expected; thank you note received. Feedback recorded.,0
CUST_000968,Female,52,West,Paid Search,Month-to-month,Bank transfer,Premium,Fibre,Standard,25,98.48,2584.3,321.2,465,3,287.4,26.0,2,1,1,14.9,Customer satisfied with service; routine check completed. Continue monitoring.,0
CUST_000969,Male,38,North,Referral,Month-to-month,Bank transfer,Standard,5G_FWA,Standard,16,83.37,1321.09,130.9,834,1,76.2,36.0,0,0,0,0.0,Customer satisfied with service; routine check completed. Routine follow-up in 30 days.,0
CUST_000970,Male,35,West,Organic,One year,Bank transfer,Standard,DSL,Standard,8,64.95,452.48,160.6,575,1,44.6,53.0,2,1,1,12.4,Account stable; no issues reported. No action required.,0
CUST_000971,Female,32,East,Partner,Month-to-month,Bank transfer,Standard,DSL,Standard,66,66.93,4487.42,168.6,795,1,42.1,49.0,1,0,1,14.3,Customer satisfied with service; routine check completed. Routine follow-up in 30 days.,0
CUST_000972,Male,30,West,Referral,Month-to-month,Direct debit,Standard,Fibre,Standard,39,65.95,2446.58,183.2,685,2,187.0,22.0,0,0,0,0.0,All services working as expected; thank you note received. Feedback recorded.,0
CUST_000973,Male,62,North,Paid Search,Month-to-month,Direct debit,Standard,5G_FWA,Standard,12,65.93,843.59,201.8,322,0,198.1,27.0,1,2,0,0.0,Account stable; no issues reported. Continue monitoring.,0
CUST_000974,Male,47,South,Social,One year,Direct debit,Standard,DSL,Standard,72,78.52,5648.61,,715,0,39.4,69.0,0,1,1,9.9,All services working as expected; thank you note received. No action required.,0
CUST_000975,Female,28,West,Organic,Month-to-month,Direct debit,Standard,DSL,Standard,20,66.3,1257.92,151.8,624,1,36.4,51.0,0,0,0,0.0,No recent problems; user happy with plan. Continue monitoring.,0
CUST_000976,Male,41,South,Partner,Month-to-month,Credit card,Standard,None,Standard,72,62.34,4561.08,0.0,535,1,8.9,63.0,1,1,0,0.0,No recent problems; user happy with plan. Routine follow-up in 30 days.,0
CUST_000977,Male,41,North,Social,Month-to-month,Bank transfer,Standard,DSL,Standard,29,73.32,2200.53,14.4,421,2,53.4,43.0,0,1,0,0.0,Customer satisfied with service; routine check completed. Routine follow-up in 30 days.,0
CUST_000978,Female,58,West,Partner,One year,Credit card,Standard,5G_FWA,Standard,27,81.23,2170.4,204.1,293,2,199.6,27.0,2,0,1,19.1,Customer satisfied with service; routine check completed. Continue monitoring.,0
CUST_000979,Male,40,South,Paid Search,One year,Credit card,Standard,5G_FWA,Priority,50,82.8,4302.59,,401,1,207.8,27.0,2,1,0,0.0,No recent problems; user happy with plan. No action required.,0
CUST_000980,Male,36,East,Paid Search,Month-to-month,Credit card,Premium,Fibre,Standard,42,103.64,4378.59,312.6,523,1,254.7,16.0,1,0,0,0.0,Account stable; no issues reported. Feedback recorded.,0
CUST_000981,Female,48,North,Paid Search,Two year,Direct debit,Standard,Fibre,Standard,51,74.72,3889.46,261.5,859,1,201.0,17.0,1,0,0,0.0,Account stable; no issues reported. No action required.,0
CUST_000982,Female,41,West,Organic,Month-to-month,Direct debit,Standard,Fibre,Standard,49,86.16,4141.4,150.7,0,0,176.2,24.0,1,0,1,10.5,All services working as expected; thank you note received. Feedback recorded.,0
CUST_000983,Male,55,North,Organic,Two year,Direct debit,Basic,Fibre,Priority,61,52.82,3169.27,287.4,1074,3,210.6,26.0,1,0,0,0.0,Account stable; no issues reported. No action required.,0
CUST_000984,Male,29,South,Paid Search,One year,Direct debit,Premium,Fibre,Standard,17,97.72,1651.77,338.6,566,1,316.8,18.0,3,1,0,0.0,Account stable; no issues reported. Continue monitoring.,0
CUST_000985,Male,49,South,Organic,Month-to-month,Credit card,Standard,Fibre,Standard,33,70.69,2306.67,361.3,427,0,287.2,8.0,0,2,0,0.0,All services working as expected; thank you note received. Continue monitoring.,0
CUST_000986,Female,63,West,Paid Search,Month-to-month,Credit card,Standard,Fibre,Standard,21,77.29,1682.2,204.0,288,0,234.3,17.0,2,0,0,0.0,All services working as expected; thank you note received. Feedback recorded.,0
CUST_000987,Female,51,South,Organic,Month-to-month,Credit card,Standard,5G_FWA,Priority,38,68.06,2478.75,240.7,560,1,,41.0,0,0,0,0.0,Customer satisfied with service; routine check completed. Feedback recorded.,1
CUST_000988,Male,23,South,Partner,Two year,Direct debit,Basic,5G_FWA,Standard,23,55.58,1345.52,148.3,643,1,116.0,37.0,2,2,1,5.9,Account stable; no issues reported. Feedback recorded.,0
CUST_000989,Female,38,West,Organic,Two year,Direct debit,Basic,Fibre,Standard,61,57.93,3539.53,166.5,428,0,194.0,7.0,0,0,1,22.8,No recent problems; user happy with plan. No action required.,0
CUST_000990,Male,31,South,Paid Search,Two year,Credit card,Standard,Fibre,Standard,60,75.1,4475.08,195.5,455,0,235.1,19.0,2,1,0,0.0,Customer satisfied with service; routine check completed. Feedback recorded.,0
CUST_000991,Female,49,West,Organic,Month-to-month,Credit card,Premium,DSL,Standard,15,75.68,1004.06,112.7,190,0,75.7,42.0,1,0,1,24.3,Account stable; no issues reported. Routine follow-up in 30 days.,0
CUST_000992,Male,40,West,Organic,One year,Credit card,Basic,Fibre,Standard,1,48.87,87.83,209.2,764,1,103.2,11.0,0,0,0,0.0,Customer satisfied with service; routine check completed. Feedback recorded.,1
CUST_000993,Female,18,West,Referral,Month-to-month,Credit card,Standard,DSL,Standard,69,62.6,4491.74,96.7,654,0,42.9,45.0,1,0,1,18.0,Customer satisfied with service; routine check completed. No action required.,0
CUST_000994,Male,36,East,Organic,Month-to-month,Bank transfer,Premium,5G_FWA,Priority,18,99.5,1507.63,212.9,1108,1,157.9,33.0,0,0,1,24.2,All services working as expected; thank you note received. Feedback recorded.,0
CUST_000995,Male,40,East,Social,Month-to-month,Credit card,Basic,5G_FWA,Standard,8,56.53,706.77,172.6,651,0,220.9,19.0,1,0,0,0.0,Customer satisfied with service; routine check completed. Continue monitoring.,1
CUST_000996,Male,36,South,Partner,Month-to-month,Direct debit,Basic,DSL,Standard,3,47.59,331.44,72.5,93,0,45.4,53.0,1,1,1,24.4,Customer satisfied with service; routine check completed. Routine follow-up in 30 days.,0
CUST_000997,Female,43,South,Partner,Two year,Credit card,Standard,Fibre,Standard,22,71.66,1458.94,134.8,819,4,199.0,5.0,3,0,0,0.0,Account stable; no issues reported. Feedback recorded.,0
CUST_000998,Male,50,West,Paid Search,Month-to-month,Bank transfer,Basic,DSL,Standard,1,45.7,215.28,889.3,749,0,48.3,46.0,0,0,1,9.5,Account stable; no issues reported. Routine follow-up in 30 days.,0
CUST_000999,Male,55,North,Organic,Month-to-month,Credit card,Standard,Fibre,Standard,58,75.26,4427.58,192.7,302,0,158.1,11.0,5,2,0,0.0,Account stable; no issues reported. Routine follow-up in 30 days.,0
CUST_001000,Male,27,East,Paid Search,Month-to-month,Direct debit,Premium,Fibre,Standard,22,98.8,2401.41,340.9,728,1,148.4,11.0,0,0,0,0.0,Account stable; no issues reported. Continue monitoring.,0
CUST_001001,Female,50,West,Organic,Month-to-month,Direct debit,Basic,Fibre,Standard,35,52.01,1830.34,226.3,670,1,228.4,23.0,0,1,0,0.0,All services working as expected; thank you note received. Continue monitoring.,0
CUST_001002,Female,31,South,Partner,One year,Direct debit,Basic,Fibre,Standard,20,61.3,1411.89,190.9,556,1,213.0,14.0,1,1,1,21.0,Account stable; no issues reported. Feedback recorded.,0
CUST_001003,Male,34,South,Organic,Two year,Direct debit,Standard,Fibre,Standard,60,70.27,4054.94,244.7,563,0,215.6,33.0,1,0,0,0.0,All services working as expected; thank you note received. Feedback recorded.,0
CUST_001004,Male,41,East,Social,Two year,Bank transfer,Premium,Fibre,Standard,29,116.26,3218.24,262.9,277,1,182.1,9.0,0,1,1,15.1,Customer satisfied with service; routine check completed. Feedback recorded.,0
CUST_001005,Female,41,South,Paid Search,Two year,Credit card,Premium,Fibre,Standard,71,86.44,6237.85,234.3,607,1,253.9,19.0,2,0,0,0.0,No recent problems; user happy with plan. Feedback recorded.,0
CUST_001006,Female,26,South,Social,Two year,Credit card,Premium,None,Priority,66,85.63,5764.19,84.7,264,0,4.5,54.0,0,0,1,23.2,Customer satisfied with service; routine check completed. Feedback recorded.,0
CUST_001007,Female,26,East,Organic,Two year,Bank transfer,Standard,Fibre,Priority,29,83.58,2462.48,254.5,333,0,297.0,15.0,1,1,1,21.1,Customer satisfied with service; routine check completed. No action required.,0
CUST_001008,Female,59,South,Organic,Month-to-month,Cash,Basic,Fibre,Standard,31,49.89,1609.47,155.0,240,0,260.9,19.0,1,0,0,0.0,All services working as expected; thank you note received. No action required.,0
CUST_001009,Female,62,South,Organic,Month-to-month,Bank transfer,Standard,Fibre,Standard,4,70.3,225.89,69.5,488,3,246.4,25.0,1,0,1,16.3,Customer satisfied with service; routine check completed. Routine follow-up in 30 days.,0
CUST_001010,Male,54,West,Paid Search,Month-to-month,Direct debit,Basic,Fibre,Standard,21,61.65,1393.69,153.4,369,2,139.6,16.0,0,0,0,0.0,Account stable; no issues reported. No action required.,0
CUST_001011,Female,31,East,Paid Search,Two year,Direct debit,Standard,Fibre,Priority,68,85.22,5888.0,263.6,762,0,315.5,18.0,0,1,0,0.0,No recent problems; user happy with plan. Feedback recorded.,0
CUST_001012,Male,49,South,Paid Search,Month-to-month,Direct debit,Standard,Fibre,Standard,59,83.96,5021.26,253.6,1022,1,302.3,20.0,2,0,1,24.7,All services working as expected; thank you note received. Continue monitoring.,0
CUST_001013,Female,42,North,Social,Month-to-month,Direct debit,Standard,DSL,Standard,57,63.72,3529.05,139.1,749,3,51.0,55.0,1,0,0,0.0,Customer satisfied with service; routine check completed. No action required.,0
CUST_001014,Male,18,South,Organic,Month-to-month,Bank transfer,Standard,Fibre,Standard,15,79.23,1241.75,376.1,734,1,284.8,18.0,0,0,0,0.0,Customer satisfied with service; routine check completed. Continue monitoring.,0
CUST_001015,Male,62,West,Organic,Month-to-month,Credit card,Standard,5G_FWA,Standard,40,75.65,3021.36,196.5,448,2,183.7,28.0,1,0,0,0.0,All services working as expected; thank you note received. Continue monitoring.,0
CUST_001016,Male,42,East,Organic,Month-to-month,Bank transfer,Standard,5G_FWA,Standard,48,73.86,3651.22,178.5,629,0,142.0,20.0,0,0,0,0.0,Account stable; no issues reported. Continue monitoring.,0
CUST_001017,Female,37,North,Referral,Two year,Credit card,Basic,Fibre,Standard,7,53.65,430.3,296.6,599,1,350.6,19.0,1,0,1,6.4,Customer satisfied with service; routine check completed. Continue monitoring.,0
CUST_001018,Female,42,North,Partner,One year,Direct debit,Basic,Fibre,Standard,32,44.02,1194.71,238.3,241,0,156.2,17.0,3,2,0,0.0,Customer satisfied with service; routine check completed. Feedback recorded.,0
CUST_001019,NonBinary,18,South,Paid Search,Month-to-month,Direct debit,Standard,Fibre,Priority,11,92.0,915.74,275.5,227,0,188.9,22.0,2,1,0,0.0,Customer satisfied with service; routine check completed. Continue monitoring.,1
CUST_001020,Female,41,South,Organic,Month-to-month,Direct debit,Standard,5G_FWA,Standard,71,68.55,4946.11,240.6,484,1,96.9,34.0,0,0,0,0.0,Account stable; no issues reported. Feedback recorded.,0
CUST_001021,Male,27,North,Organic,Month-to-month,Direct debit,Standard,5G_FWA,Standard,17,61.44,885.84,188.2,705,1,134.6,,4,0,0,0.0,Account stable; no issues reported. No action required.,1
CUST_001022,Female,39,East,Organic,Month-to-month,Direct debit,Standard,Fibre,Standard,65,67.13,4355.15,238.9,918,2,235.3,27.0,1,0,1,20.6,Customer satisfied with service; routine check completed. Routine follow-up in 30 days.,0
CUST_001023,Male,31,South,Organic,Month-to-month,Credit card,Standard,DSL,Standard,71,74.32,5221.76,138.5,285,0,,29.0,0,0,0,0.0,Account stable; no issues reported. Feedback recorded.,0
CUST_001024,Female,46,West,Organic,One year,Credit card,Basic,5G_FWA,Standard,22,62.85,1177.67,190.3,767,0,105.7,35.0,3,2,1,16.2,Account stable; no issues reported. Continue monitoring.,0
CUST_001025,Female,35,East,Organic,One year,Credit card,Standard,5G_FWA,Priority,8,71.31,421.8,225.3,542,2,108.2,24.0,0,2,0,0.0,No recent problems; user happy with plan. Continue monitoring.,0
CUST_001026,Male,18,West,Organic,Month-to-month,Direct debit,Basic,5G_FWA,Standard,55,62.14,3268.31,61.5,973,1,176.0,17.0,1,0,1,22.6,Customer satisfied with service; routine check completed. Routine follow-up in 30 days.,0
CUST_001027,Male,55,East,Paid Search,One year,Direct debit,Standard,5G_FWA,Priority,22,84.13,1906.49,179.1,530,1,160.0,38.0,1,0,0,0.0,All services working as expected; thank you note received. Routine follow-up in 30 days.,0
CUST_001028,Female,48,South,Referral,Month-to-month,Credit card,Standard,DSL,Standard,11,67.4,756.79,30.2,321,0,53.0,41.0,3,0,0,0.0,Customer satisfied with service; routine check completed. No action required.,1
CUST_001029,Male,42,North,Partner,One year,Credit card,Standard,None,Standard,24,58.4,1478.92,0.0,237,1,12.2,50.0,2,0,0,0.0,Account stable; no issues reported. Routine follow-up in 30 days.,0
CUST_001030,Female,21,South,Paid Search,Two year,Direct debit,Premium,Fibre,Standard,64,78.06,4817.24,252.0,608,1,150.6,18.0,2,3,0,0.0,No recent problems; user happy with plan. Routine follow-up in 30 days.,0
CUST_001031,Female,40,East,Partner,Month-to-month,Cash,Premium,None,Standard,50,74.44,3552.53,,252,2,6.9,60.0,0,0,0,0.0,Account stable; no issues reported. No action required.,1
CUST_001032,Male,61,East,Organic,Month-to-month,Direct debit,Standard,5G_FWA,Standard,5,69.98,410.57,53.5,796,0,180.9,29.0,0,0,1,12.9,No recent problems; user happy with plan. No action required.,0
CUST_001033,Male,82,West,Organic,Two year,Direct debit,Basic,Fibre,Priority,28,53.04,1561.74,246.8,523,2,186.7,14.0,3,1,1,12.4,All services working as expected; thank you note received. Continue monitoring.,0
CUST_001034,Male,40,North,Partner,One year,Direct debit,Standard,DSL,Priority,59,72.86,4285.65,6.0,472,2,46.1,36.0,1,0,0,0.0,Customer satisfied with service; routine check completed. Continue monitoring.,0
CUST_001035,Male,29,North,Partner,One year,Bank transfer,Premium,DSL,Standard,70,81.34,5618.06,170.5,361,0,27.1,35.0,1,1,1,7.6,Customer satisfied with service; routine check completed. No action required.,0
CUST_001036,Male,30,West,Organic,One year,Direct debit,Standard,5G_FWA,Standard,72,68.16,4920.22,263.8,474,0,166.6,25.0,2,0,0,0.0,Customer satisfied with service; routine check completed. Routine follow-up in 30 days.,0
CUST_001037,Male,47,North,Social,Month-to-month,Direct debit,Basic,DSL,Standard,46,51.71,2318.2,135.9,612,1,44.7,54.0,2,3,1,9.0,No recent problems; user happy with plan. Feedback recorded.,0
CUST_001038,Female,42,South,Organic,One year,Bank transfer,Premium,5G_FWA,Standard,51,90.48,4655.17,250.8,496,2,46.9,15.0,2,0,0,0.0,Account stable; no issues reported. No action required.,0
CUST_001039,Female,51,West,Partner,Month-to-month,Direct debit,Standard,Fibre,Priority,48,90.58,4513.06,257.9,378,0,193.2,15.0,1,0,1,12.2,No recent problems; user happy with plan. Routine follow-up in 30 days.,0
CUST_001040,Female,18,North,Paid Search,One year,Direct debit,Premium,DSL,Standard,25,83.42,2124.98,104.4,481,1,60.8,58.0,0,1,0,0.0,Account stable; no issues reported. Continue monitoring.,1
CUST_001041,Female,18,West,Social,One year,Direct debit,Standard,5G_FWA,Standard,46,86.64,3897.96,207.3,681,0,201.1,34.0,1,1,0,0.0,No recent problems; user happy with plan. Feedback recorded.,0
CUST_001042,Male,59,North,Organic,Month-to-month,Bank transfer,Basic,Fibre,Standard,41,53.41,2252.04,227.2,545,1,236.4,16.0,0,0,0,0.0,Customer satisfied with service; routine check completed. Continue monitoring.,0
CUST_001043,Male,56,East,Organic,Two year,Direct debit,Premium,Fibre,Standard,61,80.11,5055.92,340.0,823,0,186.0,20.0,1,0,0,0.0,Account stable; no issues reported. Feedback recorded.,0
CUST_001044,Male,34,East,Partner,One year,Credit card,Premium,Fibre,Standard,23,94.21,2142.01,338.9,922,1,282.9,29.0,2,2,1,18.6,All services working as expected; thank you note received. Continue monitoring.,0
CUST_001045,Male,28,West,Organic,Two year,Credit card,Premium,Fibre,Standard,69,91.55,6203.23,364.2,325,1,183.3,28.0,1,0,1,7.5,All services working as expected; thank you note received. No action required.,0
CUST_001046,Female,45,South,Organic,Two year,Credit card,Basic,Fibre,Standard,60,60.07,3607.46,310.0,319,1,263.3,14.0,1,2,1,18.7,Account stable; no issues reported. Routine follow-up in 30 days.,0
CUST_001047,Male,30,West,Organic,One year,Credit card,Premium,Fibre,Standard,51,103.4,5020.99,259.5,681,2,284.3,21.0,4,2,0,0.0,Customer satisfied with service; routine check completed. Continue monitoring.,0
CUST_001048,Male,45,South,Organic,Two year,Direct debit,Basic,Fibre,Standard,68,51.0,3562.3,232.7,443,2,303.3,,2,0,1,10.7,All services working as expected; thank you note received. Routine follow-up in 30 days.,0
CUST_001049,Male,39,West,Organic,Month-to-month,Bank transfer,Basic,Fibre,Standard,10,54.28,471.75,280.3,664,1,243.5,20.0,0,0,1,19.8,Account stable; no issues reported. Routine follow-up in 30 days.,0
CUST_001050,Male,50,West,Partner,Two year,Direct debit,Basic,Fibre,Standard,49,55.56,2695.23,297.3,434,0,228.3,21.0,3,1,1,16.2,Account stable; no issues reported. Routine follow-up in 30 days.,0
CUST_001051,Female,29,East,Partner,Month-to-month,Direct debit,Premium,Fibre,Standard,65,94.07,6180.05,228.9,614,1,158.5,5.0,1,1,0,0.0,Account stable; no issues reported. Continue monitoring.,0
CUST_001052,Female,48,South,Partner,One year,Direct debit,Basic,5G_FWA,Priority,13,64.59,647.85,146.5,475,0,93.4,22.0,1,0,1,17.0,Account stable; no issues reported. Routine follow-up in 30 days.,0
CUST_001053,Male,18,East,Referral,Two year,Bank transfer,Standard,Fibre,Standard,64,67.82,4298.1,202.3,1025,0,166.0,7.0,4,3,0,0.0,Account stable; no issues reported. Feedback recorded.,0
CUST_001054,Male,19,East,Social,Month-to-month,Direct debit,Standard,5G_FWA,Standard,26,70.3,1859.75,120.1,427,1,172.5,31.0,0,0,0,0.0,Account stable; no issues reported. Continue monitoring.,1
CUST_001055,Male,47,South,Organic,Month-to-month,Credit card,Standard,5G_FWA,Standard,14,59.0,728.53,158.9,199,0,196.8,25.0,3,2,1,20.2,Customer satisfied with service; routine check completed. Continue monitoring.,0
CUST_001056,Female,24,North,Organic,Two year,Direct debit,Basic,Fibre,Standard,13,60.42,743.61,277.8,337,0,368.1,27.0,1,0,0,0.0,All services working as expected; thank you note received. Continue monitoring.,0
CUST_001057,Male,61,East,Organic,Month-to-month,Bank transfer,Basic,Fibre,Standard,23,43.15,908.65,153.4,649,2,146.6,17.0,2,0,1,5.6,All services working as expected; thank you note received. Continue monitoring.,0
CUST_001058,Female,62,East,Organic,One year,Direct debit,Premium,Fibre,Standard,43,89.71,3778.78,339.3,475,1,269.3,20.0,3,0,1,23.2,Customer satisfied with service; routine check completed. Continue monitoring.,0
CUST_001059,Female,18,West,Partner,Month-to-month,Credit card,Premium,Fibre,Standard,31,97.03,2981.07,266.8,490,0,271.5,14.0,2,1,0,0.0,No recent problems; user happy with plan. Continue monitoring.,0
CUST_001060,Female,29,North,Social,Two year,Credit card,Basic,DSL,Standard,70,44.37,3071.61,53.8,381,0,41.1,48.0,3,4,0,0.0,All services working as expected; thank you note received. Feedback recorded.,0
CUST_001061,Female,33,West,Partner,Month-to-month,Credit card,Standard,DSL,Standard,22,70.2,1576.61,163.0,300,0,52.2,64.0,0,0,0,0.0,Customer satisfied with service; routine check completed. No action required.,0
CUST_001062,Female,18,South,Organic,One year,Direct debit,Premium,Fibre,Standard,46,97.99,4552.51,427.8,611,0,259.2,16.0,4,2,0,0.0,Customer satisfied with service; routine check completed. No action required.,0
CUST_001063,Female,52,North,Social,Two year,Credit card,Basic,None,Standard,27,24.78,576.38,0.0,661,0,7.5,45.0,2,1,0,0.0,Customer satisfied with service; routine check completed. Continue monitoring.,0
CUST_001064,Male,48,West,Organic,Month-to-month,Direct debit,Standard,Fibre,Standard,49,80.86,4070.3,268.0,404,1,223.8,12.0,2,0,0,0.0,Customer satisfied with service; routine check completed. No action required.,0
CUST_001065,Male,28,North,Paid Search,One year,Direct debit,Premium,Fibre,Standard,22,107.09,2346.62,214.2,591,0,124.1,25.0,1,0,0,0.0,Account stable; no issues reported. No action required.,0
CUST_001066,Male,35,East,Organic,Month-to-month,Credit card,Premium,None,Priority,43,92.03,3809.83,30.6,461,3,4.6,53.0,5,1,1,8.4,Customer requested plan review; offered options. Ticket logged.,1
CUST_001067,Female,26,North,Organic,Two year,Credit card,Basic,5G_FWA,Standard,71,47.95,3255.86,171.6,762,3,114.3,38.0,2,1,1,9.1,Account stable; no issues reported. Routine follow-up in 30 days.,0
CUST_001068,Female,34,North,Organic,Month-to-month,Credit card,Standard,Fibre,Standard,45,78.33,3608.0,339.4,219,2,278.6,19.0,1,2,0,0.0,Customer satisfied with service; routine check completed. Routine follow-up in 30 days.,0
CUST_001069,Female,48,South,Organic,Month-to-month,Cash,Basic,DSL,Standard,68,47.29,3171.25,,769,1,59.1,56.0,1,0,1,22.5,Customer satisfied with service; routine check completed. Routine follow-up in 30 days.,0
CUST_001070,Male,32,South,Organic,Month-to-month,Credit card,Premium,Fibre,Standard,14,84.3,1112.71,266.7,380,1,187.8,7.0,3,0,1,17.2,Account stable; no issues reported. No action required.,0
CUST_001071,Male,40,West,Social,Two year,Credit card,Basic,Fibre,Standard,14,,640.87,306.9,634,1,278.4,20.0,1,1,0,0.0,Account stable; no issues reported. No action required.,0
CUST_001072,Male,20,West,Organic,Month-to-month,Direct debit,Basic,DSL,Priority,7,63.03,567.27,107.0,793,1,74.4,45.0,1,0,1,19.1,No recent problems; user happy with plan. Feedback recorded.,0
CUST_001073,Male,18,West,Organic,Month-to-month,Direct debit,Standard,Fibre,Priority,19,79.18,1461.33,145.9,553,0,182.8,21.0,1,0,0,0.0,All services working as expected; thank you note received. Continue monitoring.,0
CUST_001074,Male,38,West,Paid Search,Month-to-month,Direct debit,Basic,Fibre,Priority,1,57.58,34.78,265.4,994,3,301.3,9.0,1,1,1,11.4,Customer satisfied with service; routine check completed. Continue monitoring.,1
CUST_001075,Male,75,East,Referral,Month-to-month,Direct debit,Premium,5G_FWA,Priority,47,93.09,4524.1,237.3,864,2,112.6,39.0,2,3,0,0.0,All services working as expected; thank you note received. No action required.,0
CUST_001076,Male,18,East,Paid Search,Month-to-month,Bank transfer,Standard,Fibre,Standard,2,80.23,207.18,293.7,770,2,244.3,15.0,1,0,0,0.0,No recent problems; user happy with plan. Continue monitoring.,0
CUST_001077,Male,34,East,Organic,Month-to-month,Direct debit,Basic,5G_FWA,Standard,4,52.69,2.39,116.2,742,1,103.3,27.0,4,0,0,0.0,Customer satisfied with service; routine check completed. Routine follow-up in 30 days.,0
CUST_001078,Female,54,North,Paid Search,Month-to-month,Credit card,Premium,Fibre,Priority,13,103.33,1361.77,307.7,850,5,256.4,19.0,1,0,0,0.0,All services working as expected; thank you note received. Feedback recorded.,0
CUST_001079,Male,34,South,Paid Search,Two year,Direct debit,Standard,None,Priority,41,65.2,2775.95,96.8,622,0,10.2,,0,1,0,0.0,No recent problems; user happy with plan. No action required.,0
CUST_001080,Female,23,South,Organic,One year,Credit card,Basic,Fibre,Standard,18,61.12,1083.52,260.5,603,3,240.8,12.0,2,1,1,15.2,Account stable; no issues reported. Continue monitoring.,0
CUST_001081,Female,28,East,Partner,Month-to-month,Direct debit,Premium,Fibre,Standard,10,94.15,817.26,183.9,616,1,271.1,18.0,0,1,0,0.0,All services working as expected; thank you note received. Feedback recorded.,0
CUST_001082,Female,53,East,Paid Search,Month-to-month,Bank transfer,Standard,DSL,Priority,71,73.64,5572.33,0.0,424,2,10.0,40.0,3,1,1,15.7,No recent problems; user happy with plan. Continue monitoring.,0
CUST_001083,Female,28,South,Organic,One year,Direct debit,Premium,Fibre,Standard,62,102.51,6370.94,306.3,528,2,234.0,19.0,0,0,1,23.9,All services working as expected; thank you note received. Feedback recorded.,0
CUST_001084,Female,51,East,Referral,Month-to-month,Direct debit,Basic,Fibre,Priority,57,58.67,3345.86,172.4,333,3,195.0,22.0,1,1,1,22.0,Account stable; no issues reported. Continue monitoring.,0
CUST_001085,Female,33,West,Paid Search,Two year,Bank transfer,Premium,Fibre,Standard,42,96.39,4049.32,244.3,525,0,233.3,21.0,5,0,0,0.0,No recent problems; user happy with plan. Feedback recorded.,1
CUST_001086,Male,49,South,Social,Month-to-month,Direct debit,Basic,Fibre,Standard,58,52.31,3197.6,227.8,435,2,137.5,5.0,3,2,0,0.0,No recent problems; user happy with plan. Feedback recorded.,0
CUST_001087,Female,51,South,Partner,Month-to-month,Credit card,Basic,Fibre,Priority,16,70.22,1176.44,259.7,322,0,167.3,18.0,1,0,1,10.1,All services working as expected; thank you note received. No action required.,0
CUST_001088,Female,54,East,Partner,Month-to-month,Credit card,Standard,Fibre,Standard,53,75.97,4021.55,176.9,243,2,218.5,16.0,0,0,0,0.0,Account stable; no issues reported. No action required.,0
CUST_001089,Female,27,South,Social,Two year,Direct debit,Basic,DSL,Standard,70,44.69,3216.29,112.4,737,0,39.0,60.0,1,1,0,0.0,Account stable; no issues reported. No action required.,0
CUST_001090,Male,39,East,Referral,Month-to-month,Bank transfer,Premium,Fibre,Standard,35,107.97,3854.99,242.8,283,1,245.4,16.0,2,0,0,0.0,All services working as expected; thank you note received. Feedback recorded.,0
CUST_001091,Male,30,West,Organic,One year,Credit card,Premium,Fibre,Standard,44,105.86,4679.25,229.2,542,1,240.6,16.0,1,0,0,0.0,Account stable; no issues reported. Continue monitoring.,0
CUST_001092,Male,42,West,Partner,Month-to-month,Credit card,Standard,Fibre,Standard,27,62.41,1475.68,305.5,552,2,88.5,,2,0,0,0.0,Account stable; no issues reported. Continue monitoring.,0
CUST_001093,Male,29,North,Organic,Month-to-month,Direct debit,Standard,None,Priority,55,61.35,3316.28,0.0,723,4,1.0,32.0,0,1,0,0.0,No recent problems; user happy with plan. Feedback recorded.,0
CUST_001094,Male,37,South,Partner,One year,Direct debit,Premium,5G_FWA,Standard,59,91.31,5596.04,171.6,940,3,245.8,27.0,0,0,1,20.9,Account stable; no issues reported. Feedback recorded.,0
CUST_001095,Male,41,South,Paid Search,Month-to-month,Direct debit,Basic,Fibre,Priority,48,60.6,2683.29,228.7,779,1,326.2,26.0,0,2,0,0.0,Customer satisfied with service; routine check completed. Routine follow-up in 30 days.,0
CUST_001096,Female,34,North,Paid Search,Month-to-month,Direct debit,Standard,Fibre,Standard,62,63.92,3895.81,162.9,202,0,177.6,29.0,2,2,1,19.7,Customer satisfied with service; routine check completed. Feedback recorded.,1
CUST_001097,Male,18,West,Organic,Month-to-month,Direct debit,Basic,Fibre,Standard,31,52.17,1866.69,178.8,547,2,152.5,15.0,1,0,1,6.9,All services working as expected; thank you note received. No action required.,0
CUST_001098,Female,69,South,Social,Two year,Direct debit,Premium,Fibre,Priority,48,107.76,5108.29,339.5,812,3,200.2,21.0,1,0,1,17.8,All services working as expected; thank you note received. Routine follow-up in 30 days.,0
CUST_001099,Male,33,North,Paid Search,One year,Credit card,Standard,5G_FWA,Priority,49,76.81,3782.28,234.3,763,3,133.5,29.0,1,0,1,8.2,All services working as expected; thank you note received. Continue monitoring.,0
CUST_001100,Female,48,East,Social,Month-to-month,Credit card,Standard,Fibre,Standard,31,86.28,2698.08,368.6,415,1,301.4,14.0,1,0,0,0.0,Account stable; no issues reported. Continue monitoring.,0
CUST_001101,Female,35,North,Organic,Month-to-month,Direct debit,Premium,Fibre,Standard,59,104.02,6277.35,227.4,155,0,280.4,16.0,0,0,0,0.0,All services working as expected; thank you note received. No action required.,0
CUST_001102,Female,42,East,Organic,Month-to-month,Credit card,Basic,DSL,Standard,11,48.01,370.88,74.4,173,0,51.4,27.0,0,0,1,6.0,Customer satisfied with service; routine check completed. Feedback recorded.,0
CUST_001103,Male,45,East,Paid Search,Month-to-month,Bank transfer,Basic,5G_FWA,Standard,23,57.39,1142.97,111.4,482,0,148.7,41.0,0,2,0,0.0,No recent problems; user happy with plan. No action required.,0
CUST_001104,NonBinary,22,South,Social,Month-to-month,Direct debit,Standard,Fibre,Standard,43,69.96,3222.17,361.3,772,0,262.7,16.0,1,1,0,0.0,All services working as expected; thank you note received. Feedback recorded.,0
CUST_001105,Female,31,North,Paid Search,Month-to-month,Direct debit,Premium,Fibre,Standard,9,95.0,845.66,369.9,534,0,322.6,27.0,1,2,1,7.1,All services working as expected; thank you note received. No action required.,0
CUST_001106,Male,59,North,Partner,Month-to-month,Bank transfer,Standard,5G_FWA,Standard,28,70.15,1839.83,85.6,810,1,113.6,36.0,2,0,1,15.5,No recent problems; user happy with plan. Routine follow-up in 30 days.,1
CUST_001107,Male,59,North,Referral,One year,Direct debit,Standard,Fibre,Priority,16,94.56,1559.08,233.7,721,2,198.3,6.0,1,2,0,0.0,Customer satisfied with service; routine check completed. Continue monitoring.,0
CUST_001108,Female,49,West,Partner,Month-to-month,Direct debit,Basic,DSL,Standard,30,43.7,1218.54,107.8,283,0,37.6,38.0,2,2,1,13.2,All services working as expected; thank you note received. Routine follow-up in 30 days.,0
CUST_001109,Male,35,South,Organic,Two year,Credit card,Standard,DSL,Standard,6,76.26,562.92,83.4,405,2,65.7,62.0,0,0,0,0.0,Account stable; no issues reported. No action required.,1
CUST_001110,Male,18,South,Partner,Month-to-month,Credit card,Standard,Fibre,Standard,61,81.39,5018.11,278.0,361,1,135.3,22.0,1,0,0,0.0,No recent problems; user happy with plan. Routine follow-up in 30 days.,0
CUST_001111,Male,51,South,Organic,One year,Credit card,Standard,Fibre,Standard,63,76.55,4953.89,246.1,502,1,125.4,5.0,4,1,0,0.0,All services working as expected; thank you note received. Routine follow-up in 30 days.,0
CUST_001112,Female,66,East,Organic,Month-to-month,Credit card,Standard,5G_FWA,Standard,38,72.11,,176.0,430,1,106.5,33.0,0,1,0,0.0,All services working as expected; thank you note received. Feedback recorded.,1
CUST_001113,Male,40,South,Paid Search,One year,Bank transfer,Basic,5G_FWA,Standard,29,46.83,1456.9,126.6,379,0,163.5,30.0,1,0,0,0.0,All services working as expected; thank you note received. Feedback recorded.,0
CUST_001114,Male,18,West,Paid Search,Two year,Credit card,Basic,Fibre,Standard,60,60.28,3463.53,229.9,873,2,143.6,7.0,0,0,0,0.0,All services working as expected; thank you note received. Continue monitoring.,0
CUST_001115,Male,65,East,Social,Month-to-month,Cash,Standard,Fibre,Priority,37,92.47,3330.81,293.9,453,1,246.9,29.0,1,1,1,17.1,Customer satisfied with service; routine check completed. Continue monitoring.,0
CUST_001116,Male,26,East,Organic,Month-to-month,Direct debit,Basic,Fibre,Priority,58,55.45,3259.36,97.6,697,1,224.3,12.0,0,0,0,0.0,Account stable; no issues reported. No action required.,0
CUST_001117,Male,50,East,Organic,One year,Direct debit,Standard,Fibre,Standard,50,77.19,4038.06,256.0,413,2,193.7,14.0,0,1,0,0.0,Account stable; no issues reported. Feedback recorded.,0
CUST_001118,Male,43,West,Partner,Two year,Cash,Premium,Fibre,Standard,47,98.39,4683.82,307.8,226,1,274.5,23.0,2,2,1,16.8,Customer satisfied with service; routine check completed. No action required.,0
CUST_001119,Female,63,South,Paid Search,Month-to-month,Bank transfer,Premium,DSL,Standard,48,79.04,3764.79,124.8,616,1,33.7,41.0,1,0,1,13.5,All services working as expected; thank you note received. Routine follow-up in 30 days.,0
CUST_001120,Female,44,East,Referral,One year,Direct debit,Premium,Fibre,Standard,34,100.98,3406.23,375.4,117,0,214.1,,3,1,0,0.0,No recent problems; user happy with plan. Routine follow-up in 30 days.,0
CUST_001121,Male,37,West,Organic,Month-to-month,Credit card,Standard,5G_FWA,Standard,27,72.36,1739.01,223.5,735,2,225.6,36.0,1,0,0,0.0,No recent problems; user happy with plan. Feedback recorded.,0
CUST_001122,Male,50,South,Paid Search,One year,Bank transfer,Basic,DSL,Standard,41,36.17,1536.53,71.6,520,3,47.5,36.0,1,1,0,0.0,All services working as expected; thank you note received. Feedback recorded.,0
CUST_001123,Male,42,East,Social,Month-to-month,Credit card,Basic,Fibre,Standard,68,65.71,4490.09,203.8,835,3,149.5,14.0,1,0,0,0.0,Account stable; no issues reported. Continue monitoring.,0
CUST_001124,Female,28,West,Partner,Two year,Direct debit,Standard,Fibre,Standard,26,76.45,2135.27,184.4,292,1,124.1,19.0,0,1,1,8.3,Customer satisfied with service; routine check completed. Continue monitoring.,0
CUST_001125,Male,48,North,Partner,One year,Cash,Basic,Fibre,Standard,67,55.91,3634.88,165.8,37,0,187.9,12.0,2,0,1,11.9,Customer satisfied with service; routine check completed. Routine follow-up in 30 days.,0
CUST_001126,Female,57,West,Organic,Month-to-month,Direct debit,Premium,DSL,Standard,46,88.93,4287.91,191.2,347,0,39.3,50.0,2,0,0,0.0,Account stable; no issues reported. No action required.,0
CUST_001127,Female,27,North,Organic,Month-to-month,Bank transfer,Standard,Fibre,Standard,25,68.9,1615.26,238.4,864,0,211.7,23.0,2,0,0,0.0,Customer satisfied with service; routine check completed. Feedback recorded.,0
CUST_001128,Male,33,East,Paid Search,Two year,Credit card,Standard,DSL,Priority,13,66.34,721.18,86.6,449,1,18.4,23.0,0,1,0,0.0,All services working as expected; thank you note received. Feedback recorded.,0
CUST_001129,Female,57,North,Paid Search,One year,Direct debit,Standard,DSL,Standard,15,74.08,1258.08,125.0,854,1,25.7,48.0,1,2,0,0.0,Account stable; no issues reported. No action required.,1
CUST_001130,Female,32,South,Partner,Month-to-month,Credit card,Premium,DSL,Standard,71,86.24,6214.59,103.8,700,0,45.1,35.0,3,0,1,17.0,Customer satisfied with service; routine check completed. Feedback recorded.,1
CUST_001131,Male,18,East,Partner,Two year,Bank transfer,Standard,5G_FWA,Standard,37,73.44,2825.41,91.8,0,0,100.6,20.0,0,1,1,16.1,All services working as expected; thank you note received. No action required.,0
CUST_001132,Male,22,South,Organic,One year,Credit card,Standard,None,Standard,55,44.87,2379.96,0.0,554,0,11.1,58.0,0,4,0,0.0,All services working as expected; thank you note received. Routine follow-up in 30 days.,0
CUST_001133,Female,29,East,Partner,Month-to-month,Direct debit,Standard,Fibre,Standard,62,72.0,4403.63,241.2,518,1,305.6,12.0,1,2,1,14.8,No recent problems; user happy with plan. No action required.,1
CUST_001134,Female,59,South,Organic,Month-to-month,Credit card,Basic,DSL,Priority,20,53.29,1201.5,140.9,337,0,50.3,48.0,2,5,0,0.0,Account stable; no issues reported. Feedback recorded.,1
CUST_001135,Male,62,North,Partner,Month-to-month,Credit card,Standard,Fibre,Standard,9,75.63,695.4,250.5,319,0,157.9,31.0,2,1,1,21.9,Customer satisfied with service; routine check completed. Routine follow-up in 30 days.,0
CUST_001136,Male,18,East,Paid Search,Two year,Direct debit,Basic,Fibre,Standard,64,54.55,,238.5,624,0,209.5,16.0,1,2,0,0.0,Account stable; no issues reported. Feedback recorded.,0
CUST_001137,Female,28,South,Referral,One year,Direct debit,Standard,Fibre,Standard,41,94.92,3975.47,336.4,745,2,186.3,27.0,1,0,0,0.0,Account stable; no issues reported. Feedback recorded.,1
CUST_001138,Male,50,South,Paid Search,Month-to-month,Direct debit,Standard,Fibre,Standard,48,84.61,3939.57,237.6,395,1,239.7,141.0,2,0,0,0.0,Account stable; no issues reported. Routine follow-up in 30 days.,0
CUST_001139,Female,63,West,Partner,Month-to-month,Credit card,Basic,Fibre,Standard,45,61.86,2959.5,301.3,397,2,262.2,5.0,2,0,0,0.0,Customer satisfied with service; routine check completed. No action required.,0
CUST_001140,Female,35,East,Social,Month-to-month,Credit card,Standard,Fibre,Standard,48,69.41,3261.85,233.8,544,1,284.0,12.0,0,1,0,0.0,All services working as expected; thank you note received. Feedback recorded.,1
CUST_001141,Male,33,West,Paid Search,One year,Direct debit,Basic,Fibre,Standard,64,70.26,4492.92,187.5,953,2,224.8,22.0,1,1,1,7.3,Account stable; no issues reported. Continue monitoring.,0
CUST_001142,Female,18,East,Paid Search,Month-to-month,Direct debit,Standard,5G_FWA,Standard,44,77.68,3383.92,164.4,252,2,80.3,19.0,2,0,0,0.0,All services working as expected; thank you note received. Feedback recorded.,0
CUST_001143,Male,42,East,Paid Search,One year,Direct debit,Basic,Fibre,Standard,54,53.45,2893.17,270.8,612,0,184.1,26.0,0,0,0,0.0,All services working as expected; thank you note received. No action required.,0
CUST_001144,Male,32,West,Paid Search,Two year,Direct debit,Premium,Fibre,Standard,11,86.92,1076.93,293.9,448,1,345.2,16.0,1,0,0,0.0,No recent problems; user happy with plan. Routine follow-up in 30 days.,0
CUST_001145,Male,18,North,Social,Month-to-month,Direct debit,Standard,Fibre,Standard,51,59.21,2879.46,206.6,438,1,145.6,23.0,2,0,1,8.5,No recent problems; user happy with plan. Routine follow-up in 30 days.,0
CUST_001146,Female,36,South,Referral,Month-to-month,Direct debit,Premium,DSL,Standard,48,91.91,4265.11,156.3,754,3,38.7,40.0,2,0,1,21.6,Account stable; no issues reported. No action required.,1
CUST_001147,Female,22,North,Social,Two year,Credit card,Standard,5G_FWA,Standard,35,73.11,2603.79,276.3,487,0,94.2,38.0,0,1,1,13.8,Customer satisfied with service; routine check completed. No action required.,0
CUST_001148,Male,36,East,Partner,Month-to-month,Credit card,Standard,DSL,Standard,40,57.39,2514.86,197.3,26,0,53.5,45.0,0,1,0,0.0,Account stable; no issues reported. Continue monitoring.,0
CUST_001149,Male,45,North,Paid Search,Month-to-month,Direct debit,Standard,Fibre,Standard,64,80.49,5078.09,254.2,258,1,188.0,36.0,0,0,1,13.6,No recent problems; user happy with plan. No action required.,0
CUST_001150,Male,29,North,Organic,Month-to-month,Credit card,Basic,5G_FWA,Standard,52,60.36,3080.19,313.8,895,2,127.9,40.0,0,0,0,0.0,No recent problems; user happy with plan. Routine follow-up in 30 days.,0
CUST_001151,Male,51,South,Referral,Month-to-month,Direct debit,Standard,DSL,Standard,72,62.89,4523.16,90.7,412,1,42.7,28.0,0,0,0,0.0,Customer satisfied with service; routine check completed. Continue monitoring.,0
CUST_001152,Female,45,West,Social,One year,Direct debit,Standard,DSL,Standard,63,59.84,3743.96,136.4,726,1,60.6,61.0,0,0,0,0.0,All services working as expected; thank you note received. No action required.,0
CUST_001153,Female,18,South,Organic,One year,Credit card,Basic,5G_FWA,Standard,33,56.37,1976.27,224.2,195,0,54.8,31.0,2,2,0,0.0,Account stable; no issues reported. Routine follow-up in 30 days.,1
CUST_001154,Female,18,East,Paid Search,Two year,Direct debit,Basic,5G_FWA,Priority,27,55.67,1457.33,141.7,219,0,92.2,46.0,0,1,1,20.9,No recent problems; user happy with plan. No action required.,0
CUST_001155,Male,48,West,Referral,Month-to-month,Direct debit,Standard,5G_FWA,Standard,13,66.79,872.06,201.5,566,2,180.4,58.0,2,0,0,0.0,All services working as expected; thank you note received. Continue monitoring.,1
CUST_001156,Male,63,West,Partner,Month-to-month,Bank transfer,Basic,5G_FWA,Standard,56,51.17,2965.81,136.8,560,1,159.5,36.0,1,1,0,0.0,All services working as expected; thank you note received. Continue monitoring.,0
CUST_001157,Male,32,North,Paid Search,Month-to-month,Direct debit,Standard,Fibre,Standard,71,73.09,5213.25,279.5,996,3,227.4,15.0,1,1,0,0.0,Customer satisfied with service; routine check completed. Continue monitoring.,0
CUST_001158,Female,40,East,Organic,Month-to-month,Credit card,Premium,5G_FWA,Standard,54,101.67,5595.5,252.3,562,1,192.3,26.0,0,0,0,0.0,Customer satisfied with service; routine check completed. No action required.,0
CUST_001159,Female,63,South,Referral,Month-to-month,Direct debit,Standard,Fibre,Standard,43,69.11,2862.56,314.1,900,1,234.5,24.0,0,0,0,0.0,All services working as expected; thank you note received. No action required.,0
CUST_001160,Female,33,North,Partner,Month-to-month,Direct debit,Standard,Fibre,Standard,66,82.01,5359.81,286.2,484,1,318.4,24.0,1,0,0,0.0,Customer satisfied with service; routine check completed. No action required.,0
CUST_001161,Male,29,East,Partner,One year,Direct debit,Standard,DSL,Priority,58,68.59,3898.86,16.8,420,0,48.8,15.0,2,0,0,0.0,No recent problems; user happy with plan. No action required.,0
CUST_001162,Male,45,West,Organic,Month-to-month,Direct debit,Premium,Fibre,Standard,70,101.43,7214.35,275.2,500,0,186.7,8.0,1,1,0,0.0,Account stable; no issues reported. Continue monitoring.,0
CUST_001163,Male,46,North,Paid Search,Month-to-month,Bank transfer,Standard,Fibre,Standard,46,71.82,3222.53,322.9,334,1,187.4,5.0,1,0,0,0.0,No recent problems; user happy with plan. Continue monitoring.,0
CUST_001164,Female,28,South,Organic,One year,Credit card,Basic,None,Standard,66,32.78,2148.24,61.4,738,0,16.0,54.0,0,0,1,21.5,Customer satisfied with service; routine check completed. Feedback recorded.,0
CUST_001165,Female,25,South,Partner,Month-to-month,Direct debit,Premium,DSL,Standard,21,85.09,1789.91,281.4,547,1,43.7,24.0,3,1,1,19.3,No recent problems; user happy with plan. Feedback recorded.,1
CUST_001166,Female,39,South,Social,Two year,Credit card,Basic,Fibre,Standard,22,53.89,1173.48,163.7,569,1,200.0,18.0,1,2,0,0.0,Account stable; no issues reported. Continue monitoring.,1
CUST_001167,Female,27,East,Organic,One year,Direct debit,Standard,Fibre,Standard,63,90.01,5570.27,291.8,397,0,170.1,24.0,1,0,1,17.7,No recent problems; user happy with plan. Continue monitoring.,0
CUST_001168,Male,19,North,Organic,Month-to-month,Credit card,Standard,5G_FWA,Standard,66,72.72,4808.26,156.7,554,0,143.7,36.0,2,0,1,20.3,Customer satisfied with service; routine check completed. Feedback recorded.,0
CUST_001169,Male,28,East,Paid Search,Month-to-month,Bank transfer,Premium,Fibre,Standard,55,88.16,4863.32,310.1,436,1,172.5,17.0,1,0,0,0.0,All services working as expected; thank you note received. No action required.,1
CUST_001170,Male,39,South,Organic,Month-to-month,Bank transfer,Standard,Fibre,Standard,52,69.13,3774.09,284.8,160,0,195.6,20.0,2,0,1,20.9,All services working as expected; thank you note received. Feedback recorded.,0
CUST_001171,Female,45,South,Organic,Month-to-month,Credit card,Standard,DSL,Standard,40,64.2,2726.01,77.3,103,0,39.1,40.0,1,0,0,0.0,Account stable; no issues reported. No action required.,0
CUST_001172,Female,29,West,Organic,Two year,Credit card,Standard,None,Standard,61,52.42,3072.22,6.4,430,0,11.8,69.0,1,2,0,0.0,No recent problems; user happy with plan. Feedback recorded.,0
CUST_001173,Male,66,East,Social,Two year,Credit card,Premium,None,Standard,70,67.8,4855.82,61.0,656,1,8.4,42.0,2,1,0,0.0,All services working as expected; thank you note received. No action required.,0
CUST_001174,Male,30,West,Paid Search,Month-to-month,Cash,Standard,Fibre,Standard,22,79.96,1559.59,256.2,777,0,127.0,18.0,2,1,0,0.0,Account stable; no issues reported. No action required.,0
CUST_001175,Female,24,West,Paid Search,Two year,Bank transfer,Standard,Fibre,Standard,52,75.11,4009.22,233.8,587,2,235.2,23.0,1,2,1,6.7,No recent problems; user happy with plan. Routine follow-up in 30 days.,0
CUST_001176,Male,22,East,Organic,One year,Credit card,Standard,Fibre,Standard,21,67.66,1240.3,267.6,341,0,207.1,29.0,2,1,0,0.0,Account stable; no issues reported. Continue monitoring.,0
CUST_001177,Male,72,East,Paid Search,Two year,Credit card,Standard,Fibre,Standard,12,72.58,902.49,277.9,491,2,221.3,16.0,2,2,0,0.0,All services working as expected; thank you note received. Continue monitoring.,1
CUST_001178,Male,57,North,Organic,Month-to-month,Direct debit,Basic,Fibre,Priority,36,80.63,2774.17,265.0,545,0,165.7,20.0,1,1,0,0.0,Account stable; no issues reported. No action required.,0
CUST_001179,Female,50,West,Partner,Month-to-month,Direct debit,Premium,Fibre,Priority,0,105.99,0.0,290.7,509,1,258.3,12.0,1,1,0,0.0,Account stable; no issues reported. Routine follow-up in 30 days.,0
CUST_001180,Female,48,West,Organic,Month-to-month,Direct debit,Premium,Fibre,Priority,2,105.57,493.04,290.4,312,0,231.5,,5,1,1,7.7,Account stable; no issues reported. Feedback recorded.,0
CUST_001181,Female,41,South,Organic,One year,Direct debit,Basic,DSL,Standard,66,41.88,2690.54,104.2,609,2,66.7,40.0,1,0,0,0.0,No recent problems; user happy with plan. No action required.,0
CUST_001182,Female,26,North,Organic,Month-to-month,Credit card,Standard,Fibre,Standard,45,73.07,3151.99,201.5,501,0,,14.0,0,0,0,0.0,All services working as expected; thank you note received. No action required.,0
CUST_001183,Female,35,South,Organic,Two year,Credit card,Basic,None,Standard,57,30.85,1854.92,22.4,452,0,4.8,67.0,1,0,0,0.0,All services working as expected; thank you note received. Routine follow-up in 30 days.,0
CUST_001184,Male,59,North,Referral,Month-to-month,Direct debit,Standard,Fibre,Standard,51,69.8,3566.81,273.5,604,1,179.0,15.0,0,2,0,0.0,All services working as expected; thank you note received. Routine follow-up in 30 days.,0
CUST_001185,Female,23,West,Social,Month-to-month,Credit card,Basic,DSL,Priority,16,43.84,670.98,105.8,732,5,61.1,38.0,2,0,0,0.0,Account stable; no issues reported. Routine follow-up in 30 days.,0
CUST_001186,Female,43,East,Partner,Month-to-month,Bank transfer,Premium,Fibre,Standard,65,101.15,6575.94,320.9,407,1,124.9,16.0,4,1,1,20.3,Customer satisfied with service; routine check completed. No action required.,0
CUST_001187,Female,47,South,Referral,One year,Direct debit,Premium,DSL,Priority,0,100.58,21.87,229.9,501,1,23.1,32.0,0,0,0,0.0,All services working as expected; thank you note received. Feedback recorded.,0
CUST_001188,Male,23,North,Referral,Month-to-month,Credit card,Premium,Fibre,Priority,59,104.63,6360.46,288.8,523,1,253.8,11.0,1,1,0,0.0,Customer satisfied with service; routine check completed. Feedback recorded.,0
CUST_001189,Male,36,North,Paid Search,Month-to-month,Direct debit,Basic,DSL,Standard,35,61.54,2243.06,37.9,701,3,49.6,54.0,2,2,1,15.0,Speed occasionally slow at peak times; suggested troubleshooting. Ticket logged.,1
CUST_001190,Female,40,West,Organic,Month-to-month,Credit card,Basic,Fibre,Standard,51,48.72,2885.92,205.2,330,3,237.2,21.0,2,0,0,0.0,No recent problems; user happy with plan. Feedback recorded.,0
CUST_001191,Male,58,North,Paid Search,Month-to-month,Direct debit,Premium,Fibre,Standard,35,98.64,3492.66,313.8,609,2,302.5,10.0,0,0,1,23.0,No recent problems; user happy with plan. Continue monitoring.,0
CUST_001192,Male,50,West,Paid Search,Month-to-month,Direct debit,Standard,DSL,Standard,53,72.81,3680.27,123.2,564,1,65.4,40.0,3,2,0,0.0,All services working as expected; thank you note received. Feedback recorded.,0
CUST_001193,Female,53,South,Partner,Month-to-month,Cash,Standard,DSL,Standard,16,66.72,1108.0,132.6,293,0,38.8,61.0,1,0,1,17.6,Customer satisfied with service; routine check completed. No action required.,1
CUST_001194,Male,45,North,Organic,One year,Direct debit,Standard,Fibre,Standard,45,81.7,3655.94,251.6,58,0,179.1,11.0,0,0,0,0.0,Account stable; no issues reported. No action required.,0
CUST_001195,Male,30,West,Paid Search,One year,Credit card,Standard,DSL,Priority,16,80.84,1465.42,55.5,892,1,67.4,30.0,1,0,0,0.0,All services working as expected; thank you note received. Continue monitoring.,0
CUST_001196,Male,54,East,Organic,One year,Direct debit,Premium,Fibre,Priority,32,110.14,3444.89,237.7,631,3,204.4,28.0,1,0,1,15.5,Account stable; no issues reported. No action required.,0
CUST_001197,Female,24,North,Social,Month-to-month,Bank transfer,Basic,Fibre,Standard,35,46.31,1584.69,246.2,0,0,223.0,15.0,1,1,0,0.0,All services working as expected; thank you note received. No action required.,0
CUST_001198,Male,38,North,Referral,Month-to-month,Direct debit,Basic,DSL,Standard,29,44.09,1228.39,37.0,139,0,40.2,26.0,2,1,0,0.0,All services working as expected; thank you note received. Continue monitoring.,1
CUST_001199,Female,46,South,Social,Month-to-month,Direct debit,Standard,DSL,Priority,23,73.99,1711.45,93.9,80,1,54.6,52.0,0,0,0,0.0,All services working as expected; thank you note received. No action required.,1
CUST_001200,Male,67,West,Partner,Month-to-month,Credit card,Premium,DSL,Priority,54,96.85,5251.92,104.3,800,2,48.3,45.0,3,3,1,11.6,Customer requested plan review; offered options. Follow-up recommended.,1
CUST_001201,Female,27,South,Paid Search,Month-to-month,Direct debit,Standard,Fibre,Standard,41,77.08,3177.95,281.1,414,0,215.7,21.0,0,0,1,11.4,Customer satisfied with service; routine check completed. No action required.,0
CUST_001202,Female,53,North,Partner,Month-to-month,Direct debit,Premium,Fibre,Priority,28,109.88,3083.42,341.6,390,0,203.8,11.0,2,1,1,23.0,Account stable; no issues reported. Routine follow-up in 30 days.,0
CUST_001203,Female,66,East,Organic,Month-to-month,Direct debit,Standard,DSL,Standard,31,55.0,1712.07,165.9,682,5,44.9,46.0,1,0,0,0.0,Account stable; no issues reported. Continue monitoring.,0
CUST_001204,Female,29,South,Partner,Month-to-month,Direct debit,Standard,Fibre,Standard,6,78.83,504.95,199.1,635,0,187.8,5.0,0,0,0,0.0,Customer satisfied with service; routine check completed. Feedback recorded.,0
CUST_001205,Male,51,South,Paid Search,One year,Credit card,Standard,5G_FWA,Standard,43,70.5,2994.15,168.8,489,1,179.3,34.0,1,0,0,0.0,All services working as expected; thank you note received. Feedback recorded.,0
CUST_001206,Female,34,East,Partner,One year,Cash,Standard,Fibre,Standard,48,75.86,3547.12,310.0,639,3,161.6,27.0,0,1,1,23.2,No recent problems; user happy with plan. Routine follow-up in 30 days.,0
CUST_001207,Female,39,South,Organic,Two year,Direct debit,Standard,Fibre,Standard,33,78.94,2647.58,387.5,152,0,145.1,5.0,0,0,0,0.0,Customer satisfied with service; routine check completed. Routine follow-up in 30 days.,0
CUST_001208,Female,44,North,Social,Month-to-month,Direct debit,Premium,Fibre,Standard,42,89.63,3700.69,347.8,322,1,243.6,9.0,0,0,0,0.0,All services working as expected; thank you note received. Routine follow-up in 30 days.,0
CUST_001209,Female,36,North,Referral,Two year,Bank transfer,Standard,Fibre,Standard,49,79.65,3765.28,296.9,1144,1,156.4,27.0,0,0,1,23.6,All services working as expected; thank you note received. Routine follow-up in 30 days.,0
CUST_001210,Male,30,North,Partner,Month-to-month,Credit card,Standard,Fibre,Priority,47,90.69,4203.4,253.4,380,0,109.8,19.0,0,0,1,14.3,All services working as expected; thank you note received. No action required.,0
CUST_001211,Male,55,East,Social,One year,Credit card,Standard,Fibre,Standard,8,81.85,811.55,,617,0,284.8,22.0,4,0,1,6.9,Customer satisfied with service; routine check completed. Routine follow-up in 30 days.,0
CUST_001212,Male,42,East,Partner,Month-to-month,Credit card,Premium,DSL,Priority,0,90.83,,178.9,424,2,45.7,27.0,0,0,1,7.6,Customer satisfied with service; routine check completed. No action required.,0
CUST_001213,Male,21,East,Social,Month-to-month,Direct debit,Basic,Fibre,Standard,3,52.21,68.42,186.1,436,0,268.2,21.0,1,1,0,0.0,No recent problems; user happy with plan. Routine follow-up in 30 days.,0
CUST_001214,Female,44,North,Paid Search,Two year,Direct debit,Standard,Fibre,Priority,46,91.62,4220.74,262.4,747,1,166.0,14.0,3,1,0,0.0,Account stable; no issues reported. Feedback recorded.,0
CUST_001215,Female,38,North,Organic,One year,Credit card,Standard,DSL,Standard,9,69.67,663.25,156.8,628,0,37.8,57.0,2,1,0,0.0,No recent problems; user happy with plan. No action required.,0
CUST_001216,Female,54,South,Organic,Month-to-month,Direct debit,Premium,Fibre,Standard,20,93.54,1978.62,282.3,572,1,272.0,23.0,2,1,1,14.5,Account stable; no issues reported. Continue monitoring.,0
CUST_001217,Female,33,West,Paid Search,Month-to-month,Credit card,Standard,Fibre,Standard,1,67.17,29.7,178.4,140,0,161.2,20.0,3,2,0,0.0,Account stable; no issues reported. Continue monitoring.,0
CUST_001218,Female,18,North,Partner,One year,Bank transfer,Standard,Fibre,Standard,50,78.45,3889.09,255.6,140,0,220.8,13.0,0,1,0,0.0,Account stable; no issues reported. Feedback recorded.,0
CUST_001219,NonBinary,41,East,Social,One year,Bank transfer,Premium,DSL,Standard,8,99.96,834.25,120.4,741,3,30.3,44.0,3,2,0,0.0,Speed occasionally slow at peak times; suggested troubleshooting. Ticket logged.,1
CUST_001220,Female,44,West,Paid Search,Month-to-month,Credit card,Basic,5G_FWA,Standard,70,53.68,3762.78,207.0,130,0,117.1,39.0,1,0,0,0.0,Customer satisfied with service; routine check completed. Routine follow-up in 30 days.,0
CUST_001221,Female,59,West,Organic,Month-to-month,Bank transfer,Premium,DSL,Standard,20,70.77,1450.49,85.2,295,1,24.3,54.0,2,0,0,0.0,No recent problems; user happy with plan. No action required.,1
CUST_001222,Female,44,South,Paid Search,Month-to-month,Credit card,Premium,5G_FWA,Standard,39,91.94,3758.27,250.3,771,2,83.5,31.0,1,3,0,0.0,All services working as expected; thank you note received. Continue monitoring.,0
CUST_001223,Male,46,East,Social,One year,Credit card,Basic,Fibre,Standard,19,49.79,896.24,274.3,282,0,179.8,23.0,1,0,1,11.5,All services working as expected; thank you note received. No action required.,0
CUST_001224,Female,56,West,Social,Month-to-month,Direct debit,Standard,Fibre,Standard,10,79.4,1032.17,222.9,502,0,182.3,21.0,0,1,0,0.0,All services working as expected; thank you note received. Continue monitoring.,0
CUST_001225,Female,36,South,Social,Month-to-month,Direct debit,Standard,DSL,Standard,36,57.75,1893.22,107.8,208,0,47.3,52.0,2,1,1,14.6,Customer satisfied with service; routine check completed. Continue monitoring.,0
CUST_001226,Female,23,West,Partner,Month-to-month,Direct debit,Basic,DSL,Standard,37,49.34,1691.31,101.8,502,1,47.7,15.0,3,0,1,7.8,Account stable; no issues reported. Continue monitoring.,0
CUST_001227,Female,36,West,Organic,One year,Direct debit,Basic,DSL,Priority,53,51.48,2722.39,93.8,507,0,61.4,49.0,0,0,0,0.0,Customer satisfied with service; routine check completed. Routine follow-up in 30 days.,0
CUST_001228,Male,45,South,Paid Search,Month-to-month,Credit card,Standard,Fibre,Standard,10,73.13,918.05,259.6,381,0,234.2,5.0,3,1,1,10.7,All services working as expected; thank you note received. Routine follow-up in 30 days.,0
CUST_001229,Female,18,North,Paid Search,Month-to-month,Direct debit,Basic,Fibre,Standard,63,59.2,3621.68,202.2,707,3,289.8,16.0,3,3,0,0.0,Customer mentioned intermittent issues; advised restart and monitoring. Ticket logged.,0
CUST_001230,Female,43,West,Paid Search,Month-to-month,Credit card,Premium,Fibre,Standard,36,90.72,3478.78,387.2,597,2,278.8,15.0,3,1,1,5.2,All services working as expected; thank you note received. Feedback recorded.,0
CUST_001231,Male,40,South,Partner,Month-to-month,Credit card,Standard,Fibre,Priority,51,98.62,4820.83,271.0,847,2,304.2,19.0,2,1,0,0.0,All services working as expected; thank you note received. No action required.,0
CUST_001232,Male,19,North,Paid Search,Month-to-month,Direct debit,Standard,5G_FWA,Priority,36,88.81,3066.83,153.6,268,1,102.9,45.0,2,0,0,0.0,No recent problems; user happy with plan. Routine follow-up in 30 days.,0
CUST_001233,Male,44,North,Organic,Month-to-month,Credit card,Premium,Fibre,Standard,8,97.77,703.73,351.0,884,5,111.7,19.0,1,1,0,0.0,Customer satisfied with service; routine check completed. Feedback recorded.,0
CUST_001234,Female,26,South,Organic,Month-to-month,Bank transfer,Basic,Fibre,Standard,58,52.97,2959.3,260.5,511,2,111.8,9.0,0,1,0,0.0,All services working as expected; thank you note received. Feedback recorded.,0
CUST_001235,Male,39,South,Paid Search,Month-to-month,Cash,Basic,Fibre,Standard,34,56.05,1746.79,345.6,1029,1,244.0,12.0,0,1,0,0.0,Customer satisfied with service; routine check completed. Continue monitoring.,0
CUST_001236,Female,54,South,Paid Search,One year,Direct debit,Premium,DSL,Standard,36,85.77,3292.13,46.9,730,2,56.1,60.0,0,0,0,0.0,Account stable; no issues reported. Routine follow-up in 30 days.,0
CUST_001237,Male,34,West,Referral,Two year,Cash,Basic,DSL,Priority,21,59.39,1136.82,120.5,877,2,26.8,40.0,3,0,0,0.0,No recent problems; user happy with plan. Routine follow-up in 30 days.,0
CUST_001238,Female,51,East,Partner,One year,Direct debit,Standard,5G_FWA,Standard,4,78.15,232.15,184.2,176,0,165.4,44.0,1,1,1,10.8,No recent problems; user happy with plan. Feedback recorded.,0
CUST_001239,Female,38,West,Organic,One year,Bank transfer,Standard,DSL,Standard,43,65.14,2674.63,222.0,501,1,56.1,69.0,0,1,0,0.0,All services working as expected; thank you note received. Routine follow-up in 30 days.,0
CUST_001240,Female,31,South,Paid Search,Month-to-month,Direct debit,Premium,DSL,Priority,4,84.43,549.65,167.8,697,4,33.4,48.0,1,1,0,0.0,Account stable; no issues reported. No action required.,1
CUST_001241,Male,42,North,Organic,Month-to-month,Credit card,Premium,DSL,Standard,26,91.57,2410.24,190.4,742,2,57.1,39.0,1,1,0,0.0,Customer satisfied with service; routine check completed. No action required.,1
CUST_001242,Female,29,North,Social,Month-to-month,Credit card,Standard,Fibre,Standard,18,85.5,1540.45,259.5,343,1,301.4,14.0,1,1,0,0.0,Customer satisfied with service; routine check completed. Feedback recorded.,0
CUST_001243,Male,64,West,Paid Search,Month-to-month,Direct debit,Standard,Fibre,Priority,43,89.49,3924.69,277.2,658,0,263.7,12.0,1,0,1,20.6,Customer satisfied with service; routine check completed. Feedback recorded.,0
CUST_001244,Male,18,West,Social,Month-to-month,Cash,Premium,DSL,Standard,57,98.27,5556.49,121.8,576,0,46.5,39.0,0,0,0,0.0,All services working as expected; thank you note received. Feedback recorded.,0
CUST_001245,Male,67,East,Organic,One year,Direct debit,Standard,None,Standard,29,57.55,1498.58,157.5,836,0,6.6,27.0,1,1,1,16.0,Customer satisfied with service; routine check completed. No action required.,0
CUST_001246,Male,27,North,Social,Month-to-month,Direct debit,Standard,5G_FWA,Standard,46,77.3,3526.45,76.8,776,2,93.8,33.0,2,0,1,22.5,No recent problems; user happy with plan. Feedback recorded.,0
CUST_001247,Male,46,East,Partner,Month-to-month,Direct debit,Basic,5G_FWA,Standard,47,50.97,2246.55,169.3,479,0,113.8,41.0,0,0,1,15.4,No recent problems; user happy with plan. Continue monitoring.,0
CUST_001248,Male,41,North,Referral,Month-to-month,Direct debit,Basic,Fibre,Standard,12,49.76,710.78,237.0,472,1,186.1,14.0,3,1,0,0.0,Account stable; no issues reported. Feedback recorded.,1
CUST_001249,Male,34,West,Social,Two year,Direct debit,Basic,DSL,Standard,50,47.72,2416.44,80.3,708,1,24.3,53.0,1,1,1,14.4,All services working as expected; thank you note received. Feedback recorded.,0
CUST_001250,Male,18,West,Organic,Month-to-month,Direct debit,Standard,5G_FWA,Standard,30,65.82,1918.68,127.0,488,1,194.0,35.0,0,0,1,12.5,All services working as expected; thank you note received. Feedback recorded.,0
CUST_001251,Female,36,East,Referral,One year,Bank transfer,Basic,Fibre,Standard,61,56.22,3506.28,165.3,516,0,218.4,18.0,2,0,1,8.3,All services working as expected; thank you note received. No action required.,0
CUST_001252,Female,52,North,Paid Search,Two year,Direct debit,Basic,5G_FWA,Priority,56,60.77,3491.38,154.2,311,0,177.4,40.0,1,4,1,6.3,Customer satisfied with service; routine check completed. Feedback recorded.,0
CUST_001253,Male,35,North,Organic,One year,Direct debit,Standard,Fibre,Standard,25,73.76,1942.34,188.2,36,0,168.1,6.0,2,1,0,0.0,Customer satisfied with service; routine check completed. Continue monitoring.,0
CUST_001254,Female,41,South,Partner,Month-to-month,Bank transfer,Standard,5G_FWA,Standard,56,61.09,3571.05,116.2,503,1,196.8,38.0,3,0,0,0.0,Account stable; no issues reported. Feedback recorded.,0
CUST_001255,Male,28,West,Referral,Month-to-month,Credit card,Standard,DSL,Standard,43,70.95,2884.54,102.1,545,1,24.6,60.0,0,0,0,0.0,No recent problems; user happy with plan. Feedback recorded.,0
CUST_001256,Female,29,West,Partner,Month-to-month,Bank transfer,Standard,Fibre,Standard,26,80.46,2057.63,287.5,492,0,129.9,16.0,1,1,0,0.0,Customer satisfied with service; routine check completed. Continue monitoring.,1
CUST_001257,Female,23,North,Social,Two year,Direct debit,Standard,DSL,Standard,0,70.41,39.02,163.9,666,2,44.8,42.0,1,0,0,0.0,Account stable; no issues reported. Routine follow-up in 30 days.,0
CUST_001258,Male,39,East,Organic,One year,Direct debit,Basic,5G_FWA,Standard,2,45.22,0.0,170.1,378,0,78.6,45.0,0,1,1,14.3,All services working as expected; thank you note received. Feedback recorded.,1
CUST_001259,Female,50,South,Organic,Two year,Direct debit,Basic,None,Priority,41,46.1,2061.86,52.1,547,0,12.4,51.0,3,0,1,8.4,Account stable; no issues reported. Continue monitoring.,0
CUST_001260,Female,45,West,Organic,Month-to-month,Direct debit,Basic,Fibre,Standard,63,141.29,2450.42,336.2,469,0,220.5,30.0,0,0,0,0.0,Customer satisfied with service; routine check completed. Continue monitoring.,0
CUST_001261,Female,40,South,Organic,One year,Direct debit,Standard,5G_FWA,Standard,56,80.58,4592.63,158.3,600,0,174.2,27.0,0,0,0,0.0,No recent problems; user happy with plan. Feedback recorded.,0
CUST_001262,Female,73,North,Organic,Month-to-month,Bank transfer,Premium,Fibre,Priority,4,103.77,250.56,372.8,428,0,252.7,14.0,3,1,1,20.2,Customer satisfied with service; routine check completed. Continue monitoring.,0
CUST_001263,Male,32,East,Paid Search,Month-to-month,Bank transfer,Premium,Fibre,Standard,35,92.14,3243.14,174.1,452,0,197.2,10.0,0,0,0,0.0,Account stable; no issues reported. No action required.,0
CUST_001264,Male,53,North,Organic,Month-to-month,Direct debit,Standard,Fibre,Priority,39,79.96,3016.71,323.5,699,0,287.8,22.0,0,0,0,0.0,Customer satisfied with service; routine check completed. Continue monitoring.,1
CUST_001265,Female,49,South,Paid Search,Month-to-month,Direct debit,Basic,Fibre,Standard,16,58.04,945.71,200.4,676,1,218.6,21.0,2,0,0,0.0,All services working as expected; thank you note received. No action required.,0
CUST_001266,Male,42,West,Paid Search,Month-to-month,Credit card,Basic,DSL,Standard,26,43.78,1217.07,78.5,683,0,51.3,51.0,1,0,1,11.0,All services working as expected; thank you note received. Continue monitoring.,1
CUST_001267,Male,34,West,Organic,Two year,Credit card,Basic,DSL,Standard,29,55.48,1705.7,101.9,543,0,39.4,48.0,2,0,1,18.5,All services working as expected; thank you note received. No action required.,0
CUST_001268,Female,45,South,Referral,Month-to-month,Credit card,Standard,Fibre,Standard,0,80.23,53.98,256.6,414,0,196.8,25.0,3,0,1,22.0,All services working as expected; thank you note received. Feedback recorded.,0
CUST_001269,Male,26,West,Referral,Month-to-month,Bank transfer,Basic,Fibre,Standard,20,56.61,853.47,235.3,363,2,252.5,14.0,2,0,0,0.0,Account stable; no issues reported. Routine follow-up in 30 days.,0
CUST_001270,Male,31,South,Paid Search,Two year,Bank transfer,Premium,Fibre,Standard,12,91.19,1128.53,178.8,970,2,336.6,25.0,1,1,1,5.5,Account stable; no issues reported. Routine follow-up in 30 days.,0
CUST_001271,Female,47,North,Organic,Month-to-month,Credit card,Premium,DSL,Standard,62,84.02,5328.43,93.2,541,0,63.9,55.0,0,0,1,8.4,Customer satisfied with service; routine check completed. Feedback recorded.,0
CUST_001272,Male,34,South,Organic,Month-to-month,Bank transfer,Standard,Fibre,Standard,61,80.52,4747.92,358.6,756,1,170.7,20.0,4,0,1,9.0,No recent problems; user happy with plan. Feedback recorded.,0
CUST_001273,Female,54,North,Partner,Two year,Direct debit,Premium,Fibre,Priority,8,104.67,823.93,219.8,637,0,254.3,13.0,0,0,1,11.7,Customer satisfied with service; routine check completed. Routine follow-up in 30 days.,0
CUST_001274,Female,20,East,Paid Search,Month-to-month,Direct debit,Basic,None,Standard,13,39.7,447.38,0.0,180,0,8.0,85.0,0,1,1,17.5,No recent problems; user happy with plan. No action required.,0
CUST_001275,Male,29,East,Organic,Month-to-month,Credit card,Premium,Fibre,Standard,6,98.56,532.67,378.8,373,0,234.7,28.0,0,0,1,20.2,Customer satisfied with service; routine check completed. Routine follow-up in 30 days.,0
CUST_001276,Female,39,North,Partner,Two year,Credit card,Standard,Fibre,Standard,1,87.43,99.34,207.2,752,1,195.8,21.0,1,1,0,0.0,Customer satisfied with service; routine check completed. Routine follow-up in 30 days.,1
CUST_001277,Male,46,North,Partner,Month-to-month,Direct debit,Basic,5G_FWA,Standard,3,68.82,325.55,214.5,344,0,108.0,18.0,1,0,1,12.1,No recent problems; user happy with plan. Continue monitoring.,0
CUST_001278,Female,42,West,Paid Search,Month-to-month,Bank transfer,Standard,Fibre,Standard,9,69.49,652.96,297.6,787,1,272.8,33.0,0,1,0,0.0,No recent problems; user happy with plan. Routine follow-up in 30 days.,0
CUST_001279,Male,41,North,Paid Search,Month-to-month,Direct debit,Basic,Fibre,Standard,16,65.05,991.81,317.9,26,0,262.2,16.0,2,2,0,0.0,No recent problems; user happy with plan. Feedback recorded.,0
CUST_001280,Female,56,East,Paid Search,One year,Direct debit,Basic,Fibre,Standard,69,60.59,4367.65,232.9,587,0,223.6,9.0,3,0,0,0.0,Customer satisfied with service; routine check completed. Feedback recorded.,0
CUST_001281,Female,46,North,Social,One year,Credit card,Premium,5G_FWA,Standard,59,83.64,5025.65,218.1,388,1,152.5,30.0,0,0,0,0.0,All services working as expected; thank you note received. No action required.,0
CUST_001282,Female,40,North,Organic,Month-to-month,Cash,Standard,Fibre,Standard,16,71.05,1279.17,213.5,501,0,,20.0,0,0,0,0.0,All services working as expected; thank you note received. Feedback recorded.,0
CUST_001283,Female,33,West,Referral,Month-to-month,Direct debit,Premium,DSL,Standard,67,80.21,5354.5,241.6,715,0,60.5,25.0,3,0,0,0.0,Account stable; no issues reported. Feedback recorded.,0
CUST_001284,NonBinary,53,North,Organic,Month-to-month,Credit card,Standard,Fibre,Standard,1,77.1,72.72,321.4,567,0,127.6,20.0,0,0,0,0.0,No recent problems; user happy with plan. No action required.,1
CUST_001285,Male,40,South,Referral,One year,Direct debit,Basic,DSL,Standard,37,54.89,1943.56,179.3,668,2,49.9,31.0,4,3,1,8.1,Customer satisfied with service; routine check completed. Feedback recorded.,0
CUST_001286,Female,28,East,Organic,Month-to-month,Bank transfer,Basic,Fibre,Standard,46,60.69,2893.1,294.7,457,0,291.7,13.0,2,2,1,12.9,Account stable; no issues reported. Feedback recorded.,0
CUST_001287,Female,41,North,Referral,One year,Direct debit,Standard,DSL,Standard,41,69.99,2921.59,144.4,470,1,30.8,51.0,1,1,0,0.0,All services working as expected; thank you note received. Continue monitoring.,0
CUST_001288,Male,42,East,Social,Month-to-month,Credit card,Standard,None,Standard,54,66.51,3538.96,0.0,257,0,7.2,75.0,1,0,0,0.0,No recent problems; user happy with plan. No action required.,1
CUST_001289,Male,59,East,Organic,One year,Direct debit,Standard,5G_FWA,Standard,0,74.09,0.0,209.4,755,1,113.4,19.0,3,1,0,0.0,Customer satisfied with service; routine check completed. Continue monitoring.,1
CUST_001290,Male,53,East,Paid Search,Month-to-month,Direct debit,Standard,DSL,Priority,18,62.88,1079.39,202.5,634,0,48.0,32.0,0,1,0,0.0,Customer satisfied with service; routine check completed. No action required.,1
CUST_001291,Male,28,South,Paid Search,Two year,Credit card,Basic,Fibre,Standard,1,58.36,13.98,135.5,659,1,213.7,17.0,4,2,1,16.7,Account stable; no issues reported. Routine follow-up in 30 days.,0
CUST_001292,Female,34,East,Organic,Month-to-month,Direct debit,Basic,Fibre,Standard,14,,860.96,342.9,664,2,259.2,15.0,3,0,1,20.0,Customer satisfied with service; routine check completed. Routine follow-up in 30 days.,0
CUST_001293,Male,32,North,Organic,Month-to-month,Direct debit,Standard,DSL,Standard,20,64.95,1267.69,244.2,876,1,63.2,34.0,1,1,0,0.0,Customer satisfied with service; routine check completed. No action required.,0
CUST_001294,Female,23,East,Paid Search,Month-to-month,Direct debit,Standard,Fibre,Standard,26,77.75,2045.13,128.1,676,1,180.6,21.0,2,1,1,19.2,Account stable; no issues reported. Routine follow-up in 30 days.,0
CUST_001295,Male,29,North,Social,One year,Direct debit,Standard,Fibre,Standard,11,60.16,681.07,233.6,367,1,355.3,23.0,3,2,1,17.4,Customer satisfied with service; routine check completed. Continue monitoring.,0
CUST_001296,Female,55,South,Partner,Two year,Bank transfer,Basic,5G_FWA,Standard,5,48.45,397.52,133.2,794,1,176.8,31.0,1,1,0,0.0,No recent problems; user happy with plan. No action required.,1
CUST_001297,Female,26,North,Organic,One year,Bank transfer,Standard,DSL,Standard,34,61.64,2155.24,174.6,414,0,25.5,18.0,0,1,0,0.0,All services working as expected; thank you note received. Routine follow-up in 30 days.,0
CUST_001298,Female,48,East,Organic,Two year,Bank transfer,Premium,Fibre,Standard,1,107.54,108.22,283.2,664,0,170.2,5.0,0,1,1,15.6,Account stable; no issues reported. Routine follow-up in 30 days.,0
CUST_001299,Male,56,East,Partner,One year,Direct debit,Premium,DSL,Standard,48,83.19,4021.32,156.0,601,0,64.3,54.0,1,1,1,24.5,Account stable; no issues reported. Routine follow-up in 30 days.,1
CUST_001300,Male,18,South,Referral,Month-to-month,Credit card,Standard,Fibre,Standard,4,66.22,297.36,349.0,503,0,293.9,13.0,1,1,0,0.0,No recent problems; user happy with plan. Routine follow-up in 30 days.,0
CUST_001301,Female,62,East,Paid Search,Two year,Direct debit,Premium,Fibre,Standard,49,94.47,4608.7,359.3,471,0,223.2,20.0,2,2,1,21.2,No recent problems; user happy with plan. Feedback recorded.,0
CUST_001302,Male,53,North,Organic,One year,Credit card,Basic,DSL,Standard,6,33.03,16.24,121.6,343,0,51.0,31.0,0,0,1,11.4,All services working as expected; thank you note received. Continue monitoring.,0
CUST_001303,Male,44,West,Organic,Month-to-month,Direct debit,Premium,5G_FWA,Standard,38,89.6,3349.69,212.7,793,1,167.5,128.0,2,1,1,15.3,All services working as expected; thank you note received. Feedback recorded.,0
CUST_001304,Female,48,West,Partner,One year,Bank transfer,Basic,Fibre,Priority,10,68.02,587.9,255.8,365,0,124.6,27.0,2,0,0,0.0,Account stable; no issues reported. No action required.,0
CUST_001305,Male,48,East,Social,Month-to-month,Credit card,Basic,5G_FWA,Standard,35,59.49,2294.69,153.4,466,0,149.5,27.0,0,0,0,0.0,Account stable; no issues reported. Feedback recorded.,0
CUST_001306,Male,46,North,Referral,One year,Bank transfer,Basic,5G_FWA,Standard,10,60.61,590.65,144.8,601,2,149.8,43.0,1,0,1,7.1,Account stable; no issues reported. No action required.,0
CUST_001307,Female,48,North,Referral,One year,Direct debit,Standard,Fibre,Standard,37,74.37,2744.04,321.2,573,0,123.3,28.0,0,0,1,23.8,Customer satisfied with service; routine check completed. Continue monitoring.,0
CUST_001308,Female,43,South,Social,Month-to-month,Direct debit,Premium,Fibre,Standard,19,112.32,2155.19,234.4,674,2,144.9,10.0,1,0,0,0.0,No recent problems; user happy with plan. Feedback recorded.,0
CUST_001309,Female,35,East,Referral,Month-to-month,Cash,Basic,None,Standard,26,30.37,729.01,26.3,575,0,4.8,59.0,2,1,0,0.0,All services working as expected; thank you note received. No action required.,0
CUST_001310,Male,46,North,Partner,Month-to-month,Bank transfer,Basic,Fibre,Standard,70,75.6,5402.62,213.7,621,2,201.3,22.0,1,2,1,13.5,No recent problems; user happy with plan. Routine follow-up in 30 days.,0
CUST_001311,Female,42,East,Organic,Month-to-month,Cash,Standard,5G_FWA,Standard,42,72.93,2976.98,286.3,521,0,199.0,43.0,0,2,1,23.0,All services working as expected; thank you note received. No action required.,0
CUST_001312,Female,56,South,Organic,One year,Direct debit,Standard,Fibre,Priority,38,78.35,3035.34,195.7,945,1,242.8,21.0,1,0,1,17.7,All services working as expected; thank you note received. Feedback recorded.,0
CUST_001313,Female,39,South,Organic,Two year,Credit card,Premium,None,Standard,50,83.03,4043.25,,349,1,,59.0,1,1,0,0.0,Customer satisfied with service; routine check completed. Routine follow-up in 30 days.,0
CUST_001314,Female,44,North,Referral,One year,Direct debit,Standard,5G_FWA,Priority,58,75.42,4643.12,225.4,260,1,,49.0,0,0,0,0.0,Account stable; no issues reported. No action required.,0
CUST_001315,Male,42,West,Partner,Month-to-month,Bank transfer,Premium,DSL,Standard,43,76.52,3425.72,92.0,882,1,58.9,27.0,1,0,1,22.8,All services working as expected; thank you note received. Routine follow-up in 30 days.,0
CUST_001316,Female,51,South,Partner,One year,Credit card,Standard,Fibre,Standard,20,73.73,1375.11,408.7,647,0,179.6,18.0,1,1,0,0.0,No recent problems; user happy with plan. No action required.,0
CUST_001317,Male,18,South,Paid Search,Month-to-month,Bank transfer,Basic,Fibre,Priority,54,56.82,3059.75,199.2,561,0,145.3,17.0,0,0,1,11.7,Customer satisfied with service; routine check completed. No action required.,0
CUST_001318,Female,22,West,Social,Month-to-month,Direct debit,Premium,Fibre,Standard,47,105.11,4790.2,379.5,760,2,229.6,18.0,6,2,0,0.0,Customer satisfied with service; routine check completed. Routine follow-up in 30 days.,0
CUST_001319,Male,49,East,Partner,One year,Direct debit,Premium,5G_FWA,Standard,18,95.32,1667.56,194.0,573,2,104.5,35.0,2,0,0,0.0,Account stable; no issues reported. No action required.,1
CUST_001320,Male,30,South,Organic,Month-to-month,Bank transfer,Standard,Fibre,Standard,7,64.86,594.15,246.9,367,1,274.9,17.0,3,2,0,0.0,No recent problems; user happy with plan. Feedback recorded.,0
CUST_001321,Female,31,West,Referral,Month-to-month,Bank transfer,Standard,None,Standard,64,54.91,3526.73,14.1,476,0,3.8,53.0,2,2,0,0.0,No recent problems; user happy with plan. Routine follow-up in 30 days.,0
CUST_001322,Male,49,East,Referral,Two year,Direct debit,Standard,Fibre,Standard,48,59.1,2728.87,307.5,536,0,301.5,26.0,2,1,0,0.0,No recent problems; user happy with plan. Continue monitoring.,0
CUST_001323,Female,51,South,Referral,Month-to-month,Bank transfer,Standard,DSL,Priority,18,66.83,1193.67,132.7,438,1,52.7,38.0,1,0,0,0.0,No recent problems; user happy with plan. Continue monitoring.,0
CUST_001324,Female,35,North,Organic,Month-to-month,Direct debit,Standard,None,Standard,28,47.43,1390.39,0.0,778,1,4.5,33.0,2,0,0,0.0,All services working as expected; thank you note received. Routine follow-up in 30 days.,0
CUST_001325,Male,32,South,Organic,Month-to-month,Direct debit,Premium,5G_FWA,Standard,40,86.89,3513.0,273.4,572,0,119.1,49.0,1,1,1,17.8,Account stable; no issues reported. Continue monitoring.,0
CUST_001326,Female,27,West,Paid Search,One year,Bank transfer,Premium,None,Standard,1,80.55,0.0,,571,2,1.0,73.0,0,0,0,0.0,Customer satisfied with service; routine check completed. Feedback recorded.,1
CUST_001327,Female,18,South,Referral,Two year,Bank transfer,Basic,DSL,Standard,60,45.51,2690.95,128.5,536,1,36.1,44.0,1,1,0,0.0,All services working as expected; thank you note received. No action required.,0
CUST_001328,Female,35,North,Organic,Month-to-month,Direct debit,Basic,DSL,Standard,8,42.2,535.23,70.3,704,1,58.0,27.0,0,1,0,0.0,All services working as expected; thank you note received. Feedback recorded.,1
CUST_001329,Male,38,East,Organic,Month-to-month,Bank transfer,Basic,Fibre,Standard,72,51.76,3677.39,333.0,419,0,202.1,16.0,0,1,0,0.0,No recent problems; user happy with plan. Continue monitoring.,0
CUST_001330,Female,36,West,Partner,Two year,Direct debit,Basic,Fibre,Standard,28,58.79,1701.73,187.9,709,0,247.2,10.0,1,2,0,0.0,Customer satisfied with service; routine check completed. Feedback recorded.,0
CUST_001331,Female,46,South,Organic,One year,Credit card,Standard,5G_FWA,Standard,37,64.54,2410.07,,731,0,69.5,6.0,1,0,1,9.2,All services working as expected; thank you note received. Continue monitoring.,0
CUST_001332,Male,19,South,Organic,Month-to-month,Direct debit,Standard,Fibre,Standard,27,82.36,2274.15,282.3,37,1,153.9,,2,3,0,0.0,All services working as expected; thank you note received. No action required.,0
CUST_001333,Female,41,West,Organic,One year,Cash,Standard,5G_FWA,Standard,38,71.68,2654.95,181.7,627,1,173.3,36.0,1,0,0,0.0,No recent problems; user happy with plan. Routine follow-up in 30 days.,0
CUST_001334,Male,67,East,Social,One year,Direct debit,Basic,5G_FWA,Standard,56,60.96,3526.35,110.1,496,1,107.6,28.0,1,0,1,13.6,All services working as expected; thank you note received. No action required.,0
CUST_001335,Male,42,North,Organic,Month-to-month,Bank transfer,Basic,None,Standard,14,34.05,567.9,0.0,334,1,4.8,51.0,1,2,0,0.0,All services working as expected; thank you note received. No action required.,0
CUST_001336,Male,37,South,Organic,Month-to-month,Direct debit,Standard,5G_FWA,Standard,56,77.07,4087.48,284.8,227,0,149.8,40.0,2,2,1,9.1,Account stable; no issues reported. Routine follow-up in 30 days.,0
CUST_001337,Female,30,East,Social,Month-to-month,Direct debit,Basic,5G_FWA,Priority,54,66.15,3699.46,186.2,1042,2,149.0,38.0,1,0,0,0.0,All services working as expected; thank you note received. No action required.,0
CUST_001338,Male,18,South,Organic,One year,Direct debit,Basic,5G_FWA,Priority,27,59.03,1574.92,194.9,429,0,128.3,22.0,0,0,0,0.0,Customer satisfied with service; routine check completed. No action required.,1
CUST_001339,Female,36,North,Organic,Month-to-month,Direct debit,Standard,Fibre,Standard,35,71.2,2435.92,250.9,1118,0,177.4,22.0,1,0,0,0.0,No recent problems; user happy with plan. No action required.,0
CUST_001340,Male,52,North,Organic,Two year,Direct debit,Standard,Fibre,Standard,25,90.06,2304.8,314.6,689,1,195.3,20.0,4,0,1,23.2,Customer satisfied with service; routine check completed. Routine follow-up in 30 days.,0
CUST_001341,Female,42,East,Referral,Month-to-month,Direct debit,Premium,Fibre,Standard,19,94.09,1863.42,298.1,454,1,184.4,24.0,3,1,1,10.9,Account stable; no issues reported. No action required.,0
CUST_001342,Male,33,East,Organic,Month-to-month,Credit card,Premium,5G_FWA,Standard,71,90.15,,285.0,638,0,139.5,37.0,0,0,1,10.9,Account stable; no issues reported. Continue monitoring.,0
CUST_001343,NonBinary,40,West,Social,One year,Credit card,Basic,Fibre,Standard,11,60.44,606.06,183.6,453,1,250.3,22.0,2,0,1,12.5,No recent problems; user happy with plan. No action required.,0
CUST_001344,Male,51,North,Organic,Month-to-month,Credit card,Standard,DSL,Standard,7,50.85,355.21,109.5,682,0,59.7,47.0,3,1,1,22.8,Account stable; no issues reported. Routine follow-up in 30 days.,1
CUST_001345,Male,48,West,Social,Month-to-month,Credit card,Basic,Fibre,Standard,43,41.57,1761.86,390.1,689,1,187.6,12.0,1,0,1,5.0,No recent problems; user happy with plan. Continue monitoring.,0
CUST_001346,Male,28,South,Partner,Month-to-month,Direct debit,Premium,5G_FWA,Priority,45,115.07,4981.4,145.9,281,0,157.0,23.0,0,0,1,24.5,No recent problems; user happy with plan. Routine follow-up in 30 days.,1
CUST_001347,Female,37,North,Organic,Month-to-month,Direct debit,Standard,Fibre,Standard,10,84.41,949.61,244.5,244,0,177.5,14.0,1,0,0,0.0,All services working as expected; thank you note received. No action required.,0
CUST_001348,Female,45,East,Partner,Month-to-month,Credit card,Basic,DSL,Standard,34,47.51,1523.16,73.9,864,2,54.5,32.0,2,1,0,0.0,Customer satisfied with service; routine check completed. Feedback recorded.,0
CUST_001349,Male,59,East,Partner,Month-to-month,Direct debit,Standard,None,Standard,55,45.39,2406.4,51.9,401,0,8.7,58.0,2,1,0,0.0,Account stable; no issues reported. No action required.,0
CUST_001350,Female,18,West,Organic,One year,Credit card,Standard,DSL,Standard,57,65.56,3882.65,108.5,351,0,56.4,30.0,1,0,1,22.2,Customer satisfied with service; routine check completed. Routine follow-up in 30 days.,0
CUST_001351,Female,26,West,Partner,Month-to-month,Direct debit,Standard,Fibre,Standard,21,84.2,2001.56,306.9,377,0,285.3,20.0,1,0,1,11.6,Customer satisfied with service; routine check completed. Continue monitoring.,0
CUST_001352,Female,46,West,Paid Search,Month-to-month,Credit card,Basic,Fibre,Priority,2,65.07,228.09,244.6,967,0,160.8,31.0,0,0,1,11.5,Customer satisfied with service; routine check completed. No action required.,0
CUST_001353,Female,35,South,Organic,One year,Credit card,Standard,5G_FWA,Priority,1,85.47,128.05,226.8,672,2,141.9,38.0,1,2,1,23.5,No recent problems; user happy with plan. No action required.,0
CUST_001354,Female,42,East,Organic,Two year,Credit card,Standard,None,Standard,18,58.96,1194.05,48.7,514,0,11.2,45.0,2,0,1,9.9,No recent problems; user happy with plan. Continue monitoring.,1
CUST_001355,Female,33,East,Paid Search,Month-to-month,Direct debit,Basic,DSL,Priority,21,46.04,648.66,113.6,709,3,42.0,53.0,3,1,0,0.0,Customer mentioned intermittent issues; advised restart and monitoring. Ticket logged.,1
CUST_001356,Male,18,East,Organic,Month-to-month,Credit card,Standard,DSL,Standard,62,61.74,3971.28,51.3,359,0,45.2,59.0,1,1,0,0.0,No recent problems; user happy with plan. No action required.,0
CUST_001357,Male,39,North,Partner,Month-to-month,Bank transfer,Standard,5G_FWA,Standard,19,63.66,1343.65,191.0,625,2,193.7,39.0,0,0,1,10.0,All services working as expected; thank you note received. Feedback recorded.,0
CUST_001358,Male,42,South,Organic,One year,Direct debit,Standard,Fibre,Standard,53,68.04,3424.08,260.7,239,1,255.5,39.0,2,0,1,21.9,Account stable; no issues reported. Continue monitoring.,0
CUST_001359,Male,33,South,Social,One year,Credit card,Premium,Fibre,Priority,16,98.11,1664.5,288.3,1057,2,105.2,27.0,1,2,0,0.0,Account stable; no issues reported. Routine follow-up in 30 days.,0
CUST_001360,Female,39,West,Partner,Month-to-month,Credit card,Basic,5G_FWA,Standard,39,42.47,1547.41,128.7,582,0,84.3,46.0,1,1,1,15.1,No recent problems; user happy with plan. No action required.,0
CUST_001361,Male,25,North,Partner,Month-to-month,Direct debit,Standard,5G_FWA,Priority,25,72.07,1835.33,212.2,453,0,138.2,17.0,1,2,0,0.0,Account stable; no issues reported. Routine follow-up in 30 days.,0
CUST_001362,Female,36,South,Paid Search,Two year,Direct debit,Premium,DSL,Standard,54,71.37,3922.0,190.8,879,0,57.7,47.0,1,0,0,0.0,Account stable; no issues reported. Routine follow-up in 30 days.,0
CUST_001363,Male,49,West,Referral,Month-to-month,Direct debit,Standard,DSL,Standard,66,62.19,4053.81,71.3,621,1,31.0,40.0,2,3,0,0.0,No recent problems; user happy with plan. No action required.,1
CUST_001364,Female,18,East,Partner,Two year,Credit card,Standard,Fibre,Priority,8,76.03,706.13,319.2,914,3,109.1,8.0,0,0,1,8.6,Account stable; no issues reported. Continue monitoring.,0
CUST_001365,Male,43,East,Organic,Month-to-month,Credit card,Standard,DSL,Standard,13,55.87,583.47,100.3,846,2,28.2,40.0,2,0,1,20.0,Account stable; no issues reported. Feedback recorded.,0
CUST_001366,Female,43,East,Organic,Month-to-month,Direct debit,Standard,DSL,Priority,29,82.7,2271.77,191.1,433,0,45.3,43.0,0,0,1,5.4,No recent problems; user happy with plan. Continue monitoring.,0
CUST_001367,Female,44,East,Referral,Two year,Direct debit,Basic,DSL,Standard,38,55.12,2121.12,136.9,480,0,26.4,35.0,1,0,0,0.0,Customer satisfied with service; routine check completed. Continue monitoring.,0
CUST_001368,Male,55,West,Paid Search,One year,Bank transfer,Basic,None,Standard,33,32.89,1128.66,97.1,524,0,10.4,67.0,1,2,0,0.0,Billing query raised; resolved via support. Customer advised on next steps.,1
CUST_001369,Female,56,West,Organic,Two year,Direct debit,Standard,DSL,Priority,9,78.16,763.35,117.0,323,0,20.0,50.0,1,0,1,13.7,Account stable; no issues reported. No action required.,0
CUST_001370,Male,24,West,Paid Search,Month-to-month,Cash,Basic,5G_FWA,Priority,16,64.52,1105.18,206.2,306,0,159.1,34.0,2,0,1,5.6,Customer satisfied with service; routine check completed. Continue monitoring.,0
CUST_001371,Male,35,North,Organic,Month-to-month,Credit card,Standard,Fibre,Standard,36,70.21,2617.8,251.3,395,0,282.4,18.0,0,0,1,23.5,All services working as expected; thank you note received. Routine follow-up in 30 days.,0
CUST_001372,Male,32,South,Organic,Two year,Direct debit,Standard,Fibre,Standard,53,79.61,4389.08,181.0,660,1,173.5,17.0,1,0,0,0.0,Account stable; no issues reported. No action required.,0
CUST_001373,Female,18,East,Referral,One year,Credit card,Standard,5G_FWA,Priority,56,76.96,4375.17,329.7,441,2,48.2,50.0,1,0,1,16.2,Customer satisfied with service; routine check completed. No action required.,1
CUST_001374,Female,69,South,Social,Month-to-month,Direct debit,Premium,DSL,Standard,32,99.07,3196.8,106.6,982,1,45.3,48.0,1,0,0,0.0,Customer satisfied with service; routine check completed. Routine follow-up in 30 days.,0
CUST_001375,Female,44,West,Organic,Month-to-month,Credit card,Standard,Fibre,Priority,44,90.91,4246.28,253.1,388,2,223.7,11.0,1,3,0,0.0,Account stable; no issues reported. Routine follow-up in 30 days.,0
CUST_001376,Female,20,South,Referral,Month-to-month,Bank transfer,Standard,Fibre,Priority,68,87.22,6059.78,315.8,516,0,227.6,16.0,3,0,0,0.0,Customer satisfied with service; routine check completed. Routine follow-up in 30 days.,0
CUST_001377,Male,43,North,Organic,Two year,Bank transfer,Basic,5G_FWA,Priority,69,54.61,3941.26,137.2,584,1,112.0,39.0,4,2,1,7.0,Account stable; no issues reported. No action required.,0
CUST_001378,Male,18,East,Partner,Month-to-month,Direct debit,Premium,Fibre,Standard,18,101.43,2007.98,276.8,599,2,203.0,19.0,3,1,0,0.0,All services working as expected; thank you note received. Routine follow-up in 30 days.,1
CUST_001379,Female,25,North,Organic,One year,Credit card,Premium,Fibre,Priority,64,99.88,6603.46,380.5,710,2,153.3,12.0,0,0,0,0.0,Customer satisfied with service; routine check completed. Continue monitoring.,0
CUST_001380,Female,64,South,Partner,Month-to-month,Direct debit,Basic,DSL,Priority,6,45.39,66.39,33.1,137,0,40.8,36.0,1,0,1,10.1,All services working as expected; thank you note received. Feedback recorded.,0
CUST_001381,Female,30,South,Organic,Month-to-month,Direct debit,Premium,None,Standard,0,75.65,22.8,68.0,546,0,3.5,59.0,1,0,1,18.2,No recent problems; user happy with plan. No action required.,1
CUST_001382,Female,40,North,Organic,Month-to-month,Direct debit,Premium,Fibre,Priority,1,92.38,20.75,352.4,484,1,280.5,8.0,2,0,0,0.0,No recent problems; user happy with plan. Feedback recorded.,0
CUST_001383,Male,38,North,Paid Search,One year,Direct debit,Standard,DSL,Standard,52,66.98,3531.82,,393,2,47.2,43.0,2,0,1,8.8,No recent problems; user happy with plan. No action required.,0
CUST_001384,Female,19,East,Referral,One year,Bank transfer,Standard,Fibre,Priority,27,86.64,2282.53,239.0,296,0,199.8,24.0,1,0,1,18.2,Account stable; no issues reported. Routine follow-up in 30 days.,0
CUST_001385,Female,57,South,Social,Month-to-month,Direct debit,Standard,DSL,Standard,70,69.47,4825.37,89.6,646,1,51.3,63.0,2,1,0,0.0,All services working as expected; thank you note received. No action required.,1
CUST_001386,Male,29,East,Organic,Month-to-month,Credit card,Basic,Fibre,Priority,1,47.41,0.0,304.5,482,1,268.3,31.0,1,0,0,0.0,All services working as expected; thank you note received. No action required.,0
CUST_001387,Female,18,West,Partner,Month-to-month,Direct debit,Standard,Fibre,Standard,34,97.51,3367.8,370.0,488,0,134.3,7.0,2,2,0,0.0,Account stable; no issues reported. Feedback recorded.,0
CUST_001388,Male,49,South,Organic,Two year,Direct debit,Standard,DSL,Priority,12,64.45,754.44,75.3,596,0,37.8,54.0,1,0,0,0.0,No recent problems; user happy with plan. Feedback recorded.,0
CUST_001389,Male,35,South,Paid Search,One year,Credit card,Basic,Fibre,Standard,37,52.89,2108.47,215.4,250,0,176.5,18.0,2,1,0,0.0,All services working as expected; thank you note received. Routine follow-up in 30 days.,0
CUST_001390,Male,32,West,Organic,One year,Bank transfer,Basic,5G_FWA,Standard,43,52.39,2262.48,115.1,338,0,101.4,41.0,0,1,0,0.0,All services working as expected; thank you note received. Continue monitoring.,0
CUST_001391,Male,34,South,Partner,Month-to-month,Direct debit,Basic,Fibre,Standard,70,59.44,4215.48,300.8,955,3,290.3,20.0,1,2,1,18.3,Customer satisfied with service; routine check completed. Feedback recorded.,0
CUST_001392,Female,57,North,Paid Search,Month-to-month,Direct debit,Premium,5G_FWA,Standard,14,92.92,1017.22,108.9,505,0,168.7,45.0,1,1,1,13.5,Customer satisfied with service; routine check completed. Routine follow-up in 30 days.,1
CUST_001393,Female,30,North,Partner,One year,Direct debit,Basic,None,Standard,26,42.22,1030.92,50.4,782,3,5.4,51.0,1,0,0,0.0,Account stable; no issues reported. Continue monitoring.,0
CUST_001394,Female,51,South,Paid Search,One year,Credit card,Standard,Fibre,Priority,23,75.4,1886.96,283.9,746,1,232.6,19.0,2,2,1,6.5,No recent problems; user happy with plan. Continue monitoring.,0
CUST_001395,Female,52,North,Paid Search,Month-to-month,Bank transfer,Standard,DSL,Standard,10,57.76,429.86,207.7,377,2,9.4,44.0,3,0,0,0.0,Customer satisfied with service; routine check completed. Continue monitoring.,0
CUST_001396,Male,44,West,Referral,Month-to-month,Bank transfer,Basic,5G_FWA,Priority,44,64.9,2869.26,211.9,265,0,111.9,36.0,1,2,1,11.4,All services working as expected; thank you note received. Continue monitoring.,0
CUST_001397,Female,41,West,Organic,One year,Bank transfer,Standard,Fibre,Priority,13,72.17,939.52,,251,1,,18.0,1,0,0,0.0,All services working as expected; thank you note received. Feedback recorded.,0
CUST_001398,Male,23,East,Organic,One year,Bank transfer,Basic,Fibre,Standard,43,74.26,3157.75,228.1,279,1,241.7,12.0,0,1,0,0.0,Account stable; no issues reported. Feedback recorded.,0
CUST_001399,Male,48,West,Organic,Two year,Bank transfer,Standard,Fibre,Priority,4,82.12,317.55,279.8,152,0,213.1,9.0,1,0,0,0.0,Customer satisfied with service; routine check completed. Feedback recorded.,0
CUST_001400,Female,45,North,Organic,One year,Direct debit,Premium,Fibre,Priority,71,106.42,7537.45,356.8,625,1,285.5,9.0,3,3,0,0.0,No recent problems; user happy with plan. Routine follow-up in 30 days.,0
CUST_001401,Male,36,West,Social,One year,Credit card,Premium,5G_FWA,Standard,62,99.98,6009.42,218.3,385,2,156.5,32.0,2,1,0,0.0,Customer satisfied with service; routine check completed. No action required.,0
CUST_001402,Female,18,East,Social,One year,Direct debit,Standard,5G_FWA,Standard,56,63.82,3491.0,194.9,781,1,155.1,23.0,1,0,1,23.9,All services working as expected; thank you note received. Continue monitoring.,0
CUST_001403,Male,31,North,Paid Search,Month-to-month,Bank transfer,Premium,Fibre,Standard,62,96.42,5871.24,218.2,286,0,294.5,26.0,0,0,0,0.0,No recent problems; user happy with plan. Feedback recorded.,0
CUST_001404,Male,42,East,Organic,Month-to-month,Direct debit,Premium,Fibre,Priority,26,103.55,2794.99,368.5,591,0,201.7,23.0,1,0,1,5.3,No recent problems; user happy with plan. Routine follow-up in 30 days.,0
CUST_001405,Male,25,West,Organic,Two year,Direct debit,Basic,DSL,Standard,36,64.58,2251.06,150.4,398,0,30.1,41.0,0,0,0,0.0,Customer satisfied with service; routine check completed. Continue monitoring.,0
CUST_001406,Male,26,South,Partner,Month-to-month,Direct debit,Premium,5G_FWA,Standard,46,91.33,4480.12,151.5,412,0,,33.0,0,1,0,0.0,All services working as expected; thank you note received. Routine follow-up in 30 days.,0
CUST_001407,Male,28,North,Organic,Month-to-month,Credit card,Premium,DSL,Standard,36,84.25,3053.6,159.1,777,0,31.8,39.0,1,1,0,0.0,Customer satisfied with service; routine check completed. Feedback recorded.,0
CUST_001408,Female,58,West,Paid Search,Month-to-month,Direct debit,Basic,Fibre,Standard,4,55.23,473.58,225.2,339,0,321.5,13.0,0,0,0,0.0,No recent problems; user happy with plan. No action required.,0
CUST_001409,Female,49,East,Organic,Month-to-month,Credit card,Standard,DSL,Standard,23,81.45,1620.76,113.0,593,2,44.6,37.0,3,3,0,0.0,All services working as expected; thank you note received. Routine follow-up in 30 days.,0
CUST_001410,Female,43,North,Partner,Month-to-month,Direct debit,Standard,DSL,Standard,43,60.03,2467.54,53.3,144,0,42.2,44.0,0,1,1,18.1,Account stable; no issues reported. Feedback recorded.,1
CUST_001411,Female,34,East,Organic,Month-to-month,Direct debit,Premium,DSL,Standard,29,74.11,2063.36,250.5,894,0,39.4,51.0,3,3,0,0.0,Customer mentioned intermittent issues; advised restart and monitoring. Customer advised on next steps.,1
CUST_001412,Female,56,West,Partner,One year,Direct debit,Standard,Fibre,Standard,53,74.32,3984.04,317.8,712,2,195.8,25.0,0,0,0,0.0,Customer satisfied with service; routine check completed. Routine follow-up in 30 days.,0
CUST_001413,Female,33,East,Organic,One year,Credit card,Premium,None,Standard,47,69.32,3069.06,73.0,243,1,6.3,85.0,0,0,1,19.3,Customer satisfied with service; routine check completed. No action required.,0
CUST_001414,Male,34,West,Referral,Month-to-month,Credit card,Standard,Fibre,Standard,48,67.47,3375.66,230.9,605,1,183.2,18.0,1,0,0,0.0,Customer satisfied with service; routine check completed. Feedback recorded.,0
CUST_001415,Female,48,East,Social,Two year,Credit card,Premium,Fibre,Priority,7,95.56,964.34,354.2,623,1,35.0,21.0,3,0,0,0.0,Account stable; no issues reported. Continue monitoring.,1
CUST_001416,Female,18,West,Partner,Two year,Direct debit,Basic,None,Standard,2,34.91,0.0,92.7,398,2,9.3,27.0,3,1,0,0.0,No recent problems; user happy with plan. Continue monitoring.,0
CUST_001417,Male,45,East,Organic,Month-to-month,Bank transfer,Premium,Fibre,Standard,13,103.8,1446.64,374.7,736,1,229.0,17.0,2,0,0,0.0,All services working as expected; thank you note received. Continue monitoring.,0
CUST_001418,Female,31,South,Social,Two year,Credit card,Basic,Fibre,Standard,45,61.24,2885.52,318.0,426,1,315.7,5.0,1,2,0,0.0,Account stable; no issues reported. Feedback recorded.,0
CUST_001419,Male,39,South,Partner,One year,Credit card,Premium,Fibre,Standard,29,96.89,2805.19,342.0,471,0,210.4,20.0,1,1,1,7.0,All services working as expected; thank you note received. Routine follow-up in 30 days.,1
CUST_001420,Female,25,North,Organic,One year,Credit card,Standard,5G_FWA,Standard,4,71.21,434.86,102.1,425,0,171.7,37.0,1,1,0,0.0,No recent problems; user happy with plan. No action required.,0
CUST_001421,Female,51,South,Organic,One year,Credit card,Basic,Fibre,Standard,8,66.9,716.92,138.0,217,0,117.0,20.0,0,0,0,0.0,Account stable; no issues reported. No action required.,0
CUST_001422,Male,38,North,Partner,Two year,Bank transfer,Basic,Fibre,Standard,32,43.33,1307.27,287.5,812,1,172.4,17.0,1,2,0,0.0,No recent problems; user happy with plan. Continue monitoring.,0
CUST_001423,Male,41,East,Organic,Month-to-month,Direct debit,Premium,DSL,Standard,44,83.22,3688.53,100.2,844,0,54.7,37.0,1,1,0,0.0,All services working as expected; thank you note received. Routine follow-up in 30 days.,0
CUST_001424,Female,30,West,Referral,One year,Direct debit,Standard,DSL,Standard,46,59.95,2823.71,198.5,495,6,64.4,28.0,3,2,0,0.0,Customer requested plan review; offered options. Follow-up recommended.,0
CUST_001425,NonBinary,38,West,Referral,Two year,Credit card,Premium,DSL,Standard,36,94.23,3370.72,199.4,354,0,47.7,41.0,2,2,0,0.0,Account stable; no issues reported. Routine follow-up in 30 days.,0
CUST_001426,Female,40,South,Organic,Month-to-month,Credit card,Basic,5G_FWA,Standard,4,43.75,71.66,136.1,112,0,173.7,37.0,1,1,0,0.0,Customer satisfied with service; routine check completed. Routine follow-up in 30 days.,0
CUST_001427,Male,30,North,Referral,Month-to-month,Credit card,Basic,Fibre,Standard,17,60.8,1058.82,256.1,565,0,216.3,6.0,5,1,0,0.0,No recent problems; user happy with plan. Routine follow-up in 30 days.,1
CUST_001428,Female,49,East,Organic,Month-to-month,Bank transfer,Standard,5G_FWA,Standard,17,65.05,1075.42,188.7,684,2,138.5,38.0,3,2,0,0.0,Account stable; no issues reported. Routine follow-up in 30 days.,0
CUST_001429,Female,67,East,Referral,Month-to-month,Direct debit,Basic,5G_FWA,Standard,32,51.72,1630.61,170.0,398,0,163.9,38.0,0,0,0,0.0,All services working as expected; thank you note received. Feedback recorded.,0
CUST_001430,Female,23,East,Organic,Month-to-month,Bank transfer,Basic,5G_FWA,Standard,40,47.59,1941.3,243.5,229,0,115.3,34.0,2,1,1,7.4,No recent problems; user happy with plan. Routine follow-up in 30 days.,0
CUST_001431,Female,48,West,Paid Search,Month-to-month,Credit card,Premium,DSL,Standard,45,80.02,3818.99,159.7,977,3,57.9,63.0,1,0,0,0.0,All services working as expected; thank you note received. No action required.,0
CUST_001432,Female,63,North,Referral,Month-to-month,Direct debit,Standard,DSL,Standard,61,58.87,3536.74,94.4,438,1,64.7,24.0,2,0,0,0.0,No recent problems; user happy with plan. Feedback recorded.,0
CUST_001433,Male,28,West,Organic,Month-to-month,Direct debit,Standard,Fibre,Standard,38,84.88,3264.6,189.4,654,1,327.9,12.0,1,0,0,0.0,All services working as expected; thank you note received. Continue monitoring.,0
CUST_001434,Female,37,East,Organic,Month-to-month,Credit card,Basic,Fibre,Standard,68,50.06,3455.51,256.0,716,2,188.2,33.0,3,1,0,0.0,Customer satisfied with service; routine check completed. No action required.,0
CUST_001435,Female,58,West,Organic,Two year,Credit card,Basic,Fibre,Standard,39,55.48,2116.03,188.5,364,0,283.6,16.0,1,0,1,10.6,No recent problems; user happy with plan. Feedback recorded.,1
CUST_001436,Male,47,East,Organic,One year,Credit card,Standard,5G_FWA,Standard,46,82.11,3675.21,195.0,111,0,180.3,28.0,2,1,0,0.0,No recent problems; user happy with plan. Feedback recorded.,0
CUST_001437,Female,49,East,Partner,Month-to-month,Bank transfer,Standard,5G_FWA,Standard,41,72.37,2926.04,188.0,526,1,133.7,27.0,1,0,0,0.0,All services working as expected; thank you note received. No action required.,0
CUST_001438,Female,45,South,Organic,Month-to-month,Direct debit,Standard,Fibre,Standard,55,86.95,4639.88,167.3,749,0,281.8,23.0,0,0,1,19.4,All services working as expected; thank you note received. Feedback recorded.,0
CUST_001439,Male,41,West,Organic,Month-to-month,Credit card,Basic,DSL,Standard,39,49.39,1886.8,59.6,500,2,63.2,33.0,3,0,0,0.0,Account stable; no issues reported. Routine follow-up in 30 days.,1
CUST_001440,Female,32,South,Organic,Month-to-month,Bank transfer,Premium,Fibre,Standard,32,90.9,2819.67,386.3,304,0,229.1,16.0,0,1,0,0.0,Customer satisfied with service; routine check completed. Feedback recorded.,0
CUST_001441,Male,19,North,Organic,One year,Credit card,Standard,Fibre,Standard,53,66.28,3351.96,138.7,245,0,181.3,21.0,0,1,0,0.0,All services working as expected; thank you note received. Routine follow-up in 30 days.,0
CUST_001442,Male,34,South,Paid Search,One year,Direct debit,Standard,Fibre,Standard,66,75.87,4874.56,221.1,545,0,133.5,19.0,2,1,0,0.0,Account stable; no issues reported. Routine follow-up in 30 days.,0
CUST_001443,Female,42,East,Social,Month-to-month,Credit card,Premium,Fibre,Standard,10,99.67,932.77,389.8,573,3,161.8,19.0,0,0,0,0.0,Account stable; no issues reported. Feedback recorded.,0
CUST_001444,Female,39,West,Social,Month-to-month,Direct debit,Premium,Fibre,Standard,20,88.92,1714.61,398.2,775,0,248.0,27.0,0,1,0,0.0,Account stable; no issues reported. Continue monitoring.,0
CUST_001445,Male,35,South,Partner,Month-to-month,Credit card,Basic,DSL,Standard,36,29.05,841.69,187.8,307,0,20.2,33.0,0,0,1,12.3,All services working as expected; thank you note received. Routine follow-up in 30 days.,0
CUST_001446,Female,53,South,Paid Search,Two year,Cash,Premium,DSL,Standard,71,78.84,5553.59,69.6,726,0,60.2,33.0,4,1,0,0.0,All services working as expected; thank you note received. Routine follow-up in 30 days.,0
CUST_001447,Female,35,West,Paid Search,Month-to-month,Credit card,Basic,DSL,Standard,17,44.61,1044.5,127.7,433,0,63.7,52.0,2,1,0,0.0,Account stable; no issues reported. Continue monitoring.,1
CUST_001448,Male,39,North,Partner,Two year,Direct debit,Standard,Fibre,Standard,43,75.43,3185.29,229.1,447,0,219.8,9.0,2,0,0,0.0,Account stable; no issues reported. Continue monitoring.,0
CUST_001449,Female,42,West,Paid Search,Two year,Direct debit,Premium,DSL,Standard,9,69.38,603.42,231.8,358,1,40.3,63.0,1,0,0,0.0,Customer satisfied with service; routine check completed. Routine follow-up in 30 days.,0
CUST_001450,Female,25,East,Paid Search,Two year,Direct debit,Premium,5G_FWA,Standard,6,95.58,564.07,181.4,845,0,268.4,25.0,0,1,1,10.2,All services working as expected; thank you note received. Routine follow-up in 30 days.,0
CUST_001451,Male,73,West,Organic,Month-to-month,Direct debit,Premium,Fibre,Standard,60,97.55,6071.23,343.8,616,1,172.6,27.0,0,0,1,7.8,All services working as expected; thank you note received. Routine follow-up in 30 days.,0
CUST_001452,Male,31,East,Paid Search,Month-to-month,Bank transfer,Premium,None,Standard,62,58.35,3534.22,43.3,598,1,10.8,59.0,1,0,0,0.0,All services working as expected; thank you note received. Routine follow-up in 30 days.,1
CUST_001453,Female,29,North,Paid Search,One year,Direct debit,Premium,Fibre,Standard,69,81.75,5851.98,332.3,870,2,335.9,13.0,4,1,0,0.0,Account stable; no issues reported. No action required.,0
CUST_001454,Female,26,West,Partner,Month-to-month,Direct debit,Standard,Fibre,Priority,66,83.39,5637.04,362.4,453,0,177.9,25.0,1,0,0,0.0,No recent problems; user happy with plan. Continue monitoring.,0
CUST_001455,Female,46,North,Social,Two year,Bank transfer,Standard,Fibre,Standard,59,71.79,4414.63,280.4,683,1,192.7,16.0,3,0,0,0.0,Customer satisfied with service; routine check completed. Continue monitoring.,0
CUST_001456,Male,57,West,Organic,Month-to-month,Direct debit,Standard,5G_FWA,Standard,15,71.92,972.81,186.2,718,1,87.4,38.0,1,0,0,0.0,No recent problems; user happy with plan. Routine follow-up in 30 days.,1
CUST_001457,Female,28,East,Organic,Month-to-month,Bank transfer,Basic,DSL,Standard,24,40.8,1031.86,41.9,606,2,61.4,25.0,1,0,0,0.0,All services working as expected; thank you note received. Feedback recorded.,0
CUST_001458,Male,50,North,Organic,Month-to-month,Bank transfer,Standard,DSL,Standard,44,59.52,2660.15,104.8,920,2,9.6,32.0,0,0,1,19.0,No recent problems; user happy with plan. Routine follow-up in 30 days.,0
CUST_001459,Female,18,West,Organic,Month-to-month,Bank transfer,Standard,Fibre,Standard,30,85.32,2511.0,187.8,433,0,207.2,7.0,2,1,1,11.5,Account stable; no issues reported. Feedback recorded.,0
CUST_001460,Female,53,West,Referral,Month-to-month,Credit card,Standard,5G_FWA,Standard,42,68.81,2721.33,192.2,365,1,157.5,27.0,1,0,1,11.1,All services working as expected; thank you note received. No action required.,1
CUST_001461,Female,49,East,Organic,Month-to-month,Credit card,Premium,5G_FWA,Standard,37,95.48,3429.12,175.3,258,1,115.2,23.0,1,1,1,15.2,Account stable; no issues reported. Feedback recorded.,0
CUST_001462,Male,32,North,Partner,One year,Credit card,Standard,Fibre,Standard,55,72.36,4042.81,227.1,393,1,183.1,14.0,0,0,1,9.0,All services working as expected; thank you note received. Routine follow-up in 30 days.,0
CUST_001463,Female,29,North,Social,Month-to-month,Credit card,Basic,Fibre,Priority,70,65.74,4524.37,177.3,523,1,210.1,18.0,2,0,0,0.0,All services working as expected; thank you note received. No action required.,0
CUST_001464,Female,63,West,Referral,Month-to-month,Bank transfer,Basic,Fibre,Standard,70,60.75,4281.66,174.7,646,1,232.4,23.0,0,0,0,0.0,Customer satisfied with service; routine check completed. Feedback recorded.,0
CUST_001465,Male,18,South,Social,One year,Bank transfer,Premium,Fibre,Standard,32,96.27,3165.97,286.5,309,1,281.6,14.0,3,1,1,24.5,Account stable; no issues reported. Routine follow-up in 30 days.,0
CUST_001466,Female,53,East,Social,Month-to-month,Direct debit,Basic,5G_FWA,Standard,24,51.44,1351.15,214.6,709,1,62.8,31.0,3,2,1,20.8,Speed occasionally slow at peak times; suggested troubleshooting. Monitor for 7 days.,1
CUST_001467,Male,34,North,Organic,Month-to-month,Credit card,Premium,Fibre,Standard,18,85.33,1628.54,248.2,234,0,178.0,19.0,0,0,0,0.0,No recent problems; user happy with plan. Continue monitoring.,0
CUST_001468,Female,42,West,Paid Search,Two year,Direct debit,Premium,Fibre,Standard,22,100.54,2202.33,318.2,881,4,245.5,18.0,2,0,1,9.1,No recent problems; user happy with plan. Continue monitoring.,0
CUST_001469,Female,40,North,Social,One year,Direct debit,Basic,5G_FWA,Priority,68,61.53,4155.31,150.0,473,1,165.6,36.0,1,0,1,6.2,Customer satisfied with service; routine check completed. No action required.,0
CUST_001470,Male,45,South,Referral,One year,Direct debit,Standard,DSL,Standard,47,68.03,3343.87,172.3,483,0,36.9,31.0,0,1,1,14.1,Customer satisfied with service; routine check completed. Feedback recorded.,0
CUST_001471,Female,40,East,Referral,Month-to-month,Credit card,Standard,DSL,Standard,62,64.28,4058.45,74.3,388,0,28.0,52.0,0,2,0,0.0,Account stable; no issues reported. Continue monitoring.,0
CUST_001472,Female,27,East,Organic,One year,Credit card,Standard,Fibre,Priority,27,81.73,2449.56,254.0,248,1,254.4,11.0,0,0,1,24.4,Customer satisfied with service; routine check completed. No action required.,0
CUST_001473,Female,42,South,Paid Search,Two year,Bank transfer,Standard,Fibre,Priority,65,93.07,5990.06,281.0,268,0,196.0,36.0,3,0,1,21.3,All services working as expected; thank you note received. Feedback recorded.,0
CUST_001474,Male,33,South,Social,One year,Credit card,Standard,DSL,Standard,33,80.49,2891.85,225.4,580,0,51.4,36.0,0,0,0,0.0,Customer satisfied with service; routine check completed. Feedback recorded.,0
CUST_001475,Male,43,North,Paid Search,Month-to-month,Direct debit,Standard,Fibre,Standard,51,56.43,2833.27,226.8,485,0,219.0,21.0,1,0,1,8.0,Customer satisfied with service; routine check completed. No action required.,0
CUST_001476,Male,33,North,Organic,One year,Credit card,Standard,Fibre,Standard,0,67.32,61.12,281.9,706,1,301.5,26.0,1,2,1,6.3,Customer satisfied with service; routine check completed. Routine follow-up in 30 days.,0
CUST_001477,Female,44,West,Social,Month-to-month,Bank transfer,Premium,Fibre,Standard,56,94.83,5286.19,352.1,973,2,155.4,19.0,1,1,0,0.0,All services working as expected; thank you note received. Continue monitoring.,0
CUST_001478,Male,26,West,Social,One year,Direct debit,Standard,Fibre,Standard,32,101.57,3506.6,250.1,626,0,262.5,15.0,1,1,0,0.0,Account stable; no issues reported. Continue monitoring.,0
CUST_001479,Female,18,North,Referral,Month-to-month,Bank transfer,Standard,Fibre,Standard,6,81.99,481.91,341.8,450,0,203.4,25.0,4,0,1,9.0,No recent problems; user happy with plan. Feedback recorded.,0
CUST_001480,Female,57,East,Paid Search,Two year,Direct debit,Standard,DSL,Standard,30,52.77,1767.86,137.3,236,0,7.7,28.0,1,0,1,17.8,Account stable; no issues reported. No action required.,0
CUST_001481,Male,47,South,Partner,Month-to-month,Credit card,Basic,DSL,Priority,14,51.84,1005.4,41.7,724,0,49.9,38.0,4,0,0,0.0,All services working as expected; thank you note received. Feedback recorded.,0
CUST_001482,Male,32,South,Organic,Month-to-month,Direct debit,Standard,Fibre,Standard,5,72.26,,199.9,589,0,241.5,17.0,0,0,0,0.0,All services working as expected; thank you note received. No action required.,0
CUST_001483,Male,34,East,Social,One year,Direct debit,Basic,Fibre,Standard,72,63.78,4587.81,210.9,82,0,254.6,17.0,0,3,0,0.0,Account stable; no issues reported. Continue monitoring.,0
CUST_001484,Female,20,West,Paid Search,Month-to-month,Direct debit,Standard,Fibre,Standard,1,73.51,109.12,321.9,561,0,241.0,14.0,0,2,1,19.7,Account stable; no issues reported. No action required.,0
CUST_001485,Male,32,East,Paid Search,Month-to-month,Direct debit,Standard,DSL,Standard,67,61.52,4068.26,112.7,646,1,42.5,55.0,1,0,1,9.9,Customer satisfied with service; routine check completed. Routine follow-up in 30 days.,0
CUST_001486,Male,24,West,Social,Month-to-month,Direct debit,Basic,Fibre,Standard,40,46.6,2065.54,362.0,546,1,196.6,5.0,0,0,0,0.0,No recent problems; user happy with plan. Continue monitoring.,0
CUST_001487,Female,31,West,Organic,Month-to-month,Direct debit,Standard,Fibre,Standard,54,65.93,3598.36,298.0,423,1,138.4,23.0,2,1,1,8.1,Customer satisfied with service; routine check completed. Feedback recorded.,0
CUST_001488,Male,20,East,Paid Search,Month-to-month,Direct debit,Basic,5G_FWA,Standard,3,65.38,336.53,163.8,315,1,153.8,29.0,1,1,0,0.0,Account stable; no issues reported. Continue monitoring.,0
CUST_001489,Male,48,East,Organic,Month-to-month,Direct debit,Basic,DSL,Standard,65,35.01,2010.04,142.3,550,1,61.0,31.0,2,2,0,0.0,Customer satisfied with service; routine check completed. No action required.,0
CUST_001490,Male,43,East,Referral,Month-to-month,Bank transfer,Basic,Fibre,Standard,51,64.09,3098.71,194.0,597,2,227.9,,0,0,0,0.0,Customer satisfied with service; routine check completed. Feedback recorded.,0
CUST_001491,Female,29,West,Organic,One year,Direct debit,Premium,5G_FWA,Standard,42,89.36,3760.2,199.3,611,1,165.0,33.0,3,0,0,0.0,Account stable; no issues reported. No action required.,0
CUST_001492,Female,42,South,Organic,One year,Bank transfer,Basic,5G_FWA,Standard,16,54.15,992.06,143.3,462,1,187.2,36.0,2,1,0,0.0,Account stable; no issues reported. Continue monitoring.,0
CUST_001493,Male,41,East,Paid Search,Month-to-month,Direct debit,Standard,Fibre,Standard,71,67.22,4895.63,179.3,619,1,254.3,19.0,1,0,1,5.4,No recent problems; user happy with plan. Continue monitoring.,0
CUST_001494,Male,48,North,Paid Search,Two year,Credit card,Basic,Fibre,Standard,23,53.3,1124.07,109.1,327,2,123.8,8.0,4,3,0,0.0,Customer satisfied with service; routine check completed. Feedback recorded.,0
CUST_001495,Male,37,North,Social,Month-to-month,Credit card,Basic,None,Standard,45,36.05,1465.41,0.4,394,0,11.2,50.0,1,0,0,0.0,Account stable; no issues reported. Routine follow-up in 30 days.,0
CUST_001496,Male,30,South,Organic,Month-to-month,Bank transfer,Basic,Fibre,Standard,40,62.03,2592.22,232.7,711,1,283.1,11.0,1,0,1,15.3,No recent problems; user happy with plan. Routine follow-up in 30 days.,0
CUST_001497,Male,41,East,Partner,Month-to-month,Cash,Basic,Fibre,Standard,51,60.96,2798.49,246.6,462,0,225.1,34.0,2,0,0,0.0,Customer satisfied with service; routine check completed. Continue monitoring.,0
CUST_001498,Male,40,West,Organic,Month-to-month,Direct debit,Basic,DSL,Standard,20,39.94,842.03,140.2,330,0,27.4,43.0,2,1,0,0.0,Account stable; no issues reported. Continue monitoring.,1
CUST_001499,Male,36,North,Organic,Two year,Credit card,Standard,None,Standard,45,49.42,2296.44,0.0,244,0,5.9,41.0,0,1,1,20.0,All services working as expected; thank you note received. Continue monitoring.,0
CUST_001500,Male,32,East,Partner,Month-to-month,Credit card,Premium,Fibre,Standard,33,104.54,3512.39,345.5,485,1,255.9,19.0,2,1,1,15.0,All services working as expected; thank you note received. Feedback recorded.,0
CUST_001501,Male,65,East,Organic,One year,Direct debit,Standard,Fibre,Standard,4,79.26,479.29,299.5,316,1,241.0,16.0,2,0,1,6.0,Account stable; no issues reported. Routine follow-up in 30 days.,0
CUST_001502,Male,43,West,Organic,Month-to-month,Credit card,Basic,DSL,Standard,11,51.33,705.99,98.3,643,2,58.5,41.0,2,2,0,0.0,All services working as expected; thank you note received. No action required.,0
CUST_001503,Male,18,East,Social,Month-to-month,Credit card,Standard,Fibre,Standard,59,82.16,4593.53,227.2,749,1,180.3,29.0,2,0,1,14.9,Customer satisfied with service; routine check completed. Continue monitoring.,1
CUST_001504,Male,42,East,Referral,Month-to-month,Credit card,Basic,Fibre,Standard,36,51.43,1810.54,208.0,557,4,262.5,19.0,1,0,0,0.0,Customer satisfied with service; routine check completed. No action required.,0
CUST_001505,Female,53,North,Organic,One year,Direct debit,Premium,Fibre,Priority,34,95.91,3499.5,303.4,696,1,340.3,19.0,0,1,0,0.0,All services working as expected; thank you note received. Routine follow-up in 30 days.,0
CUST_001506,Male,45,South,Paid Search,Month-to-month,Credit card,Premium,Fibre,Standard,49,87.94,4365.41,282.5,195,0,222.0,21.0,1,0,0,0.0,Customer satisfied with service; routine check completed. Routine follow-up in 30 days.,0
CUST_001507,Female,41,East,Paid Search,Month-to-month,Credit card,Premium,DSL,Standard,37,88.38,3147.99,164.6,489,0,50.3,50.0,2,1,1,11.1,All services working as expected; thank you note received. Continue monitoring.,0
CUST_001508,Female,50,East,Organic,Month-to-month,Direct debit,Standard,Fibre,Standard,13,80.87,1089.2,201.6,241,0,187.6,7.0,0,0,1,8.2,All services working as expected; thank you note received. Routine follow-up in 30 days.,1
CUST_001509,Male,35,South,Organic,One year,Direct debit,Basic,None,Standard,60,37.22,2425.59,130.4,610,1,11.7,74.0,2,1,0,0.0,All services working as expected; thank you note received. Routine follow-up in 30 days.,0
CUST_001510,Male,58,South,Organic,One year,Bank transfer,Standard,Fibre,Standard,56,69.69,3916.72,289.0,526,2,161.0,14.0,2,0,0,0.0,Customer satisfied with service; routine check completed. Continue monitoring.,0
CUST_001511,Female,61,South,Organic,Month-to-month,Direct debit,Basic,Fibre,Priority,49,70.29,3389.54,271.0,736,0,188.6,14.0,1,0,0,0.0,Customer satisfied with service; routine check completed. Continue monitoring.,0
CUST_001512,Female,28,East,Organic,Month-to-month,Credit card,Basic,DSL,Standard,52,46.76,2472.42,115.4,648,0,49.3,40.0,2,2,0,0.0,No recent problems; user happy with plan. No action required.,0
CUST_001513,Male,18,West,Social,Month-to-month,Direct debit,Premium,DSL,Standard,9,79.03,635.19,108.7,809,0,55.0,30.0,0,0,1,15.4,Account stable; no issues reported. Feedback recorded.,1
CUST_001514,Male,27,East,Referral,Month-to-month,Direct debit,Standard,Fibre,Priority,30,89.41,2599.13,227.2,322,1,164.1,22.0,3,0,0,0.0,Account stable; no issues reported. No action required.,1
CUST_001515,Male,64,South,Social,Month-to-month,Direct debit,Basic,DSL,Priority,25,55.29,1546.59,63.6,396,2,48.6,54.0,2,2,0,0.0,All services working as expected; thank you note received. Feedback recorded.,0
CUST_001516,Male,27,East,Social,One year,Credit card,Premium,Fibre,Standard,35,105.84,3716.34,289.6,608,0,291.7,23.0,0,0,1,22.9,Customer satisfied with service; routine check completed. Continue monitoring.,0
CUST_001517,Female,56,South,Partner,Month-to-month,Direct debit,Premium,None,Standard,11,62.67,774.48,81.6,451,0,4.7,44.0,0,0,1,12.2,All services working as expected; thank you note received. Routine follow-up in 30 days.,0
CUST_001518,NonBinary,36,West,Paid Search,Month-to-month,Direct debit,Standard,Fibre,Standard,7,66.26,460.61,324.7,670,1,,14.0,1,1,0,0.0,Customer satisfied with service; routine check completed. No action required.,0
CUST_001519,Female,58,West,Organic,One year,Direct debit,Premium,Fibre,Standard,41,89.24,3680.39,299.3,651,0,275.5,17.0,3,0,0,0.0,All services working as expected; thank you note received. Routine follow-up in 30 days.,0
CUST_001520,Female,22,North,Organic,Month-to-month,Credit card,Premium,Fibre,Priority,39,111.11,4248.27,216.9,144,0,273.5,5.0,1,1,0,0.0,No recent problems; user happy with plan. No action required.,0
CUST_001521,Female,46,East,Paid Search,Month-to-month,Cash,Standard,Fibre,Standard,70,76.51,5193.82,181.2,103,0,172.6,24.0,3,1,1,15.0,Account stable; no issues reported. Feedback recorded.,0
CUST_001522,Female,33,West,Paid Search,Two year,Credit card,Standard,Fibre,Priority,7,74.59,516.25,311.7,189,0,228.0,19.0,2,1,0,0.0,No recent problems; user happy with plan. Feedback recorded.,0
CUST_001523,Male,34,East,Paid Search,Month-to-month,Credit card,Basic,Fibre,Standard,58,58.6,3463.57,207.4,782,1,254.7,9.0,1,0,1,20.8,Customer satisfied with service; routine check completed. Continue monitoring.,0
CUST_001524,Female,29,West,Partner,One year,Direct debit,Premium,Fibre,Standard,71,90.28,6174.46,474.1,416,0,198.8,16.0,2,1,1,7.8,Account stable; no issues reported. Feedback recorded.,0
CUST_001525,Female,32,West,Paid Search,Month-to-month,Direct debit,Basic,5G_FWA,Standard,41,61.22,2598.06,146.0,622,0,191.9,28.0,0,0,1,21.3,No recent problems; user happy with plan. Feedback recorded.,0
CUST_001526,Male,33,West,Organic,Month-to-month,Bank transfer,Standard,Fibre,Priority,35,87.59,3109.49,151.7,677,0,170.3,29.0,1,0,0,0.0,Account stable; no issues reported. No action required.,0
CUST_001527,Female,47,South,Paid Search,Month-to-month,Direct debit,Basic,Fibre,Standard,51,38.68,2072.14,149.6,401,1,156.8,6.0,1,0,0,0.0,Customer satisfied with service; routine check completed. Feedback recorded.,0
CUST_001528,Female,50,West,Organic,Month-to-month,Direct debit,Standard,Fibre,Standard,58,60.97,3694.89,296.0,359,0,206.9,24.0,1,2,0,0.0,All services working as expected; thank you note received. Feedback recorded.,0
CUST_001529,Male,31,East,Organic,Month-to-month,Direct debit,Standard,DSL,Standard,52,70.22,3691.29,79.6,816,1,26.1,44.0,1,0,0,0.0,No recent problems; user happy with plan. No action required.,0
CUST_001530,Female,60,West,Paid Search,Month-to-month,Direct debit,Standard,Fibre,Standard,16,81.62,1410.15,294.6,410,2,235.7,9.0,1,0,1,5.2,All services working as expected; thank you note received. Routine follow-up in 30 days.,0
CUST_001531,Female,41,East,Organic,Month-to-month,Direct debit,Standard,Fibre,Standard,51,78.51,3972.7,317.8,376,0,211.6,25.0,1,1,0,0.0,No recent problems; user happy with plan. No action required.,0
CUST_001532,Male,18,South,Paid Search,Two year,Direct debit,Standard,DSL,Standard,33,74.77,2382.95,190.5,232,0,23.7,54.0,1,1,0,0.0,Customer satisfied with service; routine check completed. No action required.,0
CUST_001533,Male,35,South,Organic,Month-to-month,Credit card,Premium,Fibre,Standard,23,92.22,2101.63,221.8,421,1,145.2,17.0,2,1,0,0.0,Customer satisfied with service; routine check completed. Continue monitoring.,1
CUST_001534,Female,42,South,Organic,One year,Credit card,Basic,None,Standard,54,41.16,2058.93,15.8,273,0,7.4,73.0,0,1,1,20.9,Account stable; no issues reported. No action required.,0
CUST_001535,Female,39,West,Partner,Month-to-month,Credit card,Basic,Fibre,Priority,62,62.49,3763.08,130.7,646,1,210.6,31.0,1,2,1,18.7,Account stable; no issues reported. Feedback recorded.,0
CUST_001536,Male,20,South,Organic,Month-to-month,Direct debit,Basic,Fibre,Standard,0,58.86,0.0,168.5,457,0,239.7,21.0,0,1,0,0.0,All services working as expected; thank you note received. Routine follow-up in 30 days.,0
CUST_001537,Male,33,West,Organic,Month-to-month,Direct debit,Premium,DSL,Standard,30,75.8,2017.43,158.8,915,4,67.4,53.0,1,0,1,6.3,Account stable; no issues reported. Feedback recorded.,0
CUST_001538,Female,45,North,Paid Search,Two year,Credit card,Standard,None,Standard,55,61.03,3383.85,0.0,557,1,12.1,60.0,1,1,0,0.0,No recent problems; user happy with plan. Feedback recorded.,0
CUST_001539,Female,44,North,Paid Search,Month-to-month,Direct debit,Standard,Fibre,Standard,36,72.53,2680.4,336.8,437,1,248.9,15.0,3,0,1,17.9,Account stable; no issues reported. Continue monitoring.,0
CUST_001540,Male,38,South,Referral,Month-to-month,Credit card,Basic,DSL,Priority,55,52.49,2795.04,143.6,232,0,56.0,45.0,1,1,0,0.0,All services working as expected; thank you note received. Continue monitoring.,0
CUST_001541,Male,64,West,Organic,Month-to-month,Credit card,Premium,None,Standard,23,66.32,1546.67,0.0,585,1,10.9,81.0,1,0,1,7.4,Customer satisfied with service; routine check completed. Feedback recorded.,0
CUST_001542,Male,34,South,Organic,Month-to-month,Direct debit,Premium,5G_FWA,Standard,15,88.76,1247.23,204.9,342,0,166.7,30.0,1,1,1,13.4,All services working as expected; thank you note received. Routine follow-up in 30 days.,0
CUST_001543,Female,33,West,Partner,Two year,Credit card,Standard,None,Standard,12,54.62,708.53,27.3,461,0,9.3,36.0,2,1,1,20.7,All services working as expected; thank you note received. Feedback recorded.,0
CUST_001544,Female,40,South,Organic,One year,Cash,Premium,Fibre,Standard,10,94.1,950.96,308.3,1068,4,207.7,23.0,2,0,0,0.0,All services working as expected; thank you note received. Routine follow-up in 30 days.,0
CUST_001545,Female,50,North,Organic,Month-to-month,Bank transfer,Standard,Fibre,Priority,6,85.75,455.81,241.6,669,1,262.8,31.0,2,2,0,0.0,All services working as expected; thank you note received. Feedback recorded.,0
CUST_001546,Male,24,West,Organic,Month-to-month,Bank transfer,Basic,Fibre,Standard,59,55.6,3265.96,243.7,587,1,268.5,13.0,1,0,1,19.7,All services working as expected; thank you note received. Routine follow-up in 30 days.,0
CUST_001547,Male,61,East,Partner,Month-to-month,Bank transfer,Standard,Fibre,Priority,26,81.06,1996.17,143.0,463,0,118.4,12.0,2,1,0,0.0,No recent problems; user happy with plan. Feedback recorded.,0
CUST_001548,Female,43,South,Referral,One year,Credit card,Standard,Fibre,Standard,55,73.2,4238.13,336.0,230,0,232.6,19.0,1,0,1,17.8,No recent problems; user happy with plan. Feedback recorded.,0
CUST_001549,Male,38,West,Organic,Month-to-month,Direct debit,Premium,Fibre,Standard,62,90.4,,251.2,213,0,217.1,9.0,0,1,1,21.2,Customer satisfied with service; routine check completed. Routine follow-up in 30 days.,0
CUST_001550,Female,59,East,Partner,One year,Credit card,Premium,Fibre,Standard,49,99.52,4991.09,409.5,410,0,206.4,25.0,0,1,1,11.2,Customer satisfied with service; routine check completed. No action required.,0
CUST_001551,Female,33,South,Organic,Month-to-month,Credit card,Premium,None,Standard,53,69.69,3794.71,96.6,134,0,9.9,61.0,0,1,0,0.0,Customer satisfied with service; routine check completed. Continue monitoring.,0
CUST_001552,Female,37,East,Organic,Month-to-month,Cash,Basic,Fibre,Standard,65,51.66,3473.74,227.7,610,2,139.2,19.0,2,1,0,0.0,All services working as expected; thank you note received. Continue monitoring.,0
CUST_001553,Male,44,North,Partner,Two year,Credit card,Premium,None,Standard,55,77.13,4062.09,61.5,543,0,7.3,48.0,0,1,1,15.5,No recent problems; user happy with plan. Feedback recorded.,0
CUST_001554,Male,37,West,Referral,Month-to-month,Direct debit,Standard,5G_FWA,Standard,23,74.09,1553.61,239.0,1008,2,121.9,38.0,3,0,1,21.0,Customer satisfied with service; routine check completed. Routine follow-up in 30 days.,0
CUST_001555,Female,27,North,Organic,One year,Credit card,Basic,Fibre,Standard,69,59.03,4081.3,207.8,284,0,218.0,28.0,1,1,0,0.0,Account stable; no issues reported. Feedback recorded.,0
CUST_001556,Female,57,West,Social,Month-to-month,Credit card,Basic,5G_FWA,Standard,53,55.31,2912.41,110.8,575,2,113.7,30.0,0,1,0,0.0,Account stable; no issues reported. Routine follow-up in 30 days.,1
CUST_001557,Male,34,East,Paid Search,Month-to-month,Credit card,Basic,Fibre,Standard,27,58.14,1714.59,224.1,699,1,253.9,15.0,1,1,1,21.5,No recent problems; user happy with plan. Routine follow-up in 30 days.,0
CUST_001558,Female,38,West,Organic,One year,Credit card,Basic,DSL,Standard,47,40.17,1702.92,181.0,522,0,26.8,34.0,1,0,0,0.0,No recent problems; user happy with plan. Routine follow-up in 30 days.,0
CUST_001559,Female,21,South,Organic,One year,Credit card,Premium,DSL,Standard,15,82.77,1079.38,156.7,196,0,72.5,28.0,1,1,0,0.0,Account stable; no issues reported. Feedback recorded.,1
CUST_001560,Female,47,North,Paid Search,One year,Credit card,Standard,Fibre,Standard,2,62.75,319.98,293.0,433,1,228.6,20.0,0,0,1,20.3,All services working as expected; thank you note received. Continue monitoring.,0
CUST_001561,Male,39,East,Organic,One year,Bank transfer,Standard,Fibre,Priority,65,79.28,5124.52,350.5,466,0,261.4,10.0,2,0,0,0.0,Customer satisfied with service; routine check completed. Feedback recorded.,0
CUST_001562,Female,47,East,Organic,Two year,Cash,Premium,Fibre,Standard,24,88.6,2287.98,257.7,403,0,268.9,14.0,0,1,1,12.6,Customer satisfied with service; routine check completed. Feedback recorded.,0
CUST_001563,Male,40,East,Social,Month-to-month,Direct debit,Standard,Fibre,Standard,72,61.22,4169.6,286.7,277,0,261.2,9.0,1,1,0,0.0,No recent problems; user happy with plan. Routine follow-up in 30 days.,1
CUST_001564,Female,39,West,Paid Search,One year,Direct debit,Premium,Fibre,Standard,52,90.68,4658.19,313.5,444,2,225.1,15.0,3,4,1,6.1,Speed occasionally slow at peak times; suggested troubleshooting. Customer advised on next steps.,1
CUST_001565,Male,18,North,Social,One year,Cash,Premium,5G_FWA,Standard,45,96.58,4230.98,103.1,489,1,167.4,24.0,1,0,0,0.0,Customer satisfied with service; routine check completed. No action required.,0
CUST_001566,Male,31,East,Social,Month-to-month,Direct debit,Premium,Fibre,Standard,61,96.95,6026.22,283.1,638,0,77.3,11.0,2,1,0,0.0,Account stable; no issues reported. Continue monitoring.,0
CUST_001567,Female,34,South,Paid Search,One year,Credit card,Premium,Fibre,Priority,34,100.39,3429.76,335.5,366,1,120.4,23.0,0,0,1,10.1,Account stable; no issues reported. No action required.,0
CUST_001568,NonBinary,41,North,Organic,Month-to-month,Credit card,Standard,DSL,Standard,21,55.95,1401.02,,455,0,26.4,30.0,1,0,1,24.3,Customer satisfied with service; routine check completed. No action required.,0
CUST_001569,Male,39,North,Partner,Month-to-month,Direct debit,Basic,DSL,Standard,63,57.47,3648.64,133.9,700,3,27.2,62.0,2,0,1,13.5,Customer mentioned intermittent issues; advised restart and monitoring. Customer advised on next steps.,1
CUST_001570,Female,56,North,Referral,Month-to-month,Direct debit,Standard,Fibre,Standard,23,79.66,1899.99,333.5,420,1,282.5,20.0,2,1,0,0.0,All services working as expected; thank you note received. No action required.,0
CUST_001571,Female,34,East,Partner,Month-to-month,Bank transfer,Premium,DSL,Priority,11,95.93,1138.13,130.0,709,1,39.9,48.0,1,0,1,23.3,Account stable; no issues reported. No action required.,0
CUST_001572,Female,50,East,Organic,Month-to-month,Bank transfer,Basic,DSL,Standard,26,37.62,1032.62,200.9,203,0,58.4,44.0,2,2,0,0.0,Customer satisfied with service; routine check completed. Feedback recorded.,0
CUST_001573,Male,30,North,Social,One year,Direct debit,Standard,DSL,Standard,14,72.27,1157.36,192.2,575,1,62.4,38.0,2,0,0,0.0,Customer satisfied with service; routine check completed. Routine follow-up in 30 days.,0
CUST_001574,Male,77,South,Organic,Month-to-month,Direct debit,Standard,Fibre,Priority,48,88.77,4314.61,281.7,811,2,214.2,8.0,0,1,0,0.0,Customer satisfied with service; routine check completed. Routine follow-up in 30 days.,0
CUST_001575,Female,28,North,Organic,Two year,Direct debit,Basic,5G_FWA,Priority,29,64.24,1782.12,182.7,418,2,98.6,24.0,2,0,0,0.0,Account stable; no issues reported. No action required.,0
CUST_001576,Male,33,East,Organic,Month-to-month,Credit card,Standard,None,Standard,38,54.67,2158.72,0.0,746,3,1.0,28.0,1,0,0,0.0,Account stable; no issues reported. No action required.,0
CUST_001577,Male,46,North,Partner,Month-to-month,Bank transfer,Standard,DSL,Standard,28,57.6,1374.74,173.8,466,0,49.1,45.0,0,0,1,12.3,All services working as expected; thank you note received. Feedback recorded.,0
CUST_001578,Female,26,North,Paid Search,One year,Direct debit,Premium,Fibre,Standard,65,79.55,5297.32,269.9,555,0,,10.0,1,0,0,0.0,No recent problems; user happy with plan. No action required.,0
CUST_001579,Female,31,East,Social,One year,Credit card,Standard,Fibre,Priority,47,84.91,4035.79,158.2,450,0,268.9,17.0,0,0,0,0.0,No recent problems; user happy with plan. Feedback recorded.,0
CUST_001580,NonBinary,38,South,Organic,Two year,Bank transfer,Basic,Fibre,Priority,3,68.6,313.05,188.6,872,2,204.9,21.0,2,0,1,10.0,No recent problems; user happy with plan. Feedback recorded.,0
CUST_001581,Male,51,West,Organic,Month-to-month,Direct debit,Standard,Fibre,Priority,27,84.7,2211.72,278.4,968,3,198.3,28.0,1,3,0,0.0,All services working as expected; thank you note received. Continue monitoring.,0
CUST_001582,Female,46,East,Referral,Two year,Direct debit,Standard,Fibre,Priority,19,82.53,1543.26,224.7,774,2,163.0,25.0,1,2,1,17.3,No recent problems; user happy with plan. Routine follow-up in 30 days.,0
CUST_001583,Male,42,West,Paid Search,Month-to-month,Credit card,Standard,Fibre,Standard,68,81.43,5402.88,196.2,215,0,189.3,18.0,0,0,0,0.0,Account stable; no issues reported. No action required.,0
CUST_001584,Female,55,West,Partner,One year,Direct debit,Basic,Fibre,Standard,1,58.78,60.12,188.7,277,0,281.8,25.0,0,0,1,24.5,No recent problems; user happy with plan. Feedback recorded.,0
CUST_001585,Male,45,West,Social,Two year,Credit card,Standard,Fibre,Standard,61,64.71,4020.2,247.3,62,0,136.6,14.0,2,1,0,0.0,All services working as expected; thank you note received. No action required.,0
CUST_001586,Female,33,North,Organic,Month-to-month,Bank transfer,Premium,Fibre,Priority,59,110.07,6527.41,400.2,185,0,192.5,34.0,1,0,0,0.0,Customer satisfied with service; routine check completed. No action required.,0
CUST_001587,Female,35,West,Organic,One year,Credit card,Standard,Fibre,Standard,29,70.65,2069.27,182.6,715,2,149.4,17.0,3,0,0,0.0,No recent problems; user happy with plan. No action required.,0
CUST_001588,Female,57,East,Paid Search,Month-to-month,Direct debit,Basic,DSL,Standard,27,34.77,1074.57,37.0,652,1,42.0,51.0,2,0,0,0.0,All services working as expected; thank you note received. No action required.,0
CUST_001589,Female,48,North,Organic,Month-to-month,Bank transfer,Basic,Fibre,Standard,34,52.74,1784.72,227.0,514,0,162.1,26.0,1,1,0,0.0,All services working as expected; thank you note received. Continue monitoring.,0
CUST_001590,Male,18,East,Organic,Month-to-month,Credit card,Basic,Fibre,Standard,32,68.57,2345.78,214.1,242,0,175.9,17.0,2,0,0,0.0,Customer satisfied with service; routine check completed. Continue monitoring.,0
CUST_001591,Female,50,East,Partner,Month-to-month,Direct debit,Basic,5G_FWA,Standard,48,52.32,2564.48,144.1,138,1,218.0,24.0,2,0,1,23.4,No recent problems; user happy with plan. Routine follow-up in 30 days.,0
CUST_001592,Female,35,West,Organic,One year,Credit card,Standard,Fibre,Priority,66,73.9,4890.4,338.3,373,1,153.5,12.0,0,0,0,0.0,Account stable; no issues reported. Continue monitoring.,0
CUST_001593,Male,38,West,Partner,Month-to-month,Direct debit,Standard,5G_FWA,Standard,51,68.51,3148.9,275.5,450,1,109.6,25.0,1,1,0,0.0,All services working as expected; thank you note received. No action required.,1
CUST_001594,Male,23,South,Organic,Two year,Credit card,Standard,5G_FWA,Standard,50,68.07,3541.88,157.0,323,0,131.4,16.0,2,0,1,6.1,All services working as expected; thank you note received. Routine follow-up in 30 days.,0
CUST_001595,Male,34,South,Social,One year,Credit card,Standard,5G_FWA,Standard,59,82.06,4779.98,168.5,53,0,129.2,43.0,2,2,1,14.1,All services working as expected; thank you note received. Feedback recorded.,0
CUST_001596,Male,24,East,Partner,Month-to-month,Direct debit,Standard,DSL,Standard,70,56.71,3715.37,192.2,111,0,49.6,36.0,0,1,1,19.8,All services working as expected; thank you note received. Routine follow-up in 30 days.,0
CUST_001597,Male,32,North,Organic,Two year,Bank transfer,Premium,5G_FWA,Standard,45,92.92,4249.25,186.5,454,1,167.7,28.0,1,0,0,0.0,Account stable; no issues reported. Feedback recorded.,0
CUST_001598,Male,37,South,Organic,One year,Direct debit,Basic,Fibre,Standard,67,54.66,3831.66,249.2,754,1,323.8,21.0,2,1,1,19.1,Customer satisfied with service; routine check completed. No action required.,0
CUST_001599,Female,44,East,Organic,Month-to-month,Credit card,Standard,Fibre,Priority,38,90.53,3463.12,206.3,360,0,198.6,42.0,1,1,0,0.0,Account stable; no issues reported. Continue monitoring.,0
CUST_001600,Male,33,South,Paid Search,Month-to-month,Bank transfer,Premium,Fibre,Standard,31,108.04,3279.29,285.6,303,0,211.7,21.0,4,0,0,0.0,All services working as expected; thank you note received. Continue monitoring.,0
CUST_001601,Female,37,South,Paid Search,Month-to-month,Direct debit,Standard,DSL,Priority,3,69.22,318.99,141.5,537,1,30.0,54.0,2,2,0,0.0,No recent problems; user happy with plan. Routine follow-up in 30 days.,0
CUST_001602,Female,37,North,Paid Search,Month-to-month,Direct debit,Standard,Fibre,Standard,1,70.88,240.43,302.4,436,0,268.6,16.0,0,0,1,10.2,Customer satisfied with service; routine check completed. No action required.,0
CUST_001603,Female,50,West,Paid Search,Two year,Direct debit,Premium,Fibre,Standard,9,91.25,845.35,339.5,705,3,299.4,19.0,3,2,1,8.0,Billing query raised; resolved via support. Ticket logged.,0
CUST_001604,Male,18,West,Organic,Month-to-month,Direct debit,Standard,Fibre,Priority,29,83.69,2344.88,303.7,369,0,191.1,23.0,1,0,1,19.1,All services working as expected; thank you note received. Feedback recorded.,0
CUST_001605,Female,52,East,Organic,Two year,Credit card,Premium,None,Standard,25,87.32,2247.21,33.7,280,1,8.6,60.0,0,1,0,0.0,All services working as expected; thank you note received. Routine follow-up in 30 days.,0
CUST_001606,Male,30,East,Social,One year,Direct debit,Basic,5G_FWA,Standard,42,50.96,2208.79,160.1,651,1,85.4,41.0,0,0,0,0.0,No recent problems; user happy with plan. Routine follow-up in 30 days.,0
CUST_001607,Male,49,East,Social,Month-to-month,Bank transfer,Basic,Fibre,Priority,17,69.07,1192.97,335.0,675,2,184.5,19.0,3,0,1,18.6,All services working as expected; thank you note received. No action required.,0
CUST_001608,Male,26,West,Paid Search,One year,Direct debit,Premium,DSL,Standard,25,79.17,1784.78,164.3,371,0,52.4,34.0,2,0,1,20.5,Customer satisfied with service; routine check completed. Feedback recorded.,0
CUST_001609,Female,58,North,Organic,Month-to-month,Cash,Standard,Fibre,Standard,57,84.17,4858.69,237.5,863,3,370.3,10.0,1,1,0,0.0,No recent problems; user happy with plan. Routine follow-up in 30 days.,0
CUST_001610,Female,39,North,Referral,Month-to-month,Direct debit,Standard,Fibre,Standard,61,75.26,4529.39,235.2,278,1,290.9,11.0,2,0,0,0.0,Customer satisfied with service; routine check completed. Continue monitoring.,0
CUST_001611,Male,40,North,Referral,Month-to-month,Credit card,Premium,Fibre,Standard,31,105.39,3205.1,221.1,499,0,252.5,5.0,1,0,1,23.4,No recent problems; user happy with plan. Continue monitoring.,0
CUST_001612,Male,29,South,Organic,Month-to-month,Credit card,Standard,Fibre,Standard,52,77.9,4144.36,196.3,632,3,260.4,14.0,1,1,1,17.7,Account stable; no issues reported. No action required.,0
CUST_001613,Male,19,East,Partner,Month-to-month,Direct debit,Standard,Fibre,Standard,71,81.7,5797.06,262.3,300,0,211.7,18.0,1,0,1,13.3,All services working as expected; thank you note received. Feedback recorded.,0
CUST_001614,Male,50,North,Referral,Month-to-month,Cash,Standard,Fibre,Standard,7,82.99,523.69,244.7,436,1,177.9,5.0,2,0,0,0.0,Account stable; no issues reported. Continue monitoring.,0
CUST_001615,Male,32,South,Organic,Two year,Direct debit,Premium,Fibre,Standard,66,92.43,6269.19,317.0,608,1,346.1,6.0,3,0,1,10.6,Account stable; no issues reported. No action required.,1
CUST_001616,Female,51,East,Paid Search,Two year,Credit card,Standard,Fibre,Standard,53,80.78,4287.79,291.9,695,2,231.9,15.0,2,0,0,0.0,Customer satisfied with service; routine check completed. Continue monitoring.,0
CUST_001617,Male,44,South,Organic,One year,Direct debit,Standard,Fibre,Standard,47,80.65,3736.0,225.7,500,1,212.3,18.0,1,0,1,12.6,All services working as expected; thank you note received. Feedback recorded.,0
CUST_001618,Male,39,West,Organic,Month-to-month,Bank transfer,Premium,DSL,Standard,60,81.46,4796.67,164.3,866,0,35.8,49.0,4,1,0,0.0,No recent problems; user happy with plan. Feedback recorded.,0
CUST_001619,Male,18,North,Partner,Two year,Credit card,Standard,Fibre,Standard,4,83.59,294.59,227.0,446,1,274.5,21.0,1,0,1,12.5,All services working as expected; thank you note received. Continue monitoring.,0
CUST_001620,Female,46,East,Paid Search,One year,Credit card,Standard,DSL,Standard,3,64.01,264.17,62.8,1024,2,35.6,43.0,2,1,1,12.9,No recent problems; user happy with plan. No action required.,0
CUST_001621,Female,32,East,Partner,Month-to-month,Credit card,Basic,5G_FWA,Standard,72,68.35,4744.69,188.8,783,1,71.8,33.0,4,1,1,24.1,Customer satisfied with service; routine check completed. No action required.,0
CUST_001622,Female,36,East,Referral,Two year,Cash,Basic,DSL,Standard,39,48.74,1850.51,65.3,533,1,39.6,29.0,0,0,1,17.0,Customer satisfied with service; routine check completed. Routine follow-up in 30 days.,0
CUST_001623,Female,29,South,Paid Search,Month-to-month,Direct debit,Standard,DSL,Priority,67,78.01,5157.75,274.8,106,1,45.8,41.0,2,0,1,21.9,Customer satisfied with service; routine check completed. No action required.,0
CUST_001624,Female,35,East,Organic,One year,Credit card,Standard,5G_FWA,Priority,44,72.95,3141.77,202.4,842,1,163.9,21.0,2,0,1,23.0,All services working as expected; thank you note received. Routine follow-up in 30 days.,0
CUST_001625,Male,38,North,Referral,Month-to-month,Cash,Premium,Fibre,Standard,0,104.11,0.0,334.5,254,1,321.8,14.0,3,2,1,17.5,No recent problems; user happy with plan. Feedback recorded.,0
CUST_001626,Male,45,West,Paid Search,Month-to-month,Cash,Standard,5G_FWA,Priority,24,83.69,2005.72,158.3,439,0,198.6,34.0,1,0,1,22.3,Customer satisfied with service; routine check completed. No action required.,1
CUST_001627,Male,37,West,Referral,Month-to-month,Direct debit,Standard,DSL,Standard,13,67.2,804.68,121.8,789,0,42.9,62.0,1,1,0,0.0,Account stable; no issues reported. No action required.,0
CUST_001628,Female,36,South,Organic,Month-to-month,Direct debit,Standard,Fibre,Priority,6,82.33,329.23,277.3,928,0,126.5,17.0,0,0,1,22.1,No recent problems; user happy with plan. Continue monitoring.,0
CUST_001629,Female,18,East,Paid Search,Month-to-month,Direct debit,Basic,Fibre,Standard,28,55.29,1549.36,228.2,512,0,176.5,10.0,1,2,0,0.0,No recent problems; user happy with plan. Routine follow-up in 30 days.,0
CUST_001630,Female,41,North,Organic,One year,Direct debit,Standard,Fibre,Standard,22,82.8,1694.7,214.7,610,0,170.9,5.0,2,2,1,17.6,Customer satisfied with service; routine check completed. Routine follow-up in 30 days.,1
CUST_001631,Female,56,West,Organic,Month-to-month,Cash,Standard,Fibre,Priority,19,90.71,1719.17,262.7,340,1,236.1,19.0,1,0,0,0.0,Account stable; no issues reported. Routine follow-up in 30 days.,0
CUST_001632,Female,66,South,Partner,Month-to-month,Direct debit,Basic,DSL,Standard,3,43.83,145.13,68.8,487,0,30.9,25.0,1,1,1,22.5,No recent problems; user happy with plan. No action required.,1
CUST_001633,Male,50,North,Partner,Month-to-month,Cash,Basic,5G_FWA,Priority,24,53.2,1477.44,86.6,316,1,193.7,47.0,3,0,1,12.0,All services working as expected; thank you note received. Continue monitoring.,0
CUST_001634,Female,44,East,Partner,Month-to-month,Direct debit,Standard,5G_FWA,Standard,26,73.25,1838.8,222.7,784,2,83.1,31.0,0,1,1,16.9,No recent problems; user happy with plan. Continue monitoring.,0
CUST_001635,Female,40,South,Partner,Two year,Direct debit,Premium,Fibre,Standard,4,101.71,437.79,280.1,837,1,264.0,18.0,0,0,0,0.0,Account stable; no issues reported. Routine follow-up in 30 days.,0
CUST_001636,Male,38,South,Social,Month-to-month,Credit card,Standard,Fibre,Priority,65,73.95,5119.03,204.7,402,1,164.3,10.0,0,0,0,0.0,All services working as expected; thank you note received. No action required.,0
CUST_001637,Female,34,West,Partner,Month-to-month,Direct debit,Basic,Fibre,Standard,14,58.78,944.48,221.8,506,4,184.7,19.0,2,0,1,12.0,Account stable; no issues reported. Continue monitoring.,0
CUST_001638,Female,44,North,Referral,Month-to-month,Cash,Premium,5G_FWA,Standard,59,100.63,5835.19,332.6,287,0,185.8,26.0,0,1,1,12.9,All services working as expected; thank you note received. Routine follow-up in 30 days.,0
CUST_001639,Male,52,East,Paid Search,Month-to-month,Bank transfer,Standard,Fibre,Priority,53,83.88,4419.03,293.6,642,1,152.9,12.0,1,0,1,11.3,Account stable; no issues reported. Feedback recorded.,0
CUST_001640,Male,49,West,Referral,Two year,Direct debit,Standard,Fibre,Standard,45,73.58,3065.91,219.2,491,1,258.7,27.0,0,0,1,24.6,Customer satisfied with service; routine check completed. Feedback recorded.,0
CUST_001641,Male,40,East,Partner,Month-to-month,Credit card,Premium,DSL,Priority,59,92.4,5243.03,206.7,336,0,60.3,49.0,0,0,0,0.0,No recent problems; user happy with plan. Feedback recorded.,0
CUST_001642,Male,37,West,Organic,Month-to-month,Credit card,Basic,None,Standard,35,38.42,1314.43,32.1,726,3,1.0,72.0,2,1,0,0.0,All services working as expected; thank you note received. Continue monitoring.,0
CUST_001643,Female,25,South,Referral,One year,Direct debit,Standard,Fibre,Standard,26,87.68,2487.18,244.2,668,0,205.0,22.0,1,1,1,7.2,Customer satisfied with service; routine check completed. Routine follow-up in 30 days.,0
CUST_001644,Female,20,North,Organic,One year,Direct debit,Premium,DSL,Standard,56,86.45,4861.29,206.3,451,0,33.6,53.0,1,0,1,22.5,No recent problems; user happy with plan. Continue monitoring.,0
CUST_001645,Female,28,West,Organic,One year,Credit card,Basic,Fibre,Standard,34,43.22,1356.45,251.6,786,2,213.0,18.0,2,3,0,0.0,All services working as expected; thank you note received. Continue monitoring.,0
CUST_001646,Male,35,West,Organic,Two year,Direct debit,Premium,Fibre,Standard,33,93.89,3261.45,317.7,479,0,43.7,29.0,2,0,0,0.0,No recent problems; user happy with plan. No action required.,0
CUST_001647,Male,39,South,Paid Search,Month-to-month,Direct debit,Basic,Fibre,Standard,33,53.02,1713.58,212.7,966,2,312.9,17.0,3,1,1,9.2,No recent problems; user happy with plan. Continue monitoring.,0
CUST_001648,Male,57,East,Organic,Month-to-month,Bank transfer,Standard,Fibre,Standard,1,69.99,151.65,268.4,535,3,223.4,21.0,2,1,0,0.0,Customer satisfied with service; routine check completed. Feedback recorded.,0
CUST_001649,Male,22,South,Referral,One year,Credit card,Premium,DSL,Priority,72,88.48,6387.48,254.1,410,0,51.4,39.0,0,0,0,0.0,No recent problems; user happy with plan. No action required.,0
CUST_001650,Female,39,North,Organic,Two year,Direct debit,Premium,Fibre,Standard,41,82.64,3216.62,402.5,642,0,111.1,12.0,1,1,0,0.0,No recent problems; user happy with plan. Feedback recorded.,0
CUST_001651,Male,46,South,Partner,Two year,Cash,Basic,DSL,Standard,58,44.36,2723.32,76.4,743,2,64.7,45.0,0,0,1,15.6,Customer satisfied with service; routine check completed. Routine follow-up in 30 days.,0
CUST_001652,Female,23,West,Social,Month-to-month,Credit card,Premium,Fibre,Standard,53,93.88,4933.54,264.4,888,3,239.5,20.0,1,0,0,0.0,Account stable; no issues reported. Continue monitoring.,1
CUST_001653,Female,44,West,Partner,One year,Bank transfer,Basic,5G_FWA,Standard,26,67.32,1738.09,212.2,396,2,146.6,29.0,3,1,0,0.0,Customer satisfied with service; routine check completed. Feedback recorded.,0
CUST_001654,Male,46,West,Social,One year,Direct debit,Standard,DSL,Standard,22,69.82,1271.51,30.4,588,1,75.0,26.0,2,1,0,0.0,Account stable; no issues reported. Feedback recorded.,0
CUST_001655,Female,42,West,Organic,One year,Direct debit,Premium,DSL,Priority,21,99.76,1948.34,141.5,813,0,51.4,51.0,1,0,0,0.0,Account stable; no issues reported. Feedback recorded.,0
CUST_001656,Female,22,West,Partner,Two year,Credit card,Basic,DSL,Standard,3,48.72,246.96,94.4,732,0,39.8,38.0,1,1,0,0.0,Account stable; no issues reported. Feedback recorded.,0
CUST_001657,Female,27,East,Organic,Two year,Credit card,Standard,Fibre,Priority,36,79.48,2818.78,265.8,374,2,152.0,18.0,0,0,0,0.0,Account stable; no issues reported. Routine follow-up in 30 days.,0
CUST_001658,Male,44,West,Social,Month-to-month,Bank transfer,Standard,Fibre,Standard,60,88.46,5491.29,335.2,845,1,140.8,21.0,1,0,1,24.3,No recent problems; user happy with plan. Continue monitoring.,0
CUST_001659,NonBinary,28,East,Partner,Month-to-month,Direct debit,Basic,Fibre,Priority,54,57.87,3198.18,304.7,1141,2,318.2,23.0,0,0,1,18.0,Account stable; no issues reported. No action required.,0
CUST_001660,Male,25,South,Organic,Two year,Direct debit,Basic,Fibre,Standard,62,60.57,3864.11,267.6,507,0,217.6,20.0,1,0,1,13.8,No recent problems; user happy with plan. No action required.,0
CUST_001661,Female,33,North,Referral,Month-to-month,Direct debit,Standard,DSL,Priority,71,69.04,4862.98,117.3,432,1,15.5,54.0,0,1,0,0.0,Account stable; no issues reported. Continue monitoring.,1
CUST_001662,Female,30,East,Social,Month-to-month,Direct debit,Premium,Fibre,Standard,11,94.94,1192.68,376.7,753,1,252.1,13.0,2,2,0,0.0,All services working as expected; thank you note received. Routine follow-up in 30 days.,0
CUST_001663,Male,70,South,Partner,Month-to-month,Bank transfer,Basic,Fibre,Standard,9,50.72,266.81,176.0,472,2,133.5,16.0,1,0,1,20.5,Customer satisfied with service; routine check completed. Routine follow-up in 30 days.,0
CUST_001664,Female,37,West,Partner,Two year,Direct debit,Basic,Fibre,Standard,10,50.9,524.09,285.1,602,1,122.4,17.0,0,0,1,18.6,No recent problems; user happy with plan. Routine follow-up in 30 days.,0
CUST_001665,Female,45,North,Paid Search,Two year,Direct debit,Standard,5G_FWA,Priority,37,86.68,,140.9,695,0,225.2,22.0,0,1,1,15.0,No recent problems; user happy with plan. No action required.,0
CUST_001666,Male,44,West,Paid Search,One year,Direct debit,Standard,Fibre,Standard,68,77.51,5216.38,338.5,701,3,185.5,31.0,3,0,1,15.0,Customer satisfied with service; routine check completed. No action required.,0
CUST_001667,Female,56,South,Organic,Month-to-month,Credit card,Premium,Fibre,Standard,3,94.27,171.0,266.4,362,0,122.1,20.0,1,1,1,11.3,Customer satisfied with service; routine check completed. No action required.,0
CUST_001668,Male,32,West,Organic,Month-to-month,Direct debit,Standard,Fibre,Standard,10,84.97,716.59,284.1,687,1,251.6,23.0,1,2,0,0.0,No recent problems; user happy with plan. Routine follow-up in 30 days.,0
CUST_001669,Male,44,South,Paid Search,Month-to-month,Direct debit,Basic,Fibre,Priority,30,75.31,2309.02,274.3,673,5,173.5,11.0,1,0,1,18.6,No recent problems; user happy with plan. Feedback recorded.,0
CUST_001670,Female,23,North,Organic,Month-to-month,Credit card,Standard,5G_FWA,Priority,48,72.97,3598.55,215.6,587,1,177.1,43.0,1,0,0,0.0,Account stable; no issues reported. No action required.,0
CUST_001671,Female,43,West,Referral,Month-to-month,Bank transfer,Standard,DSL,Priority,71,75.07,,53.9,600,1,60.0,36.0,3,0,1,8.3,All services working as expected; thank you note received. Continue monitoring.,0
CUST_001672,Female,42,West,Paid Search,Month-to-month,Direct debit,Basic,Fibre,Standard,60,57.27,3704.74,257.7,312,2,54.1,22.0,1,0,0,0.0,No recent problems; user happy with plan. Routine follow-up in 30 days.,0
CUST_001673,Male,31,West,Organic,Month-to-month,Credit card,Standard,Fibre,Standard,55,75.39,4242.01,276.7,471,1,359.7,10.0,1,1,0,0.0,Account stable; no issues reported. Continue monitoring.,0
CUST_001674,Male,38,West,Paid Search,Month-to-month,Bank transfer,Standard,Fibre,Priority,37,78.38,2856.54,235.5,492,3,203.5,23.0,0,0,0,0.0,Account stable; no issues reported. Feedback recorded.,0
CUST_001675,Male,54,East,Organic,Month-to-month,Bank transfer,Standard,Fibre,Standard,58,65.95,3753.17,259.3,761,0,75.7,29.0,1,1,0,0.0,Customer satisfied with service; routine check completed. Continue monitoring.,0
CUST_001676,Male,49,North,Partner,Two year,Direct debit,Standard,Fibre,Standard,15,73.23,1262.74,295.1,574,1,175.9,15.0,1,1,0,0.0,Account stable; no issues reported. Continue monitoring.,0
CUST_001677,Female,51,South,Partner,Month-to-month,Bank transfer,Standard,Fibre,Standard,5,72.39,501.78,217.6,474,0,191.6,23.0,1,0,0,0.0,Account stable; no issues reported. Routine follow-up in 30 days.,0
CUST_001678,Female,30,North,Organic,Month-to-month,Direct debit,Basic,5G_FWA,Priority,52,52.15,2837.63,246.9,919,1,151.0,41.0,2,0,1,18.4,No recent problems; user happy with plan. Feedback recorded.,0
CUST_001679,Male,35,South,Paid Search,Month-to-month,Direct debit,Basic,DSL,Priority,17,49.2,857.66,131.4,226,0,50.5,50.0,0,1,0,0.0,Customer satisfied with service; routine check completed. Continue monitoring.,1
CUST_001680,Female,47,South,Organic,Month-to-month,Credit card,Standard,Fibre,Standard,17,62.42,1053.41,291.7,678,4,177.4,5.0,3,1,0,0.0,No recent problems; user happy with plan. Routine follow-up in 30 days.,0
CUST_001681,Male,33,North,Referral,Month-to-month,Credit card,Basic,DSL,Standard,8,39.85,200.26,173.8,75,0,69.8,25.0,0,0,0,0.0,Account stable; no issues reported. No action required.,0
CUST_001682,Male,24,North,Social,Two year,Direct debit,Basic,Fibre,Standard,20,51.92,919.46,223.0,855,0,,15.0,0,1,0,0.0,All services working as expected; thank you note received. No action required.,0
CUST_001683,Male,53,West,Organic,Month-to-month,Direct debit,Basic,Fibre,Standard,22,51.57,1230.29,160.4,750,2,207.7,13.0,2,1,1,13.5,No recent problems; user happy with plan. Feedback recorded.,0
CUST_001684,Male,28,West,Partner,Month-to-month,Direct debit,Premium,Fibre,Standard,65,97.86,6428.96,361.5,275,0,243.0,13.0,2,1,1,20.2,Customer satisfied with service; routine check completed. Continue monitoring.,0
CUST_001685,Male,30,North,Organic,Month-to-month,Direct debit,Standard,Fibre,Standard,47,72.22,3319.57,280.5,547,0,197.9,10.0,2,0,0,0.0,No recent problems; user happy with plan. Continue monitoring.,0
CUST_001686,Male,22,North,Paid Search,Month-to-month,Bank transfer,Premium,Fibre,Standard,41,97.39,3783.96,285.7,518,1,222.7,17.0,2,0,0,0.0,No recent problems; user happy with plan. Continue monitoring.,0
CUST_001687,Male,56,West,Organic,Two year,Direct debit,Basic,Fibre,Priority,37,65.06,2333.5,222.8,537,0,238.1,18.0,0,0,1,12.5,Customer satisfied with service; routine check completed. No action required.,0
CUST_001688,Female,27,South,Paid Search,Month-to-month,Credit card,Premium,5G_FWA,Standard,47,99.08,4846.76,364.9,523,1,144.1,50.0,1,0,0,0.0,All services working as expected; thank you note received. No action required.,0
CUST_001689,Male,45,East,Referral,Month-to-month,Bank transfer,Standard,Fibre,Standard,12,75.82,,249.7,432,1,300.9,18.0,0,0,0,0.0,All services working as expected; thank you note received. Feedback recorded.,0
CUST_001690,Female,23,South,Organic,Month-to-month,Direct debit,Standard,Fibre,Standard,2,75.17,109.97,282.3,746,1,212.2,24.0,1,0,0,0.0,All services working as expected; thank you note received. No action required.,0
CUST_001691,Female,48,West,Organic,Month-to-month,Direct debit,Premium,Fibre,Standard,3,94.23,387.48,310.8,565,1,254.8,20.0,1,1,1,7.4,All services working as expected; thank you note received. Routine follow-up in 30 days.,0
CUST_001692,Male,56,South,Partner,Month-to-month,Bank transfer,Basic,Fibre,Standard,18,42.92,846.17,170.6,479,0,245.2,33.0,2,0,1,9.2,Customer satisfied with service; routine check completed. Continue monitoring.,0
CUST_001693,Female,68,North,Organic,Two year,Bank transfer,Standard,Fibre,Standard,37,76.34,2722.51,275.4,509,0,62.8,22.0,1,0,0,0.0,Account stable; no issues reported. Routine follow-up in 30 days.,0
CUST_001694,Female,18,South,Organic,Two year,Credit card,Premium,DSL,Standard,70,93.15,6511.42,245.3,428,0,58.7,28.0,3,0,1,21.4,Account stable; no issues reported. No action required.,0
CUST_001695,Male,35,West,Partner,Month-to-month,Bank transfer,Premium,Fibre,Priority,43,102.07,4407.02,287.6,601,0,161.4,15.0,0,0,1,5.7,Account stable; no issues reported. Feedback recorded.,0
CUST_001696,Male,47,North,Organic,Month-to-month,Credit card,Standard,5G_FWA,Standard,43,79.27,3333.66,271.8,663,1,144.9,25.0,2,0,0,0.0,No recent problems; user happy with plan. Feedback recorded.,0
CUST_001697,Female,41,North,Organic,Two year,Bank transfer,Premium,Fibre,Priority,61,92.31,,194.9,580,1,267.1,30.0,2,0,1,7.1,No recent problems; user happy with plan. No action required.,0
CUST_001698,Female,44,West,Paid Search,Month-to-month,Credit card,Premium,None,Standard,59,81.83,4740.37,61.4,678,0,7.3,53.0,2,1,1,20.2,All services working as expected; thank you note received. No action required.,0
CUST_001699,Female,42,East,Organic,Month-to-month,Bank transfer,Standard,None,Standard,41,55.65,2326.29,0.0,723,2,5.8,35.0,0,0,0,0.0,Customer satisfied with service; routine check completed. Continue monitoring.,0
CUST_001700,Male,55,East,Referral,Month-to-month,Credit card,Basic,DSL,Standard,52,51.87,2722.02,81.9,336,1,65.5,60.0,1,1,0,0.0,Account stable; no issues reported. No action required.,0
CUST_001701,Female,50,West,Social,Month-to-month,Credit card,Basic,Fibre,Standard,66,62.41,4184.1,140.3,524,3,135.2,13.0,4,0,1,10.6,No recent problems; user happy with plan. Routine follow-up in 30 days.,0
CUST_001702,Female,54,West,Paid Search,One year,Credit card,Premium,Fibre,Standard,42,97.27,4163.9,299.0,436,1,278.7,18.0,2,0,0,0.0,All services working as expected; thank you note received. Feedback recorded.,0
CUST_001703,Female,43,South,Partner,Two year,Direct debit,Standard,DSL,Standard,4,66.8,103.28,92.5,535,1,22.4,32.0,2,0,1,8.2,Account stable; no issues reported. Routine follow-up in 30 days.,0
CUST_001704,Male,48,West,Partner,Month-to-month,Direct debit,Standard,5G_FWA,Standard,52,70.52,3696.31,152.1,740,0,128.6,23.0,1,1,0,0.0,No recent problems; user happy with plan. Feedback recorded.,0
CUST_001705,Female,31,East,Organic,One year,Direct debit,Premium,DSL,Standard,63,81.9,5133.49,139.3,239,0,35.9,38.0,0,0,0,0.0,No recent problems; user happy with plan. Continue monitoring.,0
CUST_001706,Female,43,East,Partner,Month-to-month,Credit card,Premium,DSL,Standard,62,77.0,4876.27,253.1,432,2,39.9,43.0,1,2,1,7.0,Account stable; no issues reported. Continue monitoring.,0
CUST_001707,Female,32,North,Organic,Month-to-month,Direct debit,Basic,Fibre,Standard,1,65.36,0.0,282.8,168,1,367.6,32.0,1,1,1,9.4,All services working as expected; thank you note received. Feedback recorded.,0
CUST_001708,Male,31,East,Partner,Month-to-month,Credit card,Basic,5G_FWA,Standard,35,46.57,1523.18,179.7,184,0,146.1,24.0,1,0,0,0.0,No recent problems; user happy with plan. Feedback recorded.,0
CUST_001709,Male,36,East,Social,Month-to-month,Direct debit,Standard,Fibre,Standard,64,73.13,4550.79,201.5,625,1,250.5,16.0,1,1,0,0.0,All services working as expected; thank you note received. Continue monitoring.,1
CUST_001710,NonBinary,39,North,Organic,Two year,Direct debit,Basic,Fibre,Standard,56,58.88,3132.08,258.7,541,1,176.7,19.0,1,0,0,0.0,All services working as expected; thank you note received. No action required.,0
CUST_001711,Male,45,West,Partner,One year,Direct debit,Standard,DSL,Priority,61,80.19,4731.37,98.2,424,0,61.8,44.0,2,2,1,11.3,Account stable; no issues reported. Feedback recorded.,0
CUST_001712,Male,39,South,Paid Search,Month-to-month,Direct debit,Standard,Fibre,Standard,51,61.96,3273.69,199.5,0,0,192.4,9.0,3,1,0,0.0,Account stable; no issues reported. Continue monitoring.,0
CUST_001713,Female,55,South,Partner,Month-to-month,Direct debit,Standard,Fibre,Priority,13,81.3,913.95,188.7,764,2,248.1,23.0,1,0,0,0.0,No recent problems; user happy with plan. Routine follow-up in 30 days.,0
CUST_001714,Male,28,East,Paid Search,Month-to-month,Credit card,Standard,DSL,Standard,58,48.91,2960.51,89.5,333,1,51.7,24.0,1,0,0,0.0,Account stable; no issues reported. Continue monitoring.,0
CUST_001715,Female,18,East,Organic,One year,Direct debit,Basic,Fibre,Standard,42,53.68,2439.16,204.9,973,0,230.0,18.0,1,2,0,0.0,No recent problems; user happy with plan. Continue monitoring.,0
CUST_001716,Female,35,West,Social,Month-to-month,Credit card,Standard,Fibre,Standard,2,80.08,162.94,209.7,454,2,192.2,15.0,0,0,0,0.0,Account stable; no issues reported. No action required.,0
CUST_001717,Female,19,East,Paid Search,Month-to-month,Credit card,Standard,5G_FWA,Standard,23,69.72,1442.74,171.1,417,1,8.8,5.0,0,0,0,0.0,Customer satisfied with service; routine check completed. No action required.,0
CUST_001718,Female,28,North,Organic,Month-to-month,Bank transfer,Standard,DSL,Standard,61,60.13,3889.07,115.9,639,2,49.7,32.0,0,1,0,0.0,Account stable; no issues reported. Feedback recorded.,0
CUST_001719,Female,31,South,Paid Search,One year,Bank transfer,Premium,Fibre,Standard,62,95.22,5897.78,214.9,695,1,319.1,14.0,1,1,0,0.0,Account stable; no issues reported. Routine follow-up in 30 days.,0
CUST_001720,Male,59,West,Organic,One year,Direct debit,Premium,Fibre,Standard,39,96.62,3792.15,347.1,691,2,245.5,30.0,0,0,0,0.0,Customer satisfied with service; routine check completed. Routine follow-up in 30 days.,0
CUST_001721,Female,28,East,Paid Search,Month-to-month,Bank transfer,Basic,Fibre,Standard,2,80.57,269.06,216.2,463,0,202.4,6.0,2,0,1,5.1,Customer satisfied with service; routine check completed. Continue monitoring.,0
CUST_001722,Female,51,East,Organic,Month-to-month,Bank transfer,Premium,5G_FWA,Standard,13,86.78,1108.83,246.0,431,0,163.0,32.0,0,1,1,22.9,Account stable; no issues reported. Feedback recorded.,1
CUST_001723,Male,38,South,Referral,Two year,Direct debit,Standard,None,Standard,48,44.83,2303.95,115.1,539,2,11.0,54.0,3,0,0,0.0,Customer mentioned intermittent issues; advised restart and monitoring. Ticket logged.,1
CUST_001724,Female,61,North,Paid Search,Month-to-month,Direct debit,Standard,DSL,Priority,24,64.89,1523.02,129.6,767,3,54.2,42.0,1,1,1,19.2,No recent problems; user happy with plan. No action required.,0
CUST_001725,Female,28,West,Referral,Month-to-month,Credit card,Premium,Fibre,Standard,58,95.15,5367.46,331.6,438,0,177.4,6.0,1,0,1,21.5,All services working as expected; thank you note received. No action required.,0
CUST_001726,Female,40,East,Organic,Month-to-month,Credit card,Basic,Fibre,Priority,27,82.45,2268.63,267.5,675,0,222.6,30.0,2,0,0,0.0,Customer satisfied with service; routine check completed. Continue monitoring.,0
CUST_001727,Female,55,East,Social,Two year,Credit card,Premium,Fibre,Standard,50,88.59,4403.81,396.4,398,0,199.1,17.0,2,1,1,24.5,Account stable; no issues reported. No action required.,0
CUST_001728,Female,40,West,Paid Search,Month-to-month,Direct debit,Premium,5G_FWA,Standard,28,90.18,2569.65,334.0,667,0,143.3,39.0,0,1,0,0.0,Account stable; no issues reported. Routine follow-up in 30 days.,0
CUST_001729,Male,46,East,Partner,One year,Direct debit,Standard,Fibre,Standard,70,76.96,5137.59,263.6,807,5,290.2,27.0,4,2,0,0.0,Speed occasionally slow at peak times; suggested troubleshooting. Customer advised on next steps.,0
CUST_001730,Male,18,South,Referral,Month-to-month,Direct debit,Standard,Fibre,Standard,69,93.3,6401.03,277.9,861,0,241.3,21.0,1,0,0,0.0,Customer satisfied with service; routine check completed. Routine follow-up in 30 days.,0
CUST_001731,Male,49,South,Referral,Two year,Direct debit,Premium,Fibre,Standard,5,87.29,553.52,328.4,115,0,141.7,21.0,1,1,1,21.1,No recent problems; user happy with plan. Continue monitoring.,0
CUST_001732,Female,37,North,Paid Search,Two year,Direct debit,Standard,Fibre,Standard,13,76.37,973.73,124.8,40,1,162.9,23.0,1,0,1,15.1,Customer satisfied with service; routine check completed. Feedback recorded.,0
CUST_001733,Male,40,North,Paid Search,Month-to-month,Credit card,Standard,None,Priority,24,53.49,1288.33,130.7,681,0,3.5,97.0,1,0,0,0.0,No recent problems; user happy with plan. Continue monitoring.,0
CUST_001734,Female,25,South,Paid Search,Month-to-month,Direct debit,Premium,Fibre,Standard,58,96.4,5566.81,338.9,699,0,187.5,20.0,0,1,0,0.0,Customer satisfied with service; routine check completed. Continue monitoring.,0
CUST_001735,Female,19,South,Organic,Month-to-month,Direct debit,Basic,Fibre,Standard,16,55.32,992.28,164.0,644,0,84.7,14.0,0,0,0,0.0,Customer satisfied with service; routine check completed. Routine follow-up in 30 days.,0
CUST_001736,Male,42,South,Referral,Month-to-month,Direct debit,Premium,5G_FWA,Priority,9,107.17,1127.85,214.6,625,1,200.9,23.0,2,1,0,0.0,Customer satisfied with service; routine check completed. Feedback recorded.,0
CUST_001737,Male,40,South,Paid Search,Two year,Bank transfer,Standard,DSL,Standard,9,73.73,807.73,84.1,509,0,33.5,38.0,1,1,0,0.0,Account stable; no issues reported. Feedback recorded.,0
CUST_001738,Female,18,South,Paid Search,Two year,Credit card,Premium,DSL,Priority,4,108.1,391.47,41.7,559,0,69.7,52.0,0,1,1,13.0,Account stable; no issues reported. Feedback recorded.,0
CUST_001739,Female,33,South,Social,Month-to-month,Direct debit,Standard,5G_FWA,Standard,8,67.21,683.88,204.7,192,0,76.9,44.0,3,0,0,0.0,All services working as expected; thank you note received. No action required.,0
CUST_001740,Female,48,West,Referral,Two year,Bank transfer,Standard,5G_FWA,Standard,66,71.83,4519.93,,241,0,109.8,31.0,3,1,0,0.0,All services working as expected; thank you note received. Feedback recorded.,0
CUST_001741,Female,56,South,Social,One year,Credit card,Premium,Fibre,Standard,71,94.17,6702.19,328.5,729,1,180.7,18.0,2,1,0,0.0,Customer satisfied with service; routine check completed. Continue monitoring.,0
CUST_001742,Male,28,East,Social,Month-to-month,Direct debit,Standard,DSL,Standard,10,71.94,711.67,0.0,326,0,54.9,23.0,0,0,1,8.1,Account stable; no issues reported. Routine follow-up in 30 days.,0
CUST_001743,Female,52,South,Paid Search,Month-to-month,Direct debit,Premium,5G_FWA,Standard,11,86.99,896.14,211.4,408,0,187.1,15.0,0,1,0,0.0,No recent problems; user happy with plan. Continue monitoring.,0
CUST_001744,Female,34,South,Social,One year,Bank transfer,Standard,Fibre,Standard,29,65.09,1940.7,247.9,206,0,309.3,18.0,1,1,0,0.0,No recent problems; user happy with plan. Continue monitoring.,0
CUST_001745,Female,45,West,Referral,One year,Direct debit,Standard,5G_FWA,Priority,22,78.19,1609.44,156.5,511,1,36.1,35.0,1,2,0,0.0,No recent problems; user happy with plan. Continue monitoring.,0
CUST_001746,Female,48,North,Paid Search,Month-to-month,Credit card,Basic,5G_FWA,Standard,64,62.71,3978.58,226.4,225,0,52.1,35.0,0,0,0,0.0,No recent problems; user happy with plan. Feedback recorded.,0
CUST_001747,Male,41,North,Social,One year,Bank transfer,Premium,Fibre,Standard,46,84.7,3841.6,173.0,463,0,231.6,28.0,0,1,1,15.5,Customer satisfied with service; routine check completed. Continue monitoring.,0
CUST_001748,Female,41,East,Organic,One year,Credit card,Premium,Fibre,Standard,49,93.77,4360.42,209.4,335,0,296.3,19.0,1,1,1,9.8,No recent problems; user happy with plan. Routine follow-up in 30 days.,0
CUST_001749,Male,18,East,Paid Search,Two year,Credit card,Standard,Fibre,Standard,41,75.09,2964.02,259.4,684,1,181.1,18.0,1,0,0,0.0,No recent problems; user happy with plan. Routine follow-up in 30 days.,0
CUST_001750,Female,48,North,Paid Search,Month-to-month,Credit card,Premium,5G_FWA,Standard,15,90.06,1330.42,285.1,362,1,176.1,43.0,0,1,0,0.0,No recent problems; user happy with plan. Continue monitoring.,0
CUST_001751,Female,39,North,Organic,Month-to-month,Bank transfer,Basic,Fibre,Standard,0,50.72,0.0,340.9,456,1,261.0,,1,3,0,0.0,All services working as expected; thank you note received. Feedback recorded.,0
CUST_001752,Male,46,West,Social,Month-to-month,Credit card,Standard,Fibre,Standard,30,68.59,2074.28,455.0,846,1,93.2,23.0,1,1,0,0.0,All services working as expected; thank you note received. Continue monitoring.,0
CUST_001753,Male,41,North,Social,Two year,Direct debit,Standard,Fibre,Standard,8,81.0,814.93,360.9,543,1,176.0,7.0,3,2,0,0.0,Account stable; no issues reported. No action required.,0
CUST_001754,Female,18,North,Paid Search,One year,Cash,Basic,Fibre,Priority,4,59.04,80.76,266.1,427,0,269.9,5.0,1,1,1,24.3,No recent problems; user happy with plan. Feedback recorded.,0
CUST_001755,Male,18,East,Referral,Month-to-month,Direct debit,Standard,Fibre,Priority,48,85.56,4059.0,229.4,167,0,274.0,17.0,1,1,0,0.0,Customer satisfied with service; routine check completed. Feedback recorded.,0
CUST_001756,Female,60,South,Social,Month-to-month,Direct debit,Standard,Fibre,Standard,22,76.46,1800.38,231.5,720,1,292.2,16.0,0,0,0,0.0,All services working as expected; thank you note received. No action required.,0
CUST_001757,Male,63,South,Organic,Two year,Credit card,Standard,DSL,Priority,55,92.84,5074.11,111.3,498,0,44.3,30.0,2,0,1,7.1,Customer satisfied with service; routine check completed. Routine follow-up in 30 days.,1
CUST_001758,Female,29,North,Referral,Month-to-month,Credit card,Standard,Fibre,Priority,34,83.16,2796.54,293.7,684,0,188.2,19.0,1,1,0,0.0,Customer satisfied with service; routine check completed. No action required.,0
CUST_001759,Female,31,South,Social,Two year,Direct debit,Basic,None,Standard,21,41.47,848.88,20.9,398,0,17.3,60.0,1,0,0,0.0,All services working as expected; thank you note received. Feedback recorded.,0
CUST_001760,Male,18,East,Organic,Month-to-month,Direct debit,Standard,DSL,Standard,46,64.41,3104.14,85.3,708,0,21.4,48.0,2,0,0,0.0,No recent problems; user happy with plan. Routine follow-up in 30 days.,0
CUST_001761,Male,35,West,Paid Search,Month-to-month,Credit card,Basic,Fibre,Standard,17,51.36,880.81,232.8,618,0,148.5,24.0,0,1,0,0.0,Account stable; no issues reported. Routine follow-up in 30 days.,0
CUST_001762,Male,19,North,Organic,Month-to-month,Direct debit,Standard,Fibre,Priority,3,86.9,268.57,224.8,443,0,119.5,26.0,0,0,1,15.7,Customer satisfied with service; routine check completed. Routine follow-up in 30 days.,0
CUST_001763,Female,38,North,Partner,Two year,Credit card,Premium,Fibre,Standard,57,98.94,5702.06,161.9,495,0,147.2,22.0,1,1,1,24.1,Account stable; no issues reported. Feedback recorded.,0
CUST_001764,Male,56,South,Partner,Month-to-month,Bank transfer,Standard,DSL,Priority,7,70.35,409.41,0.0,104,0,32.9,40.0,1,0,0,0.0,Account stable; no issues reported. Continue monitoring.,1
CUST_001765,Male,18,West,Organic,Two year,Bank transfer,Basic,Fibre,Standard,69,40.86,2898.02,261.2,567,4,288.3,18.0,2,2,0,0.0,Customer satisfied with service; routine check completed. No action required.,0
CUST_001766,Female,64,East,Organic,Month-to-month,Direct debit,Standard,Fibre,Priority,51,84.48,4267.07,255.9,485,2,215.2,,2,1,0,0.0,Account stable; no issues reported. Routine follow-up in 30 days.,0
CUST_001767,Female,51,East,Social,One year,Cash,Basic,DSL,Standard,33,55.81,1904.99,135.1,226,0,31.0,33.0,1,2,1,14.5,No recent problems; user happy with plan. Continue monitoring.,0
CUST_001768,Female,65,North,Organic,Month-to-month,Credit card,Premium,Fibre,Standard,46,103.29,4826.92,311.0,507,0,328.0,22.0,1,0,0,0.0,No recent problems; user happy with plan. Feedback recorded.,0
CUST_001769,Female,18,North,Partner,Month-to-month,Direct debit,Basic,DSL,Standard,3,38.31,259.92,88.0,458,1,59.7,56.0,1,0,1,16.3,No recent problems; user happy with plan. Feedback recorded.,0
CUST_001770,Male,43,East,Referral,Month-to-month,Direct debit,Basic,Fibre,Standard,13,46.5,624.08,262.5,17,0,106.5,17.0,0,1,1,20.3,No recent problems; user happy with plan. Feedback recorded.,0
CUST_001771,Male,56,West,Organic,One year,Direct debit,Standard,Fibre,Standard,37,81.41,3040.37,189.9,599,0,204.6,10.0,3,1,1,21.2,All services working as expected; thank you note received. Continue monitoring.,0
CUST_001772,Male,49,West,Social,Two year,Bank transfer,Standard,5G_FWA,Standard,31,82.67,2775.68,230.1,332,1,69.5,32.0,2,0,1,24.7,All services working as expected; thank you note received. Routine follow-up in 30 days.,1
CUST_001773,NonBinary,35,North,Partner,Month-to-month,Direct debit,Standard,Fibre,Standard,8,82.94,669.89,292.0,867,1,240.3,24.0,0,1,0,0.0,No recent problems; user happy with plan. Routine follow-up in 30 days.,0
CUST_001774,Female,45,East,Referral,Month-to-month,Direct debit,Basic,Fibre,Standard,62,49.04,2869.98,148.2,250,2,162.6,21.0,2,1,1,15.0,All services working as expected; thank you note received. Continue monitoring.,0
CUST_001775,Female,29,West,Organic,Month-to-month,Direct debit,Standard,Fibre,Standard,11,61.92,779.07,322.1,410,1,186.8,25.0,1,0,0,0.0,All services working as expected; thank you note received. Routine follow-up in 30 days.,0
CUST_001776,Female,36,East,Organic,Two year,Direct debit,Premium,DSL,Standard,34,87.48,3050.91,155.5,623,2,47.1,56.0,2,1,0,0.0,Account stable; no issues reported. Routine follow-up in 30 days.,0
CUST_001777,Male,35,East,Partner,Month-to-month,Direct debit,Premium,Fibre,Standard,30,96.81,3076.72,296.4,758,0,130.4,27.0,2,1,1,15.0,No recent problems; user happy with plan. No action required.,0
CUST_001778,Male,25,South,Organic,Month-to-month,Credit card,Basic,Fibre,Standard,26,64.13,1637.97,255.0,313,0,265.0,21.0,0,0,0,0.0,Account stable; no issues reported. No action required.,0
CUST_001779,Female,64,West,Organic,Month-to-month,Cash,Premium,DSL,Priority,66,92.18,6073.44,148.9,471,0,48.2,60.0,1,1,1,17.1,Account stable; no issues reported. Routine follow-up in 30 days.,0
CUST_001780,Female,66,North,Partner,One year,Cash,Standard,Fibre,Standard,17,77.14,1244.46,301.3,234,0,251.8,11.0,0,0,0,0.0,No recent problems; user happy with plan. Feedback recorded.,0
CUST_001781,Male,35,North,Organic,Month-to-month,Credit card,Premium,Fibre,Standard,51,100.41,5070.1,307.8,840,1,153.6,22.0,1,2,0,0.0,All services working as expected; thank you note received. Continue monitoring.,0
CUST_001782,Female,24,South,Referral,Month-to-month,Credit card,Premium,Fibre,Standard,4,97.1,419.85,242.4,349,0,250.9,21.0,3,0,1,14.4,All services working as expected; thank you note received. Continue monitoring.,0
CUST_001783,Female,45,South,Referral,Month-to-month,Credit card,Basic,5G_FWA,Priority,16,67.35,1036.66,190.9,299,0,96.1,38.0,1,1,0,0.0,All services working as expected; thank you note received. No action required.,0
CUST_001784,Female,75,North,Referral,Month-to-month,Bank transfer,Basic,Fibre,Standard,34,55.5,2011.43,264.0,363,0,181.1,20.0,0,0,1,10.6,Customer satisfied with service; routine check completed. Continue monitoring.,0
CUST_001785,Male,45,East,Social,Month-to-month,Credit card,Standard,Fibre,Priority,28,70.78,1961.37,263.8,259,0,263.7,20.0,0,0,0,0.0,No recent problems; user happy with plan. Routine follow-up in 30 days.,0
CUST_001786,Male,37,South,Paid Search,Two year,Direct debit,Basic,Fibre,Standard,35,58.25,1984.54,183.3,607,0,158.6,18.0,1,2,0,0.0,Customer satisfied with service; routine check completed. Routine follow-up in 30 days.,0
CUST_001787,Male,32,North,Paid Search,One year,Bank transfer,Premium,Fibre,Priority,8,104.8,784.85,302.3,632,1,351.8,28.0,2,0,0,0.0,No recent problems; user happy with plan. Continue monitoring.,0
CUST_001788,Male,51,East,Paid Search,Month-to-month,Bank transfer,Premium,5G_FWA,Standard,20,83.43,1729.27,241.3,473,0,150.7,56.0,2,2,1,22.7,All services working as expected; thank you note received. Routine follow-up in 30 days.,0
CUST_001789,Female,41,East,Organic,Month-to-month,Direct debit,Premium,5G_FWA,Standard,26,105.64,2676.4,129.3,182,1,153.5,26.0,3,1,0,0.0,All services working as expected; thank you note received. Routine follow-up in 30 days.,0
CUST_001790,Female,31,West,Partner,Month-to-month,Direct debit,Premium,5G_FWA,Standard,5,99.1,575.44,298.7,533,0,139.9,23.0,1,2,0,0.0,Customer satisfied with service; routine check completed. Continue monitoring.,0
CUST_001791,NonBinary,49,South,Referral,Two year,Credit card,Basic,5G_FWA,Priority,53,58.05,3142.81,129.2,332,0,116.0,44.0,0,1,1,12.9,No recent problems; user happy with plan. Feedback recorded.,0
CUST_001792,Male,25,North,Organic,Month-to-month,Credit card,Basic,Fibre,Standard,52,46.52,2605.69,226.8,779,0,273.5,7.0,1,3,0,0.0,Customer satisfied with service; routine check completed. Feedback recorded.,0
CUST_001793,Male,37,South,Organic,Month-to-month,Direct debit,Standard,DSL,Priority,60,73.67,4636.92,90.8,624,2,55.9,40.0,1,0,0,0.0,All services working as expected; thank you note received. Continue monitoring.,0
CUST_001794,Male,35,South,Paid Search,One year,Credit card,Standard,Fibre,Standard,46,75.14,3462.18,278.9,564,0,185.4,12.0,1,0,0,0.0,Customer satisfied with service; routine check completed. Feedback recorded.,0
CUST_001795,Female,41,East,Organic,Month-to-month,Direct debit,Premium,DSL,Priority,15,82.02,1294.03,165.2,659,1,55.7,41.0,0,0,0,0.0,No recent problems; user happy with plan. Routine follow-up in 30 days.,1
CUST_001796,Female,25,North,Paid Search,Month-to-month,Bank transfer,Standard,Fibre,Standard,30,75.48,2031.26,216.7,784,2,302.0,23.0,1,1,1,24.1,Customer satisfied with service; routine check completed. Routine follow-up in 30 days.,0
CUST_001797,Male,31,North,Partner,Month-to-month,Credit card,Standard,DSL,Standard,24,59.36,1361.4,105.0,474,0,51.9,44.0,2,1,1,15.7,No recent problems; user happy with plan. Feedback recorded.,0
CUST_001798,Male,30,West,Organic,Month-to-month,Direct debit,Standard,DSL,Priority,59,69.54,4387.99,123.0,700,0,32.4,32.0,0,2,0,0.0,No recent problems; user happy with plan. Routine follow-up in 30 days.,1
CUST_001799,Male,48,West,Referral,Month-to-month,Direct debit,Standard,Fibre,Standard,28,74.66,2124.85,178.3,142,0,178.9,18.0,1,1,0,0.0,Customer satisfied with service; routine check completed. Continue monitoring.,0
CUST_001800,Female,50,North,Partner,One year,Cash,Premium,Fibre,Standard,53,98.43,5162.7,316.0,628,2,243.7,26.0,2,0,0,0.0,Account stable; no issues reported. Feedback recorded.,0
CUST_001801,Female,52,North,Organic,Month-to-month,Direct debit,Premium,DSL,Standard,4,86.36,670.77,215.8,736,0,30.7,56.0,2,1,0,0.0,Account stable; no issues reported. Feedback recorded.,1
CUST_001802,Male,35,South,Partner,Month-to-month,Direct debit,Premium,DSL,Standard,16,85.85,1236.68,182.8,159,0,35.8,26.0,0,0,0,0.0,Account stable; no issues reported. No action required.,0
CUST_001803,Female,33,West,Organic,Month-to-month,Credit card,Basic,DSL,Standard,22,49.02,1168.32,155.6,646,2,35.3,32.0,1,1,0,0.0,Customer satisfied with service; routine check completed. No action required.,1
CUST_001804,Male,41,East,Partner,One year,Bank transfer,Standard,Fibre,Standard,15,80.63,1166.16,199.3,592,1,270.5,25.0,2,2,0,0.0,Customer satisfied with service; routine check completed. No action required.,0
CUST_001805,Male,39,East,Paid Search,Month-to-month,Direct debit,Standard,Fibre,Standard,71,70.04,4917.26,211.4,515,0,293.4,12.0,1,0,0,0.0,Customer satisfied with service; routine check completed. Feedback recorded.,0
CUST_001806,Male,52,South,Paid Search,One year,Credit card,Standard,5G_FWA,Standard,15,76.45,1050.58,166.1,510,1,152.5,27.0,1,3,1,9.3,All services working as expected; thank you note received. No action required.,0
CUST_001807,Female,52,East,Organic,Month-to-month,Credit card,Basic,DSL,Standard,36,45.34,1588.95,94.2,541,0,33.2,50.0,1,0,0,0.0,All services working as expected; thank you note received. Routine follow-up in 30 days.,0
CUST_001808,Male,47,South,Partner,Month-to-month,Direct debit,Basic,Fibre,Standard,10,56.36,514.51,248.8,555,0,336.3,,1,0,1,11.4,Account stable; no issues reported. Routine follow-up in 30 days.,0
CUST_001809,Male,25,South,Organic,Month-to-month,Credit card,Standard,DSL,Standard,66,61.44,3791.29,88.0,615,1,28.4,48.0,0,1,0,0.0,Customer satisfied with service; routine check completed. Continue monitoring.,1
CUST_001810,Female,39,West,Partner,Two year,Direct debit,Premium,Fibre,Priority,45,92.95,4112.98,283.9,375,1,235.0,6.0,0,0,0,0.0,All services working as expected; thank you note received. Routine follow-up in 30 days.,0
CUST_001811,Male,64,South,Referral,Month-to-month,Bank transfer,Standard,DSL,Standard,9,73.12,734.57,113.0,721,1,,44.0,2,1,1,6.2,All services working as expected; thank you note received. Continue monitoring.,1
CUST_001812,Female,30,West,Organic,Month-to-month,Bank transfer,Basic,DSL,Standard,68,59.0,3918.63,37.9,228,1,46.4,17.0,1,0,1,5.6,All services working as expected; thank you note received. Feedback recorded.,0
CUST_001813,Male,29,North,Social,Month-to-month,Credit card,Basic,Fibre,Standard,24,51.46,1171.83,95.7,281,1,274.6,30.0,1,0,1,19.4,All services working as expected; thank you note received. Feedback recorded.,1
CUST_001814,Male,32,East,Organic,One year,Direct debit,Standard,5G_FWA,Standard,44,73.92,3372.1,190.2,672,1,171.9,52.0,3,1,0,0.0,No recent problems; user happy with plan. No action required.,0
CUST_001815,Female,50,South,Partner,Month-to-month,Direct debit,Basic,None,Standard,72,32.29,2226.95,4.8,790,1,2.2,67.0,1,1,1,21.6,No recent problems; user happy with plan. No action required.,0
CUST_001816,Female,66,South,Paid Search,Two year,Credit card,Standard,Fibre,Priority,60,74.12,4249.48,169.4,704,1,168.9,15.0,4,2,1,24.8,All services working as expected; thank you note received. Continue monitoring.,0
CUST_001817,Male,38,North,Organic,Month-to-month,Direct debit,Standard,Fibre,Standard,35,80.5,2868.17,252.2,289,1,227.2,13.0,3,1,1,25.0,Account stable; no issues reported. Feedback recorded.,0
CUST_001818,Female,25,West,Referral,Month-to-month,Direct debit,Standard,Fibre,Priority,27,96.76,2723.71,198.1,490,0,226.3,9.0,2,1,0,0.0,All services working as expected; thank you note received. No action required.,0
CUST_001819,Female,46,South,Paid Search,Two year,Credit card,Standard,DSL,Standard,37,59.12,2302.84,78.1,457,1,42.5,26.0,1,1,0,0.0,Customer satisfied with service; routine check completed. No action required.,0
CUST_001820,Female,43,North,Paid Search,One year,Bank transfer,Basic,DSL,Standard,72,44.26,3331.94,93.6,797,2,62.2,36.0,1,0,0,0.0,Customer satisfied with service; routine check completed. No action required.,0
CUST_001821,Female,48,North,Organic,Month-to-month,Bank transfer,Basic,5G_FWA,Standard,50,61.51,3065.04,158.7,776,2,157.4,39.0,2,0,0,0.0,No recent problems; user happy with plan. No action required.,0
CUST_001822,Female,39,East,Organic,One year,Credit card,Standard,Fibre,Standard,8,88.98,953.41,264.8,642,0,269.1,19.0,0,0,1,8.4,Account stable; no issues reported. No action required.,0
CUST_001823,Female,24,North,Referral,Month-to-month,Bank transfer,Standard,Fibre,Standard,61,80.21,4964.64,224.4,284,0,273.8,7.0,1,0,0,0.0,All services working as expected; thank you note received. Feedback recorded.,0
CUST_001824,Male,31,West,Paid Search,Two year,Credit card,Standard,DSL,Standard,57,66.18,3736.38,24.3,302,0,46.5,27.0,1,0,0,0.0,All services working as expected; thank you note received. Routine follow-up in 30 days.,0
CUST_001825,Male,54,West,Partner,One year,Credit card,Premium,Fibre,Standard,51,101.79,5157.11,296.2,525,3,207.2,27.0,3,1,0,0.0,Account stable; no issues reported. No action required.,0
CUST_001826,Male,33,West,Paid Search,Month-to-month,Direct debit,Premium,Fibre,Standard,43,97.01,3956.32,278.4,681,0,280.4,26.0,1,0,0,0.0,Account stable; no issues reported. Feedback recorded.,0
CUST_001827,Female,33,South,Referral,One year,Direct debit,Standard,Fibre,Standard,46,68.25,3214.02,285.6,550,0,277.1,20.0,0,0,0,0.0,Customer satisfied with service; routine check completed. Continue monitoring.,0
CUST_001828,Female,18,South,Paid Search,One year,Credit card,Premium,Fibre,Standard,68,90.59,6125.02,258.2,931,0,271.6,14.0,1,0,1,24.4,Account stable; no issues reported. Feedback recorded.,0
CUST_001829,Female,38,North,Social,Month-to-month,Direct debit,Standard,Fibre,Standard,56,66.42,3629.65,247.6,794,2,194.0,33.0,3,0,0,0.0,Customer satisfied with service; routine check completed. Feedback recorded.,0
CUST_001830,Male,31,East,Partner,Month-to-month,Direct debit,Premium,Fibre,Standard,51,96.32,4788.94,361.8,488,2,223.2,20.0,1,2,0,0.0,All services working as expected; thank you note received. Routine follow-up in 30 days.,0
CUST_001831,Male,23,West,Organic,One year,Credit card,Standard,None,Priority,42,65.49,2562.5,135.3,616,1,5.2,52.0,2,0,0,0.0,No recent problems; user happy with plan. Continue monitoring.,0
CUST_001832,Male,48,North,Organic,One year,Bank transfer,Standard,DSL,Priority,56,74.71,4054.39,129.0,231,1,45.8,49.0,0,1,1,14.5,Account stable; no issues reported. Routine follow-up in 30 days.,0
CUST_001833,Female,25,South,Organic,One year,Bank transfer,Standard,Fibre,Priority,43,82.79,3375.97,296.1,185,1,306.8,30.0,4,1,0,0.0,No recent problems; user happy with plan. Routine follow-up in 30 days.,0
CUST_001834,Male,48,East,Partner,Month-to-month,Bank transfer,Basic,5G_FWA,Standard,56,49.78,2893.32,93.9,468,2,118.7,48.0,1,2,1,20.2,All services working as expected; thank you note received. No action required.,0
CUST_001835,Male,64,West,Partner,Two year,Credit card,Premium,Fibre,Standard,19,97.52,1832.03,323.8,479,1,291.1,21.0,2,0,1,5.2,Customer satisfied with service; routine check completed. Continue monitoring.,0
CUST_001836,Male,51,South,Social,One year,Direct debit,Standard,Fibre,Standard,9,93.28,887.05,217.2,501,2,310.5,13.0,1,1,0,0.0,Account stable; no issues reported. Continue monitoring.,0
CUST_001837,Female,49,East,Organic,Month-to-month,Bank transfer,Standard,5G_FWA,Standard,17,79.0,1276.38,196.4,99,0,200.8,41.0,1,3,1,9.0,All services working as expected; thank you note received. Routine follow-up in 30 days.,0
CUST_001838,Male,61,West,Social,One year,Direct debit,Premium,None,Standard,61,81.59,5023.67,105.0,531,2,8.1,40.0,1,2,0,0.0,No recent problems; user happy with plan. No action required.,0
CUST_001839,Female,37,South,Social,Two year,Credit card,Premium,5G_FWA,Standard,0,85.64,0.0,125.1,384,1,81.1,19.0,4,2,0,0.0,No recent problems; user happy with plan. Routine follow-up in 30 days.,0
CUST_001840,Male,37,West,Partner,Month-to-month,Bank transfer,Standard,Fibre,Standard,24,75.93,1724.22,209.6,889,3,230.4,12.0,1,0,1,20.1,All services working as expected; thank you note received. Feedback recorded.,0
CUST_001841,Female,30,East,Organic,Month-to-month,Direct debit,Basic,Fibre,Standard,43,47.27,1889.31,209.5,621,1,251.7,16.0,0,0,0,0.0,No recent problems; user happy with plan. Feedback recorded.,0
CUST_001842,Female,32,North,Referral,Month-to-month,Direct debit,Standard,DSL,Standard,17,55.82,836.47,40.9,38,0,18.3,39.0,2,0,1,17.1,All services working as expected; thank you note received. Continue monitoring.,0
CUST_001843,Male,34,East,Referral,Month-to-month,Credit card,Standard,5G_FWA,Standard,15,85.38,1205.68,104.5,350,0,120.2,36.0,2,0,1,20.5,Account stable; no issues reported. Continue monitoring.,0
CUST_001844,Male,41,South,Social,Month-to-month,Direct debit,Basic,Fibre,Standard,3,66.78,141.4,202.1,402,0,244.6,11.0,2,0,0,0.0,Customer satisfied with service; routine check completed. Continue monitoring.,1
CUST_001845,Female,25,North,Organic,Two year,Direct debit,Standard,Fibre,Priority,51,75.1,3950.07,366.7,731,1,197.1,13.0,0,0,0,0.0,All services working as expected; thank you note received. Routine follow-up in 30 days.,0
CUST_001846,Male,36,North,Organic,Month-to-month,Direct debit,Standard,None,Standard,45,70.37,,,561,0,9.3,51.0,2,0,0,0.0,Customer satisfied with service; routine check completed. Feedback recorded.,0
CUST_001847,Female,45,South,Partner,Month-to-month,Bank transfer,Basic,Fibre,Standard,24,51.99,1296.82,317.3,364,0,173.2,7.0,2,0,1,11.7,All services working as expected; thank you note received. Feedback recorded.,1
CUST_001848,Female,18,North,Social,Two year,Bank transfer,Premium,DSL,Standard,63,87.91,5489.4,171.0,559,1,31.2,54.0,1,1,0,0.0,Customer satisfied with service; routine check completed. Continue monitoring.,0
CUST_001849,Male,38,South,Partner,Month-to-month,Direct debit,Standard,Fibre,Standard,67,78.57,5134.23,214.4,747,1,277.6,6.0,0,0,1,6.5,Customer satisfied with service; routine check completed. Feedback recorded.,0
CUST_001850,Female,38,East,Referral,One year,Credit card,Standard,DSL,Standard,3,66.53,401.37,111.1,442,2,43.2,35.0,2,2,1,16.8,No recent problems; user happy with plan. No action required.,0
CUST_001851,Male,42,West,Referral,One year,Direct debit,Standard,5G_FWA,Standard,62,74.34,4480.22,218.1,359,0,189.3,26.0,1,0,0,0.0,Customer satisfied with service; routine check completed. Feedback recorded.,0
CUST_001852,Male,45,South,Organic,Month-to-month,Bank transfer,Standard,Fibre,Priority,10,96.86,902.91,246.1,419,1,258.8,30.0,0,0,0,0.0,Account stable; no issues reported. No action required.,0
CUST_001853,Male,32,East,Organic,Month-to-month,Direct debit,Basic,Fibre,Priority,0,62.96,64.08,244.1,276,0,128.0,15.0,2,0,0,0.0,No recent problems; user happy with plan. Continue monitoring.,0
CUST_001854,Female,44,North,Social,Month-to-month,Credit card,Premium,Fibre,Standard,40,92.21,3907.29,342.0,507,3,84.5,29.0,2,1,0,0.0,Account stable; no issues reported. Continue monitoring.,1
CUST_001855,Female,49,North,Partner,Month-to-month,Bank transfer,Premium,Fibre,Standard,1,93.74,0.0,357.6,602,1,261.6,15.0,2,1,0,0.0,Account stable; no issues reported. No action required.,1
CUST_001856,Male,33,South,Referral,Two year,Credit card,Basic,DSL,Standard,69,53.02,3484.21,60.2,0,0,1.0,44.0,1,1,0,0.0,Account stable; no issues reported. Routine follow-up in 30 days.,0
CUST_001857,Female,44,West,Organic,Month-to-month,Direct debit,Premium,5G_FWA,Standard,23,91.93,,269.6,288,0,276.8,29.0,1,1,1,17.9,All services working as expected; thank you note received. Routine follow-up in 30 days.,0
CUST_001858,Female,28,East,Referral,One year,Bank transfer,Standard,None,Standard,7,50.51,322.48,48.2,424,0,11.3,84.0,0,0,0,0.0,No recent problems; user happy with plan. Routine follow-up in 30 days.,0
CUST_001859,Male,50,East,Organic,Two year,Credit card,Standard,Fibre,Standard,5,83.4,532.5,211.8,812,2,242.2,25.0,1,0,0,0.0,No recent problems; user happy with plan. No action required.,0
CUST_001860,Male,43,West,Paid Search,Two year,Bank transfer,Basic,Fibre,Priority,41,67.23,2661.12,250.0,304,0,226.6,14.0,0,1,0,0.0,All services working as expected; thank you note received. Feedback recorded.,0
CUST_001861,Male,66,North,Paid Search,Month-to-month,Direct debit,Basic,Fibre,Standard,68,51.64,3488.2,296.8,340,0,291.2,13.0,4,0,0,0.0,Customer satisfied with service; routine check completed. No action required.,1
CUST_001862,Male,53,North,Referral,Month-to-month,Cash,Standard,Fibre,Priority,29,82.63,2462.39,150.1,501,1,265.2,10.0,0,0,0,0.0,No recent problems; user happy with plan. Continue monitoring.,0
CUST_001863,Female,41,West,Social,Month-to-month,Credit card,Standard,5G_FWA,Priority,59,76.27,4500.88,226.3,346,0,160.7,45.0,0,1,1,24.9,All services working as expected; thank you note received. Feedback recorded.,0
CUST_001864,Female,24,East,Paid Search,Month-to-month,Direct debit,Standard,Fibre,Priority,32,78.37,2454.29,262.5,563,3,169.9,19.0,2,1,1,12.9,No recent problems; user happy with plan. Continue monitoring.,0
CUST_001865,Female,20,South,Paid Search,Month-to-month,Bank transfer,Standard,Fibre,Standard,22,67.99,1308.09,231.8,710,1,166.7,25.0,0,0,1,17.3,Account stable; no issues reported. Continue monitoring.,0
CUST_001866,Female,71,North,Organic,Month-to-month,Direct debit,Premium,5G_FWA,Standard,30,93.83,2656.42,257.7,581,2,195.0,21.0,2,0,1,8.9,No recent problems; user happy with plan. No action required.,1
CUST_001867,Female,48,South,Social,Month-to-month,Credit card,Premium,DSL,Standard,22,88.53,2102.2,149.9,922,1,,60.0,2,1,0,0.0,All services working as expected; thank you note received. No action required.,0
CUST_001868,Female,37,South,Paid Search,One year,Credit card,Premium,Fibre,Standard,57,98.26,5365.48,326.5,281,0,353.5,17.0,1,1,0,0.0,All services working as expected; thank you note received. Routine follow-up in 30 days.,0
CUST_001869,Male,32,North,Paid Search,Two year,Direct debit,Standard,5G_FWA,Standard,25,65.15,1427.17,192.6,871,1,199.8,27.0,0,0,0,0.0,Account stable; no issues reported. Continue monitoring.,0
CUST_001870,Female,35,East,Organic,Two year,Direct debit,Premium,5G_FWA,Priority,43,98.06,4369.62,216.1,765,4,101.1,18.0,1,1,0,0.0,All services working as expected; thank you note received. No action required.,0
CUST_001871,Female,47,North,Organic,Month-to-month,Cash,Premium,5G_FWA,Standard,25,93.09,2239.67,234.0,776,1,114.8,49.0,0,0,0,0.0,No recent problems; user happy with plan. Continue monitoring.,1
CUST_001872,Female,34,South,Social,Two year,Direct debit,Premium,Fibre,Standard,44,,3792.32,300.4,131,0,270.1,26.0,1,0,0,0.0,No recent problems; user happy with plan. Routine follow-up in 30 days.,0
CUST_001873,Male,46,East,Paid Search,One year,Credit card,Basic,Fibre,Standard,35,56.72,1979.8,335.2,513,0,134.4,7.0,2,0,0,0.0,No recent problems; user happy with plan. No action required.,0
CUST_001874,Male,58,East,Organic,Two year,Direct debit,Premium,None,Standard,45,83.67,3908.13,5.5,566,1,4.7,54.0,1,0,0,0.0,No recent problems; user happy with plan. Routine follow-up in 30 days.,0
CUST_001875,Female,28,West,Referral,Month-to-month,Direct debit,Standard,5G_FWA,Standard,50,86.88,4288.26,175.1,211,0,131.2,17.0,0,0,0,0.0,Account stable; no issues reported. Routine follow-up in 30 days.,0
CUST_001876,Male,39,East,Paid Search,One year,Credit card,Premium,Fibre,Standard,0,97.0,0.0,330.0,680,0,111.3,28.0,0,1,1,11.8,All services working as expected; thank you note received. Routine follow-up in 30 days.,0
CUST_001877,Female,51,East,Partner,Month-to-month,Direct debit,Premium,Fibre,Standard,13,96.56,1173.27,307.6,685,1,201.3,5.0,0,1,0,0.0,No recent problems; user happy with plan. Continue monitoring.,0
CUST_001878,Female,41,West,Social,Two year,Direct debit,Standard,Fibre,Standard,24,78.54,1981.26,275.9,526,2,269.9,17.0,0,0,1,8.3,All services working as expected; thank you note received. Feedback recorded.,0
CUST_001879,Male,36,South,Partner,Month-to-month,Bank transfer,Standard,Fibre,Standard,66,141.88,4749.0,331.1,453,0,358.4,22.0,0,0,0,0.0,Account stable; no issues reported. Routine follow-up in 30 days.,0
CUST_001880,Male,31,East,Referral,Two year,Credit card,Basic,DSL,Standard,65,45.81,2983.28,48.7,408,1,30.8,12.0,1,2,0,0.0,Customer satisfied with service; routine check completed. Feedback recorded.,0
CUST_001881,Male,29,West,Partner,Month-to-month,Direct debit,Premium,DSL,Standard,7,95.31,646.05,182.1,639,0,30.8,37.0,1,0,0,0.0,Customer satisfied with service; routine check completed. Continue monitoring.,1
CUST_001882,Female,44,North,Paid Search,Month-to-month,Direct debit,Premium,Fibre,Standard,33,96.97,3177.53,265.4,683,1,194.1,11.0,1,0,1,10.5,Customer satisfied with service; routine check completed. Feedback recorded.,0
CUST_001883,Female,51,South,Referral,One year,Direct debit,Standard,Fibre,Priority,20,87.4,1848.13,213.9,521,1,240.5,13.0,2,0,1,18.8,All services working as expected; thank you note received. No action required.,0
CUST_001884,Male,31,West,Organic,Month-to-month,Direct debit,Premium,DSL,Standard,40,91.64,3542.96,175.8,323,0,71.8,17.0,1,0,0,0.0,All services working as expected; thank you note received. Feedback recorded.,0
CUST_001885,Female,45,East,Paid Search,One year,Cash,Basic,5G_FWA,Standard,3,48.62,282.66,135.4,659,3,62.0,23.0,1,1,0,0.0,Account stable; no issues reported. No action required.,0
CUST_001886,Male,18,East,Paid Search,Month-to-month,Direct debit,Basic,Fibre,Priority,33,55.62,1833.22,330.8,468,0,303.5,24.0,1,2,1,18.6,Customer satisfied with service; routine check completed. Feedback recorded.,0
CUST_001887,Female,57,West,Paid Search,Two year,Credit card,Basic,None,Standard,67,36.55,2457.98,0.0,727,0,8.2,65.0,2,2,0,0.0,Customer satisfied with service; routine check completed. Routine follow-up in 30 days.,0
CUST_001888,Female,34,South,Partner,Two year,Bank transfer,Standard,5G_FWA,Standard,42,65.52,2675.33,179.6,532,0,187.5,35.0,0,1,0,0.0,Account stable; no issues reported. Feedback recorded.,0
CUST_001889,Male,32,West,Organic,Month-to-month,Credit card,Premium,DSL,Standard,13,84.39,997.94,74.8,717,1,67.0,58.0,1,1,0,0.0,Customer satisfied with service; routine check completed. Routine follow-up in 30 days.,1
CUST_001890,Female,31,West,Paid Search,Month-to-month,Credit card,Basic,None,Standard,41,44.77,2073.25,0.0,407,1,5.4,54.0,2,0,0,0.0,All services working as expected; thank you note received. Routine follow-up in 30 days.,0
CUST_001891,Female,38,East,Referral,One year,Credit card,Basic,5G_FWA,Standard,2,52.01,218.79,181.4,781,1,73.3,42.0,3,1,0,0.0,Customer satisfied with service; routine check completed. Feedback recorded.,1
CUST_001892,Male,18,South,Partner,One year,Direct debit,Standard,Fibre,Standard,9,76.73,845.32,206.2,201,0,266.1,15.0,0,1,1,17.7,All services working as expected; thank you note received. Feedback recorded.,0
CUST_001893,Male,48,East,Partner,One year,Direct debit,Standard,Fibre,Standard,9,90.36,997.95,374.3,441,1,230.6,8.0,1,1,0,0.0,No recent problems; user happy with plan. Routine follow-up in 30 days.,0
CUST_001894,Male,27,North,Paid Search,One year,Credit card,Basic,Fibre,Standard,48,56.7,2619.14,106.1,578,0,155.2,14.0,1,0,0,0.0,Customer satisfied with service; routine check completed. No action required.,0
CUST_001895,Female,18,North,Referral,Month-to-month,Credit card,Basic,Fibre,Standard,19,48.96,1046.28,254.6,928,1,148.2,5.0,1,1,0,0.0,Customer satisfied with service; routine check completed. No action required.,0
CUST_001896,Male,25,West,Paid Search,Month-to-month,Direct debit,Standard,5G_FWA,Priority,71,80.12,5747.73,125.6,490,2,23.4,51.0,0,0,0,0.0,Account stable; no issues reported. Continue monitoring.,0
CUST_001897,Male,38,East,Social,Month-to-month,Direct debit,Standard,Fibre,Standard,47,75.56,3631.54,239.9,256,0,252.7,12.0,1,0,0,0.0,Customer satisfied with service; routine check completed. No action required.,0
CUST_001898,Female,31,East,Organic,Month-to-month,Direct debit,Standard,Fibre,Priority,55,81.82,4563.05,300.9,375,3,138.6,21.0,3,0,0,0.0,All services working as expected; thank you note received. No action required.,0
CUST_001899,Male,49,South,Organic,Month-to-month,Bank transfer,Standard,5G_FWA,Priority,52,78.14,4183.07,213.7,484,0,124.2,34.0,0,0,0,0.0,No recent problems; user happy with plan. Continue monitoring.,0
CUST_001900,Male,59,North,Social,Month-to-month,Direct debit,Basic,5G_FWA,Standard,43,52.61,2174.33,143.1,487,0,100.4,40.0,0,0,0,0.0,Account stable; no issues reported. No action required.,0
CUST_001901,Female,38,North,Organic,Month-to-month,Direct debit,Standard,DSL,Standard,21,69.55,1512.56,172.4,821,1,30.0,28.0,0,0,1,9.5,Customer satisfied with service; routine check completed. No action required.,1
CUST_001902,Male,33,West,Organic,Month-to-month,Credit card,Premium,Fibre,Standard,25,89.0,2070.64,355.0,157,0,298.1,12.0,1,0,0,0.0,Account stable; no issues reported. Feedback recorded.,0
CUST_001903,Female,33,South,Partner,Two year,Direct debit,Premium,Fibre,Standard,70,96.77,6766.2,235.3,323,0,284.1,29.0,2,2,1,18.5,All services working as expected; thank you note received. Feedback recorded.,0
CUST_001904,Female,44,North,Referral,Month-to-month,Credit card,Basic,None,Priority,2,30.67,0.0,4.3,579,3,10.3,62.0,1,1,0,0.0,Speed occasionally slow at peak times; suggested troubleshooting. Ticket logged.,1
CUST_001905,Female,37,West,Partner,Month-to-month,Credit card,Premium,Fibre,Standard,16,93.6,1655.59,272.8,319,0,225.5,14.0,1,1,1,20.2,No recent problems; user happy with plan. Feedback recorded.,0
CUST_001906,Male,18,North,Paid Search,Month-to-month,Direct debit,Basic,DSL,Standard,61,45.76,2866.51,46.4,550,0,30.3,68.0,1,1,0,0.0,Account stable; no issues reported. Feedback recorded.,0
CUST_001907,Male,29,North,Paid Search,Month-to-month,Credit card,Standard,DSL,Standard,37,58.69,1962.44,99.4,759,3,47.5,30.0,2,0,1,24.0,Account stable; no issues reported. Feedback recorded.,1
CUST_001908,Male,48,North,Social,Two year,Credit card,Standard,DSL,Standard,71,66.61,4668.83,172.0,359,0,54.9,14.0,1,0,1,19.8,No recent problems; user happy with plan. No action required.,0
CUST_001909,Female,31,South,Partner,Month-to-month,Direct debit,Standard,Fibre,Standard,60,76.15,4762.61,233.6,675,0,234.9,17.0,1,1,0,0.0,Customer satisfied with service; routine check completed. Continue monitoring.,0
CUST_001910,Male,46,North,Partner,Month-to-month,Credit card,Standard,DSL,Standard,6,68.12,392.21,116.0,372,2,60.3,38.0,0,1,0,0.0,All services working as expected; thank you note received. Routine follow-up in 30 days.,1
CUST_001911,Female,37,South,Organic,Month-to-month,Direct debit,Standard,DSL,Standard,14,73.22,1051.23,138.6,540,4,39.5,24.0,1,1,0,0.0,All services working as expected; thank you note received. No action required.,0
CUST_001912,Male,53,West,Organic,Two year,Direct debit,Standard,DSL,Standard,40,67.21,2827.59,107.2,366,2,49.8,34.0,0,1,0,0.0,Customer satisfied with service; routine check completed. Continue monitoring.,0
CUST_001913,Male,30,East,Organic,One year,Credit card,Basic,Fibre,Standard,9,50.97,594.45,291.0,551,0,124.4,18.0,1,0,1,9.0,Account stable; no issues reported. Feedback recorded.,0
CUST_001914,Female,18,East,Paid Search,Month-to-month,Credit card,Premium,5G_FWA,Standard,11,86.14,992.22,175.6,419,0,93.4,36.0,2,1,1,22.9,Customer satisfied with service; routine check completed. No action required.,1
CUST_001915,Male,46,North,Partner,Month-to-month,Direct debit,Premium,5G_FWA,Standard,0,98.56,0.0,188.4,836,1,131.3,19.0,0,0,0,0.0,Account stable; no issues reported. Continue monitoring.,1
CUST_001916,Female,37,East,Social,Month-to-month,Direct debit,Standard,Fibre,Standard,35,79.22,2656.79,238.7,690,2,199.6,23.0,1,0,0,0.0,Customer satisfied with service; routine check completed. Feedback recorded.,0
CUST_001917,Female,41,East,Organic,Month-to-month,Bank transfer,Standard,5G_FWA,Standard,38,77.87,3049.88,152.7,300,0,114.5,26.0,2,0,0,0.0,Account stable; no issues reported. Routine follow-up in 30 days.,0
CUST_001918,Female,27,North,Social,One year,Direct debit,Premium,5G_FWA,Priority,69,110.28,7826.13,239.2,434,1,113.4,42.0,2,0,0,0.0,Customer satisfied with service; routine check completed. Routine follow-up in 30 days.,0
CUST_001919,Female,33,East,Organic,One year,Credit card,Premium,Fibre,Standard,70,92.09,6515.82,186.0,480,1,214.2,21.0,0,0,0,0.0,Account stable; no issues reported. Feedback recorded.,0
CUST_001920,Female,32,South,Paid Search,Month-to-month,Direct debit,Basic,Fibre,Standard,5,58.72,261.78,299.0,621,1,241.3,17.0,2,2,0,0.0,Account stable; no issues reported. Feedback recorded.,0
CUST_001921,Female,39,North,Organic,Month-to-month,Credit card,Premium,Fibre,Standard,43,99.97,4398.18,328.8,476,0,269.9,20.0,0,0,0,0.0,All services working as expected; thank you note received. Routine follow-up in 30 days.,0
CUST_001922,Male,32,West,Paid Search,Two year,Direct debit,Premium,Fibre,Standard,11,90.66,910.31,186.6,65,0,149.4,25.0,1,0,0,0.0,Account stable; no issues reported. Continue monitoring.,0
CUST_001923,Male,47,West,Organic,One year,Cash,Basic,Fibre,Standard,68,69.79,4742.16,213.7,640,4,148.8,17.0,0,0,1,11.8,No recent problems; user happy with plan. Routine follow-up in 30 days.,0
CUST_001924,Female,51,East,Organic,Month-to-month,Credit card,Standard,DSL,Standard,70,73.4,5238.33,93.2,362,0,69.5,46.0,0,2,0,0.0,Account stable; no issues reported. No action required.,0
CUST_001925,Female,36,South,Paid Search,One year,Bank transfer,Basic,Fibre,Standard,13,51.65,546.94,338.3,573,0,152.0,24.0,1,1,0,0.0,Customer satisfied with service; routine check completed. Continue monitoring.,0
CUST_001926,Female,24,East,Referral,One year,Direct debit,Standard,Fibre,Standard,2,65.51,177.51,291.2,975,2,242.8,19.0,2,0,0,0.0,All services working as expected; thank you note received. Continue monitoring.,0
CUST_001927,Male,57,South,Partner,Month-to-month,Credit card,Premium,Fibre,Standard,64,98.05,6417.84,327.9,481,1,250.0,9.0,1,0,1,20.5,Customer satisfied with service; routine check completed. Routine follow-up in 30 days.,0
CUST_001928,Female,45,East,Organic,Month-to-month,Direct debit,Basic,Fibre,Standard,43,45.71,1882.43,203.4,383,1,165.0,25.0,1,1,1,24.1,Account stable; no issues reported. Feedback recorded.,0
CUST_001929,Female,45,East,Partner,One year,Bank transfer,Standard,Fibre,Standard,33,70.55,2387.04,311.7,456,0,238.4,25.0,2,0,0,0.0,All services working as expected; thank you note received. Continue monitoring.,0
CUST_001930,Female,56,North,Organic,Month-to-month,Direct debit,Premium,Fibre,Standard,52,91.51,4869.25,276.5,800,1,201.5,14.0,0,0,0,0.0,Account stable; no issues reported. No action required.,0
CUST_001931,Female,38,North,Social,Month-to-month,Credit card,Basic,None,Priority,38,33.3,1102.01,6.0,689,2,13.3,57.0,2,2,1,22.3,No recent problems; user happy with plan. No action required.,0
CUST_001932,Female,49,East,Organic,Month-to-month,Credit card,Basic,Fibre,Standard,18,52.02,1088.43,280.3,863,0,329.0,8.0,1,0,0,0.0,All services working as expected; thank you note received. Feedback recorded.,0
CUST_001933,Female,47,West,Partner,Month-to-month,Credit card,Premium,5G_FWA,Priority,28,103.61,2760.75,319.8,628,2,57.6,12.0,1,1,1,11.9,All services working as expected; thank you note received. Feedback recorded.,0
CUST_001934,Female,42,West,Organic,Month-to-month,Direct debit,Standard,DSL,Standard,58,65.56,3843.15,184.1,481,0,33.3,33.0,1,1,1,16.2,No recent problems; user happy with plan. No action required.,0
CUST_001935,Male,29,North,Paid Search,Month-to-month,Credit card,Standard,Fibre,Standard,35,69.66,2542.47,290.9,686,1,235.4,22.0,0,0,0,0.0,No recent problems; user happy with plan. Continue monitoring.,0
CUST_001936,Female,45,South,Social,Month-to-month,Credit card,Standard,5G_FWA,Standard,41,63.31,2738.68,125.0,987,2,88.8,20.0,2,1,1,9.1,Customer satisfied with service; routine check completed. Feedback recorded.,0
CUST_001937,Male,36,South,Organic,Month-to-month,Credit card,Premium,DSL,Standard,0,74.59,14.81,256.2,354,1,25.9,28.0,0,0,1,22.1,Customer satisfied with service; routine check completed. Routine follow-up in 30 days.,1
CUST_001938,Female,31,East,Organic,Month-to-month,Bank transfer,Standard,Fibre,Standard,2,76.5,55.41,289.0,361,0,347.0,37.0,2,0,0,0.0,Customer satisfied with service; routine check completed. Feedback recorded.,0
CUST_001939,NonBinary,38,South,Partner,Month-to-month,Direct debit,Basic,Fibre,Standard,66,51.88,3574.65,279.1,488,2,320.7,,1,0,1,6.6,No recent problems; user happy with plan. No action required.,0
CUST_001940,Male,53,East,Paid Search,Two year,Direct debit,Basic,Fibre,Standard,35,63.39,1996.28,345.3,535,0,194.1,16.0,0,0,1,5.2,Customer satisfied with service; routine check completed. Continue monitoring.,0
CUST_001941,Female,51,East,Organic,One year,Cash,Basic,5G_FWA,Standard,34,58.26,1878.48,195.3,648,0,72.1,45.0,0,0,0,0.0,All services working as expected; thank you note received. No action required.,0
CUST_001942,Male,38,East,Organic,Month-to-month,Cash,Premium,DSL,Standard,9,78.8,402.49,108.9,231,0,8.2,62.0,0,0,0,0.0,Account stable; no issues reported. Routine follow-up in 30 days.,1
CUST_001943,Female,40,West,Organic,Two year,Bank transfer,Standard,5G_FWA,Standard,43,82.9,3441.38,113.2,719,2,142.5,18.0,3,1,0,0.0,No recent problems; user happy with plan. Routine follow-up in 30 days.,0
CUST_001944,Female,48,East,Organic,Month-to-month,Credit card,Basic,5G_FWA,Priority,39,62.29,2471.45,207.3,208,0,278.2,14.0,0,0,0,0.0,Customer satisfied with service; routine check completed. Continue monitoring.,0
CUST_001945,Female,41,West,Organic,Two year,Direct debit,Premium,5G_FWA,Standard,52,95.1,4970.61,190.9,641,1,115.8,27.0,0,0,0,0.0,Customer satisfied with service; routine check completed. Feedback recorded.,0
CUST_001946,Male,54,East,Paid Search,Month-to-month,Direct debit,Standard,DSL,Priority,19,60.37,1189.05,103.2,715,3,1.0,52.0,1,1,0,0.0,All services working as expected; thank you note received. Continue monitoring.,0
CUST_001947,Male,41,West,Referral,Month-to-month,Credit card,Standard,Fibre,Standard,12,69.22,940.5,260.7,572,1,307.7,7.0,0,1,1,16.1,Customer satisfied with service; routine check completed. Routine follow-up in 30 days.,0
CUST_001948,Female,31,South,Organic,Month-to-month,Credit card,Premium,Fibre,Standard,49,106.7,5333.78,353.8,265,1,226.8,21.0,2,1,0,0.0,Customer satisfied with service; routine check completed. Continue monitoring.,0
CUST_001949,Male,39,North,Organic,Month-to-month,Direct debit,Standard,Fibre,Standard,54,75.63,4045.92,222.7,699,1,188.3,8.0,1,0,0,0.0,All services working as expected; thank you note received. Routine follow-up in 30 days.,0
CUST_001950,Male,55,East,Paid Search,Month-to-month,Bank transfer,Standard,DSL,Standard,56,76.48,4308.65,219.2,400,2,51.7,24.0,1,3,0,0.0,Customer satisfied with service; routine check completed. No action required.,0
CUST_001951,Male,18,East,Partner,One year,Credit card,Basic,Fibre,Standard,47,64.09,3019.19,279.9,511,1,200.0,11.0,3,1,1,19.4,No recent problems; user happy with plan. No action required.,0
CUST_001952,Female,37,North,Organic,Month-to-month,Direct debit,Premium,DSL,Standard,37,78.68,2918.54,220.2,293,1,37.0,45.0,1,2,1,9.0,Customer satisfied with service; routine check completed. No action required.,0
CUST_001953,Female,18,North,Social,Month-to-month,Credit card,Standard,DSL,Priority,50,76.41,4012.34,,380,0,69.7,32.0,0,1,1,7.9,No recent problems; user happy with plan. Continue monitoring.,0
CUST_001954,Male,29,East,Organic,One year,Direct debit,Standard,None,Standard,39,53.44,2081.88,26.1,515,0,6.7,46.0,0,1,0,0.0,No recent problems; user happy with plan. Feedback recorded.,0
CUST_001955,Female,43,East,Paid Search,Two year,Direct debit,Basic,Fibre,Standard,32,56.92,1871.3,274.6,509,3,277.7,27.0,3,2,0,0.0,Customer requested plan review; offered options. Ticket logged.,0
CUST_001956,Female,45,South,Partner,One year,Direct debit,Premium,Fibre,Standard,31,102.7,3214.91,226.1,638,0,169.5,21.0,0,1,0,0.0,Customer satisfied with service; routine check completed. Feedback recorded.,0
CUST_001957,Male,52,North,Paid Search,Month-to-month,Direct debit,Standard,Fibre,Priority,0,85.34,92.43,330.8,85,2,297.9,15.0,4,1,1,9.5,Account stable; no issues reported. Feedback recorded.,0
CUST_001958,NonBinary,61,West,Organic,Month-to-month,Direct debit,Basic,Fibre,Standard,46,53.95,2411.01,190.9,482,1,151.0,21.0,1,0,1,13.3,Account stable; no issues reported. Routine follow-up in 30 days.,0
CUST_001959,Female,40,West,Organic,One year,Credit card,Basic,DSL,Priority,31,67.41,2137.72,6.5,98,0,25.0,37.0,0,0,0,0.0,All services working as expected; thank you note received. No action required.,1
CUST_001960,Male,25,South,Organic,Month-to-month,Bank transfer,Premium,Fibre,Standard,26,99.1,2708.24,258.6,623,2,191.9,26.0,1,1,0,0.0,All services working as expected; thank you note received. Continue monitoring.,0
CUST_001961,Male,42,North,Partner,Month-to-month,Direct debit,Premium,Fibre,Standard,46,90.41,4078.23,252.7,738,2,150.3,27.0,4,1,0,0.0,All services working as expected; thank you note received. No action required.,0
CUST_001962,Male,28,West,Paid Search,Month-to-month,Credit card,Basic,DSL,Priority,33,42.31,1323.22,0.0,410,0,43.6,54.0,2,1,0,0.0,Customer satisfied with service; routine check completed. Routine follow-up in 30 days.,0
CUST_001963,Male,33,North,Organic,Month-to-month,Bank transfer,Standard,Fibre,Standard,23,71.24,1614.73,280.1,427,1,213.8,23.0,0,0,1,5.7,Customer satisfied with service; routine check completed. Feedback recorded.,0
CUST_001964,Male,47,East,Organic,One year,Bank transfer,Basic,DSL,Standard,56,41.87,2382.73,178.6,395,1,46.0,40.0,3,2,0,0.0,Customer satisfied with service; routine check completed. Continue monitoring.,0
CUST_001965,Male,41,South,Organic,Month-to-month,Credit card,Basic,5G_FWA,Standard,41,51.86,2345.94,175.8,560,1,143.7,23.0,1,0,0,0.0,No recent problems; user happy with plan. Routine follow-up in 30 days.,0
CUST_001966,Female,32,South,Organic,Month-to-month,Bank transfer,Standard,Fibre,Standard,69,81.56,5596.43,237.7,467,1,274.7,25.0,4,1,1,9.8,Account stable; no issues reported. Continue monitoring.,0
CUST_001967,NonBinary,44,North,Referral,Month-to-month,Direct debit,Premium,5G_FWA,Standard,55,93.98,5056.48,127.9,420,1,147.1,25.0,1,0,1,12.8,Account stable; no issues reported. Routine follow-up in 30 days.,0
CUST_001968,Male,18,East,Organic,Month-to-month,Credit card,Basic,Fibre,Standard,36,54.47,1985.86,218.1,569,1,192.9,19.0,1,3,1,7.2,No recent problems; user happy with plan. Continue monitoring.,0
CUST_001969,Female,32,North,Organic,Two year,Direct debit,Premium,Fibre,Priority,25,116.57,2811.97,388.7,490,0,221.8,20.0,0,1,0,0.0,Account stable; no issues reported. Continue monitoring.,0
CUST_001970,NonBinary,25,South,Paid Search,Month-to-month,Bank transfer,Standard,Fibre,Standard,56,91.06,5200.91,249.6,405,2,203.1,25.0,1,2,0,0.0,Customer satisfied with service; routine check completed. Continue monitoring.,0
CUST_001971,Male,22,North,Paid Search,One year,Direct debit,Basic,Fibre,Standard,61,44.13,2722.8,163.5,750,1,204.1,19.0,2,2,1,5.5,Account stable; no issues reported. Feedback recorded.,0
CUST_001972,Male,45,South,Organic,Month-to-month,Bank transfer,Standard,Fibre,Standard,46,68.65,3040.47,293.9,370,0,280.6,,0,1,0,0.0,All services working as expected; thank you note received. Continue monitoring.,1
CUST_001973,Male,22,East,Partner,Two year,Direct debit,Standard,None,Standard,1,52.79,0.0,78.1,694,1,7.4,60.0,1,0,0,0.0,No recent problems; user happy with plan. No action required.,0
CUST_001974,Female,47,South,Paid Search,Two year,Credit card,Standard,DSL,Priority,32,77.52,2259.8,85.1,339,0,74.9,57.0,1,2,1,15.2,All services working as expected; thank you note received. Feedback recorded.,0
CUST_001975,Female,30,North,Paid Search,One year,Bank transfer,Premium,5G_FWA,Standard,55,95.43,,274.5,589,0,125.3,34.0,1,0,1,22.4,All services working as expected; thank you note received. Routine follow-up in 30 days.,0
CUST_001976,Male,35,North,Partner,One year,Credit card,Standard,Fibre,Standard,59,72.98,4254.69,335.7,380,1,181.4,17.0,1,0,1,14.5,Account stable; no issues reported. Continue monitoring.,0
CUST_001977,Male,61,East,Referral,Month-to-month,Credit card,Basic,DSL,Standard,11,45.07,549.8,0.0,465,1,59.3,62.0,1,0,1,7.8,All services working as expected; thank you note received. Routine follow-up in 30 days.,0
CUST_001978,Female,63,East,Organic,Two year,Direct debit,Standard,Fibre,Standard,55,70.55,3912.78,282.2,539,2,175.2,14.0,1,1,0,0.0,Account stable; no issues reported. Feedback recorded.,0
CUST_001979,Female,18,South,Referral,Month-to-month,Bank transfer,Basic,5G_FWA,Priority,22,53.99,1093.8,147.3,478,1,136.6,36.0,1,0,0,0.0,No recent problems; user happy with plan. No action required.,0
CUST_001980,Female,47,East,Organic,Two year,Direct debit,Standard,Fibre,Priority,7,78.55,522.48,255.9,289,2,214.7,11.0,3,2,0,0.0,All services working as expected; thank you note received. Routine follow-up in 30 days.,0
CUST_001981,Male,18,South,Paid Search,Month-to-month,Direct debit,Standard,5G_FWA,Priority,25,71.61,1841.08,214.0,691,3,187.8,51.0,0,1,0,0.0,Customer requested plan review; offered options. Monitor for 7 days.,1
CUST_001982,Male,18,North,Organic,Two year,Direct debit,Standard,Fibre,Standard,30,77.22,2337.65,234.3,371,0,191.4,15.0,0,1,0,0.0,No recent problems; user happy with plan. Routine follow-up in 30 days.,0
CUST_001983,Female,36,South,Referral,Month-to-month,Credit card,Premium,Fibre,Standard,40,85.35,3244.15,299.3,468,1,281.0,,3,0,0,0.0,Customer satisfied with service; routine check completed. Feedback recorded.,0
CUST_001984,Female,45,North,Organic,Month-to-month,Credit card,Standard,DSL,Standard,60,67.71,3915.49,150.0,258,0,8.6,42.0,1,0,1,11.0,No recent problems; user happy with plan. Continue monitoring.,0
CUST_001985,Female,38,South,Social,Month-to-month,Cash,Standard,Fibre,Standard,54,68.03,3505.58,227.5,561,1,205.9,30.0,1,2,0,0.0,Customer satisfied with service; routine check completed. Routine follow-up in 30 days.,0
CUST_001986,Female,53,South,Referral,Month-to-month,Credit card,Standard,Fibre,Standard,53,82.17,4448.04,355.8,718,1,274.0,25.0,0,1,0,0.0,All services working as expected; thank you note received. No action required.,0
CUST_001987,Male,40,North,Paid Search,Two year,Direct debit,Standard,5G_FWA,Standard,39,72.36,2976.67,135.3,436,0,62.6,37.0,4,3,0,0.0,All services working as expected; thank you note received. Continue monitoring.,0
CUST_001988,Female,26,West,Referral,Month-to-month,Direct debit,Standard,DSL,Priority,31,81.0,2499.36,88.2,322,1,32.9,16.0,1,0,0,0.0,No recent problems; user happy with plan. Routine follow-up in 30 days.,0
CUST_001989,Male,31,North,Organic,One year,Credit card,Standard,Fibre,Standard,54,76.03,4120.6,233.4,484,1,241.9,11.0,3,2,1,12.7,All services working as expected; thank you note received. No action required.,0
CUST_001990,Female,40,West,Organic,Month-to-month,Credit card,Standard,None,Standard,8,57.07,727.52,0.0,364,1,4.7,86.0,0,1,0,0.0,All services working as expected; thank you note received. No action required.,1
CUST_001991,Male,27,East,Referral,One year,Credit card,Standard,5G_FWA,Priority,11,69.97,826.86,130.5,229,0,132.5,26.0,1,0,0,0.0,Customer satisfied with service; routine check completed. Continue monitoring.,1
CUST_001992,Female,23,South,Organic,Two year,Direct debit,Premium,5G_FWA,Standard,5,87.93,364.54,298.6,701,3,130.2,36.0,2,0,1,13.4,Account stable; no issues reported. Feedback recorded.,0
CUST_001993,Female,18,East,Paid Search,One year,Bank transfer,Basic,Fibre,Priority,46,65.07,3009.76,323.1,278,0,218.5,33.0,0,0,0,0.0,All services working as expected; thank you note received. Continue monitoring.,0
CUST_001994,Male,25,South,Organic,Two year,Direct debit,Basic,5G_FWA,Priority,48,59.39,2671.93,284.3,440,0,176.7,36.0,1,0,1,19.8,All services working as expected; thank you note received. Continue monitoring.,0
CUST_001995,Female,42,North,Partner,One year,Direct debit,Standard,5G_FWA,Standard,56,74.55,4299.71,142.0,762,0,105.5,35.0,1,2,0,0.0,Customer satisfied with service; routine check completed. Continue monitoring.,0
CUST_001996,Female,39,West,Partner,Two year,Credit card,Standard,Fibre,Standard,15,83.65,1414.11,166.9,439,0,192.7,22.0,1,1,1,14.2,Customer satisfied with service; routine check completed. Continue monitoring.,0
CUST_001997,NonBinary,49,South,Organic,One year,Credit card,Premium,5G_FWA,Standard,34,99.55,3322.56,218.9,442,0,105.6,28.0,1,1,0,0.0,Account stable; no issues reported. Feedback recorded.,0
CUST_001998,Male,43,North,Paid Search,Month-to-month,Credit card,Standard,Fibre,Standard,4,66.51,239.11,335.5,868,0,243.7,15.0,2,2,0,0.0,Customer satisfied with service; routine check completed. Routine follow-up in 30 days.,0
CUST_001999,Female,25,East,Social,Two year,Direct debit,Basic,5G_FWA,Standard,18,62.11,986.67,82.4,381,1,171.0,25.0,1,0,0,0.0,All services working as expected; thank you note received. Continue monitoring.,0
CUST_002000,Female,34,West,Partner,One year,Direct debit,Standard,5G_FWA,Standard,56,81.03,4400.9,202.0,844,1,134.6,28.0,0,0,0,0.0,Account stable; no issues reported. Feedback recorded.,0
CUST_002001,Female,39,East,Paid Search,One year,Direct debit,Basic,5G_FWA,Priority,35,65.46,2275.86,237.8,844,1,114.3,18.0,1,0,1,17.1,Customer satisfied with service; routine check completed. No action required.,1
CUST_002002,Male,64,North,Paid Search,One year,Credit card,Basic,Fibre,Standard,66,56.33,3748.16,249.1,498,0,217.4,16.0,0,0,0,0.0,No recent problems; user happy with plan. No action required.,0
CUST_002003,Male,62,South,Organic,Month-to-month,Direct debit,Standard,None,Standard,11,56.81,696.36,105.0,473,0,1.0,66.0,0,0,0,0.0,All services working as expected; thank you note received. No action required.,0
CUST_002004,Female,32,East,Partner,Month-to-month,Credit card,Standard,Fibre,Priority,49,80.47,4250.54,221.1,892,3,259.9,20.0,0,0,1,6.6,All services working as expected; thank you note received. Routine follow-up in 30 days.,0
CUST_002005,Male,49,South,Partner,Two year,Bank transfer,Standard,DSL,Standard,49,65.71,3301.99,141.9,687,0,12.0,40.0,0,0,0,0.0,No recent problems; user happy with plan. No action required.,0
CUST_002006,Male,50,East,Organic,Month-to-month,Bank transfer,Premium,DSL,Priority,29,102.33,2921.89,73.8,327,0,58.9,53.0,2,1,1,22.6,Account stable; no issues reported. Routine follow-up in 30 days.,0
CUST_002007,Male,23,North,Partner,Month-to-month,Credit card,Basic,DSL,Priority,23,49.07,1294.39,0.0,550,0,24.2,42.0,1,0,1,9.1,No recent problems; user happy with plan. Routine follow-up in 30 days.,0
CUST_002008,Female,62,North,Organic,Month-to-month,Direct debit,Premium,None,Standard,45,67.16,3075.76,0.0,665,1,5.8,64.0,2,0,0,0.0,All services working as expected; thank you note received. Routine follow-up in 30 days.,1
CUST_002009,Female,30,West,Paid Search,Two year,Cash,Standard,Fibre,Standard,30,76.46,2483.03,206.2,897,2,164.2,10.0,2,0,0,0.0,Account stable; no issues reported. No action required.,0
CUST_002010,Male,59,North,Partner,Two year,Direct debit,Basic,5G_FWA,Priority,24,69.12,1543.33,189.3,278,1,172.2,30.0,4,2,0,0.0,Customer satisfied with service; routine check completed. Feedback recorded.,0
CUST_002011,Male,27,South,Organic,Month-to-month,Direct debit,Standard,DSL,Priority,43,83.61,3562.54,74.0,978,4,52.7,49.0,3,2,0,0.0,Customer mentioned intermittent issues; advised restart and monitoring. Follow-up recommended.,0
CUST_002012,Female,45,North,Partner,Two year,Bank transfer,Standard,Fibre,Standard,51,71.79,3605.29,300.1,806,2,149.9,10.0,3,1,1,8.4,No recent problems; user happy with plan. Continue monitoring.,0
CUST_002013,Female,18,East,Partner,Two year,Direct debit,Basic,Fibre,Standard,58,55.48,3208.89,188.5,418,1,205.2,9.0,0,1,0,0.0,All services working as expected; thank you note received. Routine follow-up in 30 days.,0
CUST_002014,Female,38,West,Referral,One year,Direct debit,Standard,5G_FWA,Standard,67,77.22,5446.96,173.2,573,1,179.8,27.0,2,1,0,0.0,All services working as expected; thank you note received. No action required.,0
CUST_002015,Female,58,North,Partner,Month-to-month,Direct debit,Basic,DSL,Standard,2,42.87,90.37,81.6,462,1,58.3,24.0,2,0,1,15.3,No recent problems; user happy with plan. No action required.,1
CUST_002016,Female,33,East,Organic,Month-to-month,Direct debit,Standard,Fibre,Standard,58,74.68,4323.42,282.9,942,0,274.6,33.0,3,0,0,0.0,No recent problems; user happy with plan. Routine follow-up in 30 days.,0
CUST_002017,Male,34,North,Paid Search,Month-to-month,Credit card,Standard,Fibre,Standard,20,66.28,1340.88,171.7,419,0,202.6,17.0,3,2,1,19.3,No recent problems; user happy with plan. No action required.,0
CUST_002018,Female,37,North,Organic,Month-to-month,Direct debit,Standard,DSL,Standard,38,64.75,2568.24,183.0,208,1,51.3,152.0,1,1,0,0.0,Account stable; no issues reported. Routine follow-up in 30 days.,0
CUST_002019,Female,61,North,Social,Month-to-month,Direct debit,Standard,None,Standard,58,59.29,3504.86,138.1,721,2,7.7,53.0,0,0,1,24.5,No recent problems; user happy with plan. Feedback recorded.,0
CUST_002020,Female,33,South,Organic,One year,Credit card,Premium,None,Standard,52,68.67,3636.98,113.9,0,0,10.0,35.0,0,0,1,21.5,All services working as expected; thank you note received. Feedback recorded.,0
CUST_002021,Male,46,East,Organic,One year,Credit card,Basic,None,Standard,68,42.96,2968.51,31.2,208,0,10.6,63.0,1,0,0,0.0,All services working as expected; thank you note received. Feedback recorded.,1
CUST_002022,Female,52,South,Organic,Two year,Direct debit,Basic,Fibre,Standard,62,67.27,4121.42,146.3,507,0,228.1,13.0,1,2,0,0.0,All services working as expected; thank you note received. No action required.,0
CUST_002023,Male,18,North,Social,Two year,Bank transfer,Basic,Fibre,Standard,8,56.62,523.81,70.5,454,1,111.8,22.0,0,1,0,0.0,All services working as expected; thank you note received. Routine follow-up in 30 days.,0
CUST_002024,Female,28,North,Paid Search,Month-to-month,Bank transfer,Standard,5G_FWA,Standard,13,73.48,932.7,146.4,675,2,150.1,31.0,2,0,0,0.0,No recent problems; user happy with plan. Feedback recorded.,1
CUST_002025,Female,58,East,Organic,Two year,Bank transfer,Standard,DSL,Standard,18,67.94,1198.17,95.8,574,1,43.4,73.0,2,1,1,16.3,Account stable; no issues reported. Feedback recorded.,0
CUST_002026,Male,44,South,Organic,One year,Credit card,Standard,DSL,Standard,48,59.88,3124.28,177.9,760,1,19.8,50.0,1,0,0,0.0,Account stable; no issues reported. Routine follow-up in 30 days.,0
CUST_002027,Female,51,South,Partner,Month-to-month,Credit card,Premium,DSL,Priority,62,92.41,5654.39,302.4,562,0,44.3,30.0,2,0,1,19.9,Account stable; no issues reported. Continue monitoring.,0
CUST_002028,Male,39,North,Partner,Two year,Credit card,Basic,Fibre,Standard,32,46.54,1709.17,312.1,745,3,224.5,13.0,2,2,0,0.0,Customer satisfied with service; routine check completed. Continue monitoring.,0
CUST_002029,Male,44,East,Organic,Month-to-month,Credit card,Basic,Fibre,Standard,72,55.44,4178.83,147.8,278,0,222.0,19.0,2,0,1,22.0,No recent problems; user happy with plan. Continue monitoring.,0
CUST_002030,Male,28,North,Paid Search,Month-to-month,Direct debit,Standard,Fibre,Standard,53,85.05,4338.12,284.7,680,1,191.0,16.0,2,0,1,6.0,Customer satisfied with service; routine check completed. No action required.,0
CUST_002031,Male,54,East,Organic,Month-to-month,Direct debit,Standard,Fibre,Standard,48,77.54,3639.97,242.5,329,1,259.2,20.0,3,1,0,0.0,No recent problems; user happy with plan. Routine follow-up in 30 days.,0
CUST_002032,Male,48,East,Social,Two year,Direct debit,Premium,Fibre,Priority,46,103.46,5180.17,355.7,527,3,109.5,25.0,0,0,0,0.0,All services working as expected; thank you note received. Feedback recorded.,0
CUST_002033,Female,25,North,Social,Month-to-month,Credit card,Standard,Fibre,Standard,70,78.6,5436.79,296.0,395,0,247.8,18.0,1,1,0,0.0,No recent problems; user happy with plan. No action required.,0
CUST_002034,Male,36,East,Organic,Month-to-month,Direct debit,Premium,5G_FWA,Standard,55,91.69,4936.83,219.8,658,3,71.8,37.0,2,0,0,0.0,All services working as expected; thank you note received. Continue monitoring.,0
CUST_002035,Female,28,East,Organic,One year,Direct debit,Premium,Fibre,Standard,48,88.9,4380.98,305.1,827,3,219.1,20.0,4,0,0,0.0,Customer satisfied with service; routine check completed. No action required.,0
CUST_002036,Female,53,West,Organic,One year,Credit card,Standard,Fibre,Standard,69,72.07,4896.13,222.6,936,1,265.9,35.0,3,0,1,16.4,Customer satisfied with service; routine check completed. Feedback recorded.,0
CUST_002037,Female,18,West,Paid Search,One year,Credit card,Standard,Fibre,Standard,71,70.41,4784.03,305.9,606,4,230.5,20.0,2,3,0,0.0,No recent problems; user happy with plan. No action required.,0
CUST_002038,Male,68,East,Organic,Month-to-month,Direct debit,Standard,DSL,Priority,24,83.24,2057.61,67.3,622,2,29.3,31.0,0,1,0,0.0,Account stable; no issues reported. No action required.,0
CUST_002039,Female,43,East,Partner,One year,Bank transfer,Standard,Fibre,Standard,64,66.9,4271.82,108.2,239,0,204.6,8.0,3,2,1,6.1,No recent problems; user happy with plan. No action required.,0
CUST_002040,Female,18,West,Organic,Month-to-month,Direct debit,Standard,5G_FWA,Standard,8,72.93,631.74,193.8,444,1,102.9,9.0,3,1,0,0.0,Account stable; no issues reported. No action required.,1
CUST_002041,Female,45,North,Partner,One year,Cash,Standard,Fibre,Standard,56,74.25,4214.67,165.8,433,0,151.1,13.0,2,2,1,10.4,Customer satisfied with service; routine check completed. No action required.,0
CUST_002042,Female,46,South,Paid Search,Month-to-month,Direct debit,Basic,DSL,Priority,58,61.0,3520.36,141.3,483,0,30.4,38.0,0,0,1,8.2,No recent problems; user happy with plan. Feedback recorded.,0
CUST_002043,Female,42,South,Organic,Month-to-month,Credit card,Basic,Fibre,Standard,49,45.41,2117.23,359.3,435,0,237.0,15.0,0,0,1,21.7,Customer satisfied with service; routine check completed. No action required.,0
CUST_002044,Female,40,North,Organic,Month-to-month,Credit card,Standard,5G_FWA,Standard,6,66.76,526.72,114.8,686,2,137.0,40.0,1,0,0,0.0,No recent problems; user happy with plan. Feedback recorded.,0
CUST_002045,Female,18,East,Paid Search,Month-to-month,Credit card,Premium,Fibre,Standard,41,105.28,4341.56,376.4,288,0,241.7,19.0,0,1,0,0.0,Account stable; no issues reported. Feedback recorded.,0
CUST_002046,Male,45,North,Paid Search,One year,Direct debit,Premium,5G_FWA,Standard,38,87.2,3409.57,299.1,184,1,197.6,21.0,1,0,1,8.5,No recent problems; user happy with plan. Continue monitoring.,0
CUST_002047,Male,57,South,Organic,One year,Bank transfer,Standard,Fibre,Standard,34,79.02,2703.65,310.5,336,2,81.3,27.0,1,0,0,0.0,Customer satisfied with service; routine check completed. Continue monitoring.,0
CUST_002048,Male,31,East,Organic,Month-to-month,Direct debit,Standard,Fibre,Standard,64,89.2,5834.66,326.0,451,2,235.2,17.0,0,0,1,16.7,All services working as expected; thank you note received. Continue monitoring.,0
CUST_002049,Male,38,East,Paid Search,Month-to-month,Direct debit,Premium,Fibre,Standard,25,88.73,1950.59,308.8,730,0,259.0,23.0,2,1,1,24.7,No recent problems; user happy with plan. No action required.,0
CUST_002050,Female,68,West,Partner,One year,Direct debit,Premium,Fibre,Priority,0,115.54,0.0,318.6,808,2,285.3,25.0,4,0,0,0.0,Account stable; no issues reported. No action required.,1
CUST_002051,Male,37,West,Social,Month-to-month,Bank transfer,Standard,Fibre,Standard,51,74.29,3637.05,226.5,751,1,368.5,13.0,4,1,0,0.0,All services working as expected; thank you note received. No action required.,0
CUST_002052,Female,18,North,Paid Search,Month-to-month,Bank transfer,Basic,Fibre,Priority,45,69.2,2959.15,195.8,317,1,195.5,6.0,1,0,1,7.6,All services working as expected; thank you note received. Feedback recorded.,0
CUST_002053,Female,50,South,Paid Search,Two year,Bank transfer,Premium,Fibre,Standard,32,,3014.23,317.1,665,0,253.6,28.0,3,0,1,13.5,Account stable; no issues reported. Feedback recorded.,0
CUST_002054,Male,57,West,Social,Month-to-month,Credit card,Basic,DSL,Priority,29,57.67,1797.12,133.2,656,0,64.6,24.0,0,2,1,12.8,All services working as expected; thank you note received. Continue monitoring.,0
CUST_002055,Male,65,West,Organic,One year,Credit card,Basic,5G_FWA,Priority,3,64.7,204.02,195.8,469,0,171.6,34.0,0,0,0,0.0,Account stable; no issues reported. Feedback recorded.,0
CUST_002056,Male,24,North,Paid Search,One year,Credit card,Basic,Fibre,Standard,13,54.49,570.81,331.8,625,1,139.5,12.0,4,0,1,9.1,Account stable; no issues reported. Routine follow-up in 30 days.,0
CUST_002057,Male,34,West,Paid Search,One year,Direct debit,Standard,5G_FWA,Standard,66,76.13,4929.13,141.5,701,0,132.5,43.0,0,1,1,8.1,All services working as expected; thank you note received. Routine follow-up in 30 days.,0
CUST_002058,Female,23,North,Organic,Month-to-month,Direct debit,Standard,Fibre,Standard,54,75.42,3955.71,235.8,283,0,189.0,8.0,0,0,0,0.0,Customer satisfied with service; routine check completed. Feedback recorded.,0
CUST_002059,Male,38,East,Organic,Month-to-month,Bank transfer,Basic,Fibre,Standard,57,48.29,2592.54,265.8,634,2,268.0,12.0,3,2,0,0.0,All services working as expected; thank you note received. Continue monitoring.,0
CUST_002060,Male,64,North,Paid Search,One year,Bank transfer,Standard,DSL,Standard,31,58.35,1915.15,173.3,572,2,34.5,26.0,0,0,0,0.0,No recent problems; user happy with plan. No action required.,0
CUST_002061,Female,38,West,Paid Search,Two year,Direct debit,Standard,5G_FWA,Priority,2,84.61,114.32,308.4,448,1,193.6,53.0,1,1,0,0.0,Account stable; no issues reported. Continue monitoring.,0
CUST_002062,Male,34,North,Organic,Two year,Bank transfer,Standard,Fibre,Standard,26,68.36,1610.93,359.9,508,1,238.4,31.0,2,3,0,0.0,All services working as expected; thank you note received. No action required.,0
CUST_002063,Male,28,South,Referral,Two year,Direct debit,Premium,Fibre,Standard,29,105.27,3084.23,314.8,918,1,236.7,23.0,4,0,0,0.0,Customer satisfied with service; routine check completed. No action required.,0
CUST_002064,Female,38,North,Paid Search,Month-to-month,Credit card,Standard,5G_FWA,Standard,35,72.89,2566.64,258.2,159,0,219.3,30.0,1,1,0,0.0,Account stable; no issues reported. Continue monitoring.,0
CUST_002065,Male,37,North,Partner,Month-to-month,Direct debit,Standard,Fibre,Standard,3,79.82,187.62,246.8,236,0,285.5,17.0,1,0,1,11.5,Customer satisfied with service; routine check completed. Continue monitoring.,0
CUST_002066,Female,42,North,Referral,Month-to-month,Credit card,Basic,DSL,Standard,8,49.82,483.77,64.7,604,0,36.0,44.0,3,0,1,20.2,All services working as expected; thank you note received. Continue monitoring.,0
CUST_002067,Female,46,North,Paid Search,One year,Direct debit,Basic,DSL,Standard,60,43.09,2820.32,31.1,598,2,77.8,32.0,2,0,0,0.0,No recent problems; user happy with plan. No action required.,0
CUST_002068,NonBinary,32,West,Organic,One year,Direct debit,Standard,Fibre,Standard,54,89.19,4739.04,200.5,381,0,230.6,16.0,1,0,0,0.0,Account stable; no issues reported. No action required.,0
CUST_002069,Male,41,West,Referral,Month-to-month,Direct debit,Premium,Fibre,Standard,2,95.77,65.96,378.3,207,0,91.7,21.0,1,0,1,12.7,No recent problems; user happy with plan. Feedback recorded.,0
CUST_002070,Male,66,East,Referral,Month-to-month,Direct debit,Premium,5G_FWA,Standard,64,77.01,4893.1,258.7,602,1,200.8,24.0,2,0,0,0.0,Account stable; no issues reported. Continue monitoring.,0
CUST_002071,Male,36,East,Organic,Two year,Direct debit,Standard,None,Standard,55,59.07,3156.48,0.0,583,0,12.0,53.0,0,0,0,0.0,Customer satisfied with service; routine check completed. No action required.,0
CUST_002072,Female,23,North,Paid Search,Month-to-month,Direct debit,Premium,5G_FWA,Standard,40,83.04,3280.4,,455,0,118.8,17.0,1,0,1,22.0,Account stable; no issues reported. No action required.,0
CUST_002073,Male,18,North,Referral,Month-to-month,Direct debit,Premium,DSL,Standard,35,74.54,2411.92,77.3,517,1,36.8,43.0,4,1,1,20.9,Account stable; no issues reported. Routine follow-up in 30 days.,0
CUST_002074,Male,39,West,Organic,Month-to-month,Direct debit,Premium,5G_FWA,Priority,69,108.98,7556.51,329.0,816,3,114.5,31.0,1,1,1,16.7,No recent problems; user happy with plan. Feedback recorded.,0
CUST_002075,Female,32,West,Social,One year,Credit card,Basic,5G_FWA,Standard,65,60.29,3715.04,110.8,484,1,169.8,34.0,2,0,0,0.0,Account stable; no issues reported. No action required.,1
CUST_002076,Female,62,South,Organic,Two year,Direct debit,Standard,Fibre,Standard,69,83.41,5574.88,197.1,710,1,223.3,22.0,0,1,1,7.8,Customer satisfied with service; routine check completed. No action required.,1
CUST_002077,Male,20,South,Partner,Two year,Bank transfer,Premium,5G_FWA,Standard,35,91.51,3086.86,205.1,522,2,180.4,40.0,1,1,0,0.0,All services working as expected; thank you note received. Feedback recorded.,0
CUST_002078,Male,57,North,Paid Search,Month-to-month,Credit card,Premium,Fibre,Priority,31,96.0,2888.94,325.7,531,0,176.2,21.0,0,0,0,0.0,Account stable; no issues reported. Routine follow-up in 30 days.,0
CUST_002079,Female,44,North,Partner,Month-to-month,Credit card,Basic,None,Standard,45,29.29,1400.27,0.0,572,1,13.7,66.0,0,0,1,23.1,Customer satisfied with service; routine check completed. Continue monitoring.,0
CUST_002080,Male,45,East,Organic,One year,Bank transfer,Basic,DSL,Priority,52,46.01,2343.35,,488,2,34.2,40.0,0,0,1,8.6,All services working as expected; thank you note received. Feedback recorded.,0
CUST_002081,Male,32,North,Partner,Month-to-month,Credit card,Standard,Fibre,Standard,47,80.99,3824.55,229.6,230,0,200.4,21.0,1,0,0,0.0,No recent problems; user happy with plan. Feedback recorded.,0
CUST_002082,Female,41,North,Referral,Month-to-month,Bank transfer,Standard,5G_FWA,Standard,50,64.8,3266.99,224.4,553,0,148.1,28.0,3,1,0,0.0,Customer satisfied with service; routine check completed. Feedback recorded.,0
CUST_002083,Female,23,East,Organic,Two year,Direct debit,Basic,Fibre,Standard,71,49.57,3449.77,276.2,631,0,193.0,12.0,1,0,0,0.0,Customer satisfied with service; routine check completed. Continue monitoring.,0
CUST_002084,Female,18,West,Paid Search,Two year,Credit card,Standard,Fibre,Standard,54,82.77,4635.29,283.4,120,0,275.4,15.0,1,0,0,0.0,No recent problems; user happy with plan. Routine follow-up in 30 days.,0
CUST_002085,Male,19,North,Organic,One year,Credit card,Standard,5G_FWA,Standard,58,77.62,4603.9,236.4,48,0,131.8,41.0,0,0,1,11.1,No recent problems; user happy with plan. Feedback recorded.,0
CUST_002086,Male,40,South,Social,Month-to-month,Cash,Standard,Fibre,Standard,7,80.47,594.51,203.5,321,0,170.8,28.0,0,0,0,0.0,All services working as expected; thank you note received. No action required.,0
CUST_002087,Male,33,East,Organic,Month-to-month,Direct debit,Premium,DSL,Standard,41,85.31,3419.67,133.3,609,2,37.0,31.0,1,0,0,0.0,Customer satisfied with service; routine check completed. Routine follow-up in 30 days.,0
CUST_002088,Female,51,North,Partner,One year,Direct debit,Standard,DSL,Standard,63,56.65,3480.59,162.7,386,0,60.0,61.0,2,1,1,19.0,All services working as expected; thank you note received. Routine follow-up in 30 days.,1
CUST_002089,Male,43,South,Partner,Month-to-month,Bank transfer,Basic,Fibre,Standard,54,49.97,,153.8,515,0,164.4,14.0,1,1,0,0.0,Customer satisfied with service; routine check completed. Continue monitoring.,0
CUST_002090,Female,58,North,Organic,Two year,Credit card,Basic,Fibre,Standard,70,54.17,3836.47,255.5,631,1,273.6,21.0,0,0,0,0.0,All services working as expected; thank you note received. Feedback recorded.,0
CUST_002091,Female,28,East,Organic,Month-to-month,Direct debit,Basic,5G_FWA,Standard,18,49.88,1046.0,141.9,205,0,109.3,33.0,0,0,0,0.0,Account stable; no issues reported. Routine follow-up in 30 days.,1
CUST_002092,Female,37,West,Organic,One year,Direct debit,Basic,Fibre,Standard,13,41.99,,202.2,431,2,100.3,14.0,2,1,0,0.0,No recent problems; user happy with plan. Feedback recorded.,0
CUST_002093,Female,49,South,Organic,One year,Direct debit,Basic,Fibre,Standard,11,53.86,587.84,305.0,536,0,214.9,22.0,1,0,1,8.6,All services working as expected; thank you note received. Feedback recorded.,0
CUST_002094,Female,41,East,Organic,Two year,Credit card,Standard,DSL,Standard,9,61.34,437.48,133.1,316,1,65.7,45.0,1,0,0,0.0,No recent problems; user happy with plan. Continue monitoring.,0
CUST_002095,Female,41,West,Paid Search,Two year,Bank transfer,Basic,DSL,Standard,32,47.37,1475.48,53.7,178,0,14.3,34.0,0,1,1,22.8,All services working as expected; thank you note received. No action required.,0
CUST_002096,Female,24,North,Referral,Month-to-month,Credit card,Premium,Fibre,Standard,71,103.06,6924.51,355.9,258,0,98.1,26.0,2,1,1,5.2,Account stable; no issues reported. No action required.,1
CUST_002097,Female,30,South,Partner,Month-to-month,Credit card,Standard,None,Standard,22,58.47,1254.65,0.0,307,0,10.6,60.0,1,0,0,0.0,Customer satisfied with service; routine check completed. Routine follow-up in 30 days.,1
CUST_002098,NonBinary,47,North,Organic,Month-to-month,Direct debit,Standard,Fibre,Standard,29,67.69,1941.82,252.7,64,0,271.4,13.0,0,0,0,0.0,Customer satisfied with service; routine check completed. Feedback recorded.,0
CUST_002099,Male,27,South,Social,Month-to-month,Credit card,Standard,DSL,Standard,1,57.59,237.91,21.1,153,0,50.7,56.0,2,2,0,0.0,Account stable; no issues reported. No action required.,0
CUST_002100,Female,38,West,Partner,Month-to-month,Bank transfer,Standard,Fibre,Priority,12,83.96,1019.72,306.5,864,2,117.2,16.0,3,1,0,0.0,No recent problems; user happy with plan. No action required.,1
CUST_002101,Female,32,North,Paid Search,Month-to-month,Direct debit,Basic,5G_FWA,Standard,1,56.52,300.14,84.4,530,0,171.0,44.0,1,0,0,0.0,Customer satisfied with service; routine check completed. Continue monitoring.,0
CUST_002102,Female,38,West,Social,Month-to-month,Bank transfer,Standard,Fibre,Standard,24,62.28,1604.67,268.7,580,2,,12.0,0,1,0,0.0,All services working as expected; thank you note received. Feedback recorded.,0
CUST_002103,Female,52,North,Organic,Month-to-month,Direct debit,Basic,DSL,Standard,70,46.15,3264.03,72.8,710,1,36.2,32.0,2,0,0,0.0,Customer satisfied with service; routine check completed. Feedback recorded.,0
CUST_002104,Female,31,South,Organic,Two year,Direct debit,Premium,5G_FWA,Priority,72,94.58,6622.76,284.7,1058,1,119.8,24.0,2,0,0,0.0,Account stable; no issues reported. Continue monitoring.,0
CUST_002105,Male,48,East,Referral,Month-to-month,Direct debit,Premium,DSL,Priority,17,89.18,1144.9,146.0,378,1,48.5,43.0,1,1,1,7.3,Account stable; no issues reported. Continue monitoring.,0
CUST_002106,Male,34,North,Organic,One year,Direct debit,Standard,DSL,Standard,59,81.99,4940.22,19.2,270,0,63.4,21.0,1,0,1,14.5,No recent problems; user happy with plan. Feedback recorded.,0
CUST_002107,Female,52,West,Organic,Month-to-month,Direct debit,Basic,Fibre,Priority,21,,1601.92,356.8,797,1,120.4,17.0,0,0,0,0.0,Account stable; no issues reported. Routine follow-up in 30 days.,0
CUST_002108,Male,42,East,Social,Month-to-month,Credit card,Standard,DSL,Standard,24,58.34,1435.18,102.0,343,1,54.4,40.0,0,0,0,0.0,Customer satisfied with service; routine check completed. Routine follow-up in 30 days.,0
CUST_002109,Female,38,East,Social,Two year,Credit card,Basic,5G_FWA,Standard,63,54.23,3674.93,17.5,390,1,183.5,43.0,2,2,0,0.0,All services working as expected; thank you note received. No action required.,0
CUST_002110,Female,39,East,Organic,Month-to-month,Direct debit,Standard,Fibre,Standard,36,79.5,2803.78,233.6,316,1,180.9,28.0,1,1,0,0.0,No recent problems; user happy with plan. Continue monitoring.,0
CUST_002111,Female,24,North,Referral,Month-to-month,Cash,Standard,None,Standard,26,59.61,1505.59,22.2,597,1,8.5,57.0,1,0,0,0.0,No recent problems; user happy with plan. No action required.,0
CUST_002112,Male,36,East,Partner,Month-to-month,Bank transfer,Premium,Fibre,Priority,8,112.91,909.48,229.1,222,1,161.0,24.0,2,1,1,12.7,All services working as expected; thank you note received. No action required.,1
CUST_002113,Female,40,East,Organic,Month-to-month,Cash,Basic,DSL,Standard,35,47.23,1726.57,103.3,604,0,29.1,54.0,2,0,1,13.3,No recent problems; user happy with plan. Continue monitoring.,0
CUST_002114,Male,47,West,Paid Search,Two year,Direct debit,Standard,DSL,Priority,71,72.81,5114.33,142.0,639,1,12.3,49.0,1,1,0,0.0,Account stable; no issues reported. Feedback recorded.,0
CUST_002115,Male,33,West,Referral,Month-to-month,Direct debit,Standard,Fibre,Standard,31,77.32,2392.35,304.3,317,0,251.4,20.0,2,0,1,10.6,No recent problems; user happy with plan. Routine follow-up in 30 days.,0
CUST_002116,Male,25,East,Paid Search,One year,Direct debit,Premium,5G_FWA,Standard,59,96.35,5723.49,178.7,449,1,124.0,35.0,0,1,0,0.0,Customer satisfied with service; routine check completed. Feedback recorded.,0
CUST_002117,Male,43,South,Social,Month-to-month,Credit card,Premium,DSL,Standard,14,77.64,1174.54,153.6,542,1,36.0,44.0,1,0,0,0.0,All services working as expected; thank you note received. Continue monitoring.,1
CUST_002118,Male,56,North,Organic,Month-to-month,Credit card,Standard,Fibre,Standard,69,85.31,5929.4,220.7,458,0,142.6,24.0,1,0,0,0.0,Customer satisfied with service; routine check completed. Feedback recorded.,0
CUST_002119,Female,67,East,Partner,Two year,Direct debit,Premium,DSL,Standard,36,82.06,2786.01,208.3,408,0,45.7,38.0,0,0,0,0.0,Customer satisfied with service; routine check completed. Feedback recorded.,0
CUST_002120,Female,48,North,Organic,One year,Direct debit,Standard,Fibre,Standard,4,81.53,,192.6,606,0,336.6,7.0,2,0,1,19.3,Customer satisfied with service; routine check completed. No action required.,0
CUST_002121,Female,40,West,Paid Search,Two year,Direct debit,Standard,Fibre,Standard,57,78.98,4474.9,353.9,932,1,193.7,25.0,0,1,0,0.0,Account stable; no issues reported. Continue monitoring.,0
CUST_002122,Male,36,East,Organic,Month-to-month,Credit card,Basic,5G_FWA,Priority,7,54.99,555.95,139.5,858,3,174.7,32.0,3,0,0,0.0,Speed occasionally slow at peak times; suggested troubleshooting. Monitor for 7 days.,1
CUST_002123,Female,41,South,Organic,Two year,Credit card,Basic,DSL,Standard,71,60.93,4562.87,101.8,547,0,37.5,39.0,0,0,0,0.0,Account stable; no issues reported. Feedback recorded.,0
CUST_002124,Male,37,East,Partner,Month-to-month,Credit card,Basic,DSL,Priority,50,47.56,2086.68,143.6,286,2,34.0,30.0,1,1,1,10.5,Account stable; no issues reported. Feedback recorded.,0
CUST_002125,Female,49,South,Referral,Month-to-month,Bank transfer,Premium,Fibre,Standard,42,102.76,4434.73,322.9,424,0,306.7,10.0,1,0,0,0.0,Account stable; no issues reported. Routine follow-up in 30 days.,0
CUST_002126,Female,56,East,Organic,Two year,Direct debit,Standard,DSL,Standard,58,57.32,3517.0,134.5,214,0,45.6,49.0,3,0,1,24.4,All services working as expected; thank you note received. Feedback recorded.,0
CUST_002127,Male,43,South,Referral,One year,Bank transfer,Standard,5G_FWA,Standard,62,80.9,5107.97,234.9,512,0,119.4,32.0,0,0,1,20.2,No recent problems; user happy with plan. Continue monitoring.,0
CUST_002128,Male,40,West,Social,Month-to-month,Bank transfer,Basic,Fibre,Standard,62,50.5,3093.32,282.4,374,1,,17.0,1,0,1,24.5,Account stable; no issues reported. No action required.,0
CUST_002129,Male,30,South,Referral,Month-to-month,Credit card,Standard,Fibre,Standard,6,77.66,580.67,194.5,579,0,260.6,19.0,0,0,1,7.7,All services working as expected; thank you note received. Feedback recorded.,0
CUST_002130,Female,57,North,Organic,Month-to-month,Direct debit,Basic,Fibre,Standard,15,55.82,782.63,197.9,680,2,356.0,10.0,1,0,1,9.8,Customer satisfied with service; routine check completed. Routine follow-up in 30 days.,0
CUST_002131,Male,18,North,Paid Search,Month-to-month,Direct debit,Premium,None,Priority,21,85.01,2005.16,94.0,296,0,5.7,62.0,0,0,1,18.5,No recent problems; user happy with plan. Feedback recorded.,1
CUST_002132,Male,31,West,Social,One year,Direct debit,Premium,Fibre,Standard,71,107.75,7817.07,354.3,238,0,138.6,7.0,0,0,0,0.0,All services working as expected; thank you note received. No action required.,0
CUST_002133,Female,46,West,Organic,Month-to-month,Credit card,Premium,Fibre,Priority,4,126.4,470.97,243.9,409,0,167.5,10.0,0,1,1,16.6,Account stable; no issues reported. No action required.,0
CUST_002134,Male,29,South,Organic,Month-to-month,Direct debit,Premium,DSL,Standard,40,90.42,3584.64,118.5,411,1,32.0,52.0,1,0,1,9.7,Account stable; no issues reported. Feedback recorded.,0
CUST_002135,Male,23,South,Organic,Month-to-month,Direct debit,Standard,Fibre,Standard,16,70.32,905.61,274.2,571,1,198.1,19.0,1,2,1,16.9,Account stable; no issues reported. Routine follow-up in 30 days.,0
CUST_002136,Female,33,East,Organic,Month-to-month,Credit card,Premium,Fibre,Standard,68,95.51,6607.2,277.9,468,0,218.6,21.0,0,1,1,16.3,All services working as expected; thank you note received. Feedback recorded.,0
CUST_002137,Male,20,South,Organic,Month-to-month,Credit card,Standard,Fibre,Priority,45,84.72,3708.32,291.4,810,2,128.1,25.0,2,0,1,12.6,Account stable; no issues reported. Continue monitoring.,0
CUST_002138,Female,42,South,Paid Search,One year,Credit card,Basic,DSL,Standard,49,37.6,1694.46,56.4,583,0,60.4,66.0,2,2,0,0.0,Customer mentioned intermittent issues; advised restart and monitoring. Ticket logged.,1
CUST_002139,Female,34,South,Organic,Month-to-month,Credit card,Basic,Fibre,Standard,59,59.2,3549.01,319.4,182,0,226.3,7.0,2,0,0,0.0,All services working as expected; thank you note received. No action required.,0
CUST_002140,Male,57,East,Organic,One year,Direct debit,Standard,Fibre,Standard,11,65.12,631.2,327.3,536,0,157.6,19.0,0,0,1,7.7,All services working as expected; thank you note received. Continue monitoring.,0
CUST_002141,Male,30,South,Paid Search,One year,Credit card,Standard,Fibre,Standard,21,77.44,1653.35,175.1,588,1,178.2,14.0,2,0,0,0.0,All services working as expected; thank you note received. Continue monitoring.,0
CUST_002142,Male,39,North,Referral,Month-to-month,Bank transfer,Basic,Fibre,Priority,71,64.05,4480.83,283.6,510,1,212.9,11.0,1,1,1,13.3,No recent problems; user happy with plan. Feedback recorded.,0
CUST_002143,Female,51,South,Partner,Month-to-month,Credit card,Premium,Fibre,Standard,4,109.69,348.79,,380,1,227.3,20.0,2,1,1,22.8,All services working as expected; thank you note received. No action required.,0
CUST_002144,Male,52,West,Organic,Month-to-month,Credit card,Standard,None,Standard,28,51.58,1466.69,0.0,915,3,14.8,47.0,1,2,1,21.9,Account stable; no issues reported. Feedback recorded.,0
CUST_002145,Female,29,West,Organic,Month-to-month,Bank transfer,Standard,Fibre,Standard,2,69.43,0.0,251.0,605,2,226.4,18.0,2,0,1,12.2,Account stable; no issues reported. No action required.,0
CUST_002146,Male,49,North,Organic,Month-to-month,Credit card,Premium,Fibre,Standard,43,101.7,4294.81,246.0,531,2,326.1,19.0,3,1,0,0.0,All services working as expected; thank you note received. Routine follow-up in 30 days.,0
CUST_002147,Male,49,East,Organic,One year,Credit card,Premium,Fibre,Standard,0,93.84,158.76,265.5,672,2,191.1,16.0,2,3,0,0.0,Customer satisfied with service; routine check completed. Continue monitoring.,0
CUST_002148,Male,53,North,Partner,Two year,Direct debit,Basic,Fibre,Priority,54,62.86,3406.78,224.9,750,0,216.0,18.0,0,0,1,9.2,Customer satisfied with service; routine check completed. Feedback recorded.,0
CUST_002149,Male,33,South,Paid Search,Month-to-month,Direct debit,Standard,5G_FWA,Standard,52,87.45,4580.98,237.3,403,0,,44.0,1,1,1,7.1,Customer satisfied with service; routine check completed. No action required.,0
CUST_002150,Female,46,East,Paid Search,Month-to-month,Direct debit,Standard,Fibre,Standard,37,76.06,2896.88,283.8,456,0,294.0,13.0,1,0,1,12.7,No recent problems; user happy with plan. No action required.,0
CUST_002151,Female,44,North,Organic,Month-to-month,Direct debit,Premium,None,Standard,61,83.14,4939.43,44.5,1015,5,6.8,70.0,4,3,0,0.0,Billing query raised; resolved via support. Ticket logged.,1
CUST_002152,Male,41,East,Organic,Two year,Direct debit,Premium,DSL,Standard,38,95.81,3723.13,173.7,773,1,43.5,30.0,0,0,1,12.0,Customer satisfied with service; routine check completed. Continue monitoring.,0
CUST_002153,Female,38,West,Partner,Month-to-month,Credit card,Premium,Fibre,Priority,14,112.33,1437.52,287.4,211,0,247.4,15.0,0,0,1,10.7,No recent problems; user happy with plan. Routine follow-up in 30 days.,0
CUST_002154,Male,55,South,Paid Search,One year,Direct debit,Standard,DSL,Priority,34,68.41,2491.11,175.4,497,1,41.6,61.0,0,0,0,0.0,All services working as expected; thank you note received. Feedback recorded.,0
CUST_002155,Male,42,North,Paid Search,Month-to-month,Credit card,Basic,DSL,Standard,46,48.54,2177.75,27.6,844,2,49.9,69.0,3,2,0,0.0,Customer mentioned intermittent issues; advised restart and monitoring. Ticket logged.,1
CUST_002156,Female,54,West,Partner,Two year,Credit card,Standard,Fibre,Standard,49,83.28,4066.42,206.9,758,1,77.2,12.0,3,2,0,0.0,Customer satisfied with service; routine check completed. No action required.,0
CUST_002157,NonBinary,28,North,Referral,Month-to-month,Cash,Standard,Fibre,Priority,59,74.84,4191.66,305.6,689,2,148.2,23.0,2,1,1,20.3,All services working as expected; thank you note received. No action required.,0
CUST_002158,Male,26,East,Referral,Month-to-month,Credit card,Standard,DSL,Standard,17,68.72,1147.99,65.3,912,1,60.5,28.0,2,0,1,19.0,All services working as expected; thank you note received. No action required.,0
CUST_002159,Female,30,West,Social,One year,Direct debit,Premium,DSL,Standard,9,82.12,754.47,210.1,313,0,58.6,31.0,2,1,0,0.0,All services working as expected; thank you note received. Feedback recorded.,0
CUST_002160,Male,43,West,Referral,Month-to-month,Bank transfer,Premium,5G_FWA,Standard,61,95.77,6011.59,287.3,399,0,162.8,47.0,1,0,0,0.0,Customer satisfied with service; routine check completed. Feedback recorded.,1
CUST_002161,Female,20,West,Organic,Month-to-month,Credit card,Standard,5G_FWA,Standard,34,68.81,2244.59,178.5,381,0,153.1,36.0,0,0,0,0.0,All services working as expected; thank you note received. Feedback recorded.,0
CUST_002162,Male,24,North,Referral,Month-to-month,Bank transfer,Standard,Fibre,Standard,48,69.77,3304.44,156.1,376,1,210.6,15.0,3,1,1,13.8,No recent problems; user happy with plan. Continue monitoring.,1
CUST_002163,Female,18,North,Organic,Month-to-month,Bank transfer,Standard,Fibre,Priority,24,80.37,1850.83,207.8,559,1,275.2,10.0,1,0,0,0.0,Customer satisfied with service; routine check completed. Feedback recorded.,0
CUST_002164,Male,38,South,Social,One year,Bank transfer,Premium,Fibre,Standard,66,99.83,6652.77,169.3,468,1,292.4,7.0,3,0,0,0.0,All services working as expected; thank you note received. Continue monitoring.,0
CUST_002165,Male,49,East,Paid Search,One year,Direct debit,Basic,Fibre,Standard,18,44.96,862.55,296.5,300,0,186.3,17.0,0,2,1,14.4,Customer satisfied with service; routine check completed. Continue monitoring.,0
CUST_002166,Female,18,West,Organic,Month-to-month,Direct debit,Premium,5G_FWA,Standard,10,103.66,1164.92,283.6,470,4,123.0,20.0,1,0,1,7.3,Customer satisfied with service; routine check completed. No action required.,0
CUST_002167,Male,40,North,Organic,Two year,Credit card,Basic,DSL,Standard,20,52.93,949.14,27.7,619,0,27.1,40.0,3,2,0,0.0,Customer satisfied with service; routine check completed. Continue monitoring.,0
CUST_002168,Female,30,West,Paid Search,Month-to-month,Direct debit,Premium,DSL,Standard,16,79.51,1103.87,167.7,836,0,38.2,41.0,0,2,0,0.0,Customer satisfied with service; routine check completed. No action required.,0
CUST_002169,Female,34,South,Organic,Month-to-month,Direct debit,Basic,Fibre,Standard,48,63.86,3017.6,234.7,622,0,251.1,25.0,0,0,1,22.2,Account stable; no issues reported. Routine follow-up in 30 days.,0
CUST_002170,Male,18,East,Referral,Month-to-month,Direct debit,Basic,5G_FWA,Standard,68,64.53,4352.75,139.5,670,1,114.8,33.0,1,1,1,22.8,All services working as expected; thank you note received. No action required.,0
CUST_002171,Female,40,South,Social,Two year,Credit card,Standard,5G_FWA,Standard,61,86.39,5251.22,240.1,472,0,109.8,25.0,1,0,1,8.8,Account stable; no issues reported. Continue monitoring.,0
CUST_002172,Male,22,North,Referral,One year,Direct debit,Premium,Fibre,Standard,34,,3538.68,382.2,491,2,177.5,24.0,0,0,1,10.6,No recent problems; user happy with plan. Continue monitoring.,0
CUST_002173,Female,50,South,Paid Search,One year,Bank transfer,Basic,Fibre,Standard,28,50.65,1412.95,265.1,105,0,256.0,24.0,1,1,0,0.0,Account stable; no issues reported. Continue monitoring.,0
CUST_002174,Female,52,North,Partner,Two year,Direct debit,Basic,Fibre,Standard,46,61.94,,130.4,390,1,225.7,18.0,1,0,1,23.6,Account stable; no issues reported. Continue monitoring.,0
CUST_002175,Female,47,West,Organic,One year,Credit card,Standard,Fibre,Standard,67,76.5,5027.8,254.0,678,0,230.3,16.0,3,4,0,0.0,Customer satisfied with service; routine check completed. Continue monitoring.,0
CUST_002176,Male,18,South,Partner,One year,Direct debit,Basic,None,Standard,18,42.84,665.49,84.9,705,3,5.6,91.0,1,0,1,7.2,All services working as expected; thank you note received. Routine follow-up in 30 days.,0
CUST_002177,Female,49,West,Paid Search,One year,Credit card,Standard,5G_FWA,Standard,14,78.11,1045.88,142.4,160,0,217.4,6.0,1,0,1,13.8,Customer satisfied with service; routine check completed. Routine follow-up in 30 days.,1
CUST_002178,Male,56,South,Organic,Two year,Direct debit,Premium,DSL,Standard,68,77.24,5606.83,197.6,575,1,74.3,49.0,0,0,1,15.7,All services working as expected; thank you note received. No action required.,0
CUST_002179,Male,36,North,Organic,Month-to-month,Bank transfer,Standard,Fibre,Standard,61,86.5,5285.97,175.3,297,1,243.8,19.0,3,2,1,6.3,Account stable; no issues reported. No action required.,0
CUST_002180,Male,55,East,Partner,Two year,Credit card,Standard,None,Standard,24,57.98,1419.83,55.3,326,0,11.8,75.0,2,1,0,0.0,Customer satisfied with service; routine check completed. Continue monitoring.,0
CUST_002181,Male,53,East,Organic,One year,Bank transfer,Standard,DSL,Standard,4,58.31,127.9,29.4,30,1,51.3,33.0,3,2,0,0.0,Customer requested plan review; offered options. Ticket logged.,1
CUST_002182,Male,52,East,Partner,One year,Direct debit,Standard,DSL,Priority,36,75.09,2772.06,224.7,580,4,43.4,34.0,1,1,0,0.0,Account stable; no issues reported. Routine follow-up in 30 days.,0
CUST_002183,Female,40,West,Social,Two year,Direct debit,Standard,DSL,Priority,71,68.06,4917.92,149.2,866,0,52.6,49.0,0,1,1,10.4,Customer satisfied with service; routine check completed. Feedback recorded.,0
CUST_002184,Male,51,West,Paid Search,Month-to-month,Direct debit,Premium,Fibre,Priority,13,106.4,1587.91,342.6,605,0,270.6,8.0,2,0,0,0.0,Customer satisfied with service; routine check completed. Feedback recorded.,0
CUST_002185,Male,31,South,Partner,Month-to-month,Credit card,Standard,5G_FWA,Standard,3,67.75,408.17,178.8,461,0,167.6,33.0,0,0,0,0.0,No recent problems; user happy with plan. Feedback recorded.,0
CUST_002186,Male,38,West,Partner,One year,Direct debit,Standard,Fibre,Standard,37,77.8,3158.6,170.2,504,0,275.2,18.0,0,1,1,21.3,No recent problems; user happy with plan. Continue monitoring.,0
CUST_002187,Female,30,South,Organic,Month-to-month,Direct debit,Standard,Fibre,Priority,28,98.44,2720.51,218.3,432,0,254.0,24.0,2,0,0,0.0,Account stable; no issues reported. Routine follow-up in 30 days.,0
CUST_002188,Male,36,West,Organic,Month-to-month,Credit card,Standard,5G_FWA,Standard,12,76.04,883.74,206.0,522,0,134.8,34.0,4,0,0,0.0,All services working as expected; thank you note received. No action required.,0
CUST_002189,Female,46,East,Paid Search,Month-to-month,Credit card,Standard,Fibre,Standard,27,78.2,2034.19,225.9,846,2,191.3,6.0,2,0,0,0.0,Customer satisfied with service; routine check completed. Routine follow-up in 30 days.,0
CUST_002190,Male,62,West,Paid Search,Month-to-month,Bank transfer,Standard,DSL,Standard,71,59.67,4323.46,31.8,396,1,57.5,40.0,0,1,0,0.0,Account stable; no issues reported. No action required.,0
CUST_002191,Female,55,North,Partner,Month-to-month,Direct debit,Premium,Fibre,Standard,63,101.42,6765.15,300.9,377,1,210.7,19.0,1,3,0,0.0,Account stable; no issues reported. No action required.,0
CUST_002192,Female,20,North,Organic,Month-to-month,Direct debit,Standard,Fibre,Priority,6,91.48,663.67,287.9,498,0,187.8,21.0,1,0,0,0.0,All services working as expected; thank you note received. No action required.,0
CUST_002193,Female,27,West,Referral,Month-to-month,Bank transfer,Premium,DSL,Priority,20,96.72,2240.68,209.6,846,1,44.3,33.0,0,0,0,0.0,Account stable; no issues reported. Feedback recorded.,0
CUST_002194,Female,38,South,Referral,Month-to-month,Cash,Standard,DSL,Standard,2,65.89,11.91,97.5,259,1,78.3,50.0,0,1,0,0.0,All services working as expected; thank you note received. Routine follow-up in 30 days.,1
CUST_002195,Female,20,East,Organic,Two year,Bank transfer,Standard,DSL,Standard,38,64.09,2399.41,,396,0,48.0,38.0,0,0,0,0.0,No recent problems; user happy with plan. Continue monitoring.,1
CUST_002196,Male,25,West,Paid Search,One year,Bank transfer,Standard,5G_FWA,Standard,10,63.9,587.2,214.9,719,0,144.3,41.0,0,1,0,0.0,Customer satisfied with service; routine check completed. Feedback recorded.,0
CUST_002197,Female,22,South,Social,Month-to-month,Direct debit,Standard,None,Standard,7,58.23,537.12,99.3,255,0,1.0,80.0,0,0,0,0.0,Customer satisfied with service; routine check completed. Continue monitoring.,1
CUST_002198,Male,36,South,Organic,Month-to-month,Direct debit,Standard,5G_FWA,Priority,56,82.49,4592.19,209.8,454,0,131.2,18.0,1,1,1,20.6,No recent problems; user happy with plan. Routine follow-up in 30 days.,0
CUST_002199,Male,35,North,Organic,Month-to-month,Credit card,Basic,DSL,Standard,8,48.99,547.71,33.8,524,1,61.2,55.0,1,1,1,22.1,Account stable; no issues reported. Continue monitoring.,0
CUST_002200,Male,49,North,Paid Search,Month-to-month,Direct debit,Premium,DSL,Standard,24,75.81,1877.76,153.5,653,0,45.5,26.0,1,0,1,22.1,No recent problems; user happy with plan. No action required.,0
CUST_002201,Male,35,East,Social,Month-to-month,Credit card,Standard,Fibre,Standard,25,69.66,1659.64,288.3,77,0,194.9,8.0,0,0,0,0.0,No recent problems; user happy with plan. Feedback recorded.,0
CUST_002202,Male,31,East,Organic,Month-to-month,Direct debit,Basic,Fibre,Standard,4,63.15,,272.9,747,3,234.6,21.0,0,1,0,0.0,Account stable; no issues reported. Feedback recorded.,0
CUST_002203,Female,18,West,Social,Month-to-month,Direct debit,Standard,Fibre,Standard,46,75.15,3659.59,218.1,747,0,319.3,22.0,1,1,0,0.0,Account stable; no issues reported. Feedback recorded.,0
CUST_002204,Female,51,East,Paid Search,Two year,Direct debit,Standard,Fibre,Standard,23,76.58,1866.21,254.3,558,2,233.9,31.0,4,2,1,22.4,All services working as expected; thank you note received. Continue monitoring.,0
CUST_002205,Female,38,East,Paid Search,Month-to-month,Credit card,Standard,DSL,Standard,64,62.97,3998.15,138.1,396,0,40.4,60.0,0,0,1,6.8,No recent problems; user happy with plan. No action required.,1
CUST_002206,Male,35,South,Referral,Month-to-month,Direct debit,Basic,Fibre,Standard,0,55.82,0.0,203.5,369,1,192.0,19.0,0,1,1,24.2,All services working as expected; thank you note received. No action required.,1
CUST_002207,Male,41,East,Paid Search,Month-to-month,Direct debit,Standard,DSL,Standard,11,59.46,709.27,207.1,427,0,35.0,61.0,1,2,0,0.0,Billing query raised; resolved via support. Follow-up recommended.,1
CUST_002208,Female,24,West,Organic,Two year,Direct debit,Premium,5G_FWA,Standard,16,95.74,1420.54,278.2,707,2,218.5,49.0,2,1,0,0.0,No recent problems; user happy with plan. Routine follow-up in 30 days.,0
CUST_002209,Male,37,North,Paid Search,Two year,Credit card,Standard,Fibre,Standard,25,77.77,1893.31,216.7,375,0,226.0,13.0,0,0,0,0.0,Account stable; no issues reported. No action required.,0
CUST_002210,Female,60,North,Organic,Month-to-month,Credit card,Standard,5G_FWA,Standard,28,74.38,1998.54,94.8,431,0,192.2,28.0,2,1,0,0.0,All services working as expected; thank you note received. Feedback recorded.,0
CUST_002211,Female,26,East,Social,Month-to-month,Direct debit,Basic,DSL,Standard,0,45.49,0.0,122.0,620,0,27.3,40.0,2,0,1,10.9,Account stable; no issues reported. Continue monitoring.,1
CUST_002212,Female,42,South,Paid Search,Month-to-month,Direct debit,Standard,Fibre,Priority,40,78.01,3024.43,240.2,661,1,202.0,29.0,1,1,0,0.0,Customer satisfied with service; routine check completed. No action required.,0
CUST_002213,Female,53,South,Organic,Month-to-month,Direct debit,Premium,Fibre,Priority,40,104.99,4167.38,197.6,362,0,109.5,29.0,0,0,1,18.5,No recent problems; user happy with plan. Continue monitoring.,0
CUST_002214,Female,58,West,Organic,Month-to-month,Credit card,Standard,Fibre,Priority,67,83.28,5600.59,333.0,466,0,160.6,9.0,1,0,1,13.7,No recent problems; user happy with plan. Feedback recorded.,0
CUST_002215,Male,19,North,Organic,Month-to-month,Direct debit,Basic,Fibre,Standard,55,61.74,3387.08,215.8,459,0,220.2,17.0,2,0,0,0.0,All services working as expected; thank you note received. Routine follow-up in 30 days.,0
CUST_002216,Male,45,South,Paid Search,Month-to-month,Direct debit,Basic,5G_FWA,Standard,2,65.14,126.8,126.2,725,2,75.1,21.0,1,0,0,0.0,All services working as expected; thank you note received. Feedback recorded.,0
CUST_002217,Male,22,North,Organic,Month-to-month,Credit card,Standard,Fibre,Standard,35,68.55,2266.69,235.4,647,0,191.7,18.0,4,0,1,9.6,All services working as expected; thank you note received. Continue monitoring.,1
CUST_002218,Female,47,North,Paid Search,One year,Direct debit,Basic,Fibre,Standard,48,48.07,2223.72,206.3,816,1,167.7,15.0,2,0,0,0.0,All services working as expected; thank you note received. No action required.,0
CUST_002219,Male,45,East,Paid Search,Two year,Bank transfer,Standard,Fibre,Standard,54,70.55,3948.96,325.3,270,1,297.7,25.0,1,0,1,8.6,No recent problems; user happy with plan. Feedback recorded.,0
CUST_002220,Male,22,South,Paid Search,One year,Direct debit,Standard,DSL,Priority,39,73.42,3037.5,8.7,360,0,71.7,43.0,2,2,0,0.0,Customer satisfied with service; routine check completed. No action required.,0
CUST_002221,Female,32,South,Paid Search,Month-to-month,Cash,Standard,Fibre,Priority,12,86.88,889.16,229.4,709,0,287.4,18.0,0,0,1,7.4,No recent problems; user happy with plan. Feedback recorded.,1
CUST_002222,Male,18,South,Organic,One year,Direct debit,Premium,None,Priority,4,88.74,343.46,75.4,571,1,6.2,46.0,0,0,0,0.0,No recent problems; user happy with plan. Routine follow-up in 30 days.,1
CUST_002223,Female,59,South,Paid Search,Month-to-month,Credit card,Standard,Fibre,Standard,65,75.45,4945.53,229.1,539,1,204.0,18.0,2,0,0,0.0,All services working as expected; thank you note received. Feedback recorded.,0
CUST_002224,Male,43,North,Social,One year,Direct debit,Premium,Fibre,Standard,7,87.34,424.79,274.4,637,1,151.0,22.0,1,1,0,0.0,Account stable; no issues reported. Feedback recorded.,0
CUST_002225,Male,37,South,Organic,Month-to-month,Bank transfer,Premium,Fibre,Standard,45,97.77,4592.98,323.0,614,1,303.4,16.0,1,0,0,0.0,All services working as expected; thank you note received. Routine follow-up in 30 days.,0
CUST_002226,Male,18,North,Paid Search,Month-to-month,Credit card,Standard,5G_FWA,Standard,70,69.79,4785.82,188.0,270,0,223.2,49.0,1,0,0,0.0,Account stable; no issues reported. Continue monitoring.,0
CUST_002227,Male,36,East,Paid Search,Two year,Direct debit,Basic,5G_FWA,Standard,52,58.13,3042.09,106.2,682,1,123.9,12.0,0,0,1,11.0,Account stable; no issues reported. Continue monitoring.,0
CUST_002228,Female,50,South,Organic,One year,Bank transfer,Premium,DSL,Priority,0,87.29,196.9,246.4,483,1,47.8,45.0,2,0,0,0.0,All services working as expected; thank you note received. Continue monitoring.,1
CUST_002229,Male,34,South,Paid Search,Month-to-month,Direct debit,Premium,Fibre,Standard,32,88.87,2737.62,239.8,798,2,177.0,32.0,1,0,1,19.4,Customer satisfied with service; routine check completed. No action required.,0
CUST_002230,Male,37,East,Organic,Month-to-month,Bank transfer,Standard,Fibre,Standard,48,81.78,4007.08,309.6,535,2,87.9,6.0,1,1,1,7.2,All services working as expected; thank you note received. Feedback recorded.,0
CUST_002231,Female,49,West,Organic,One year,Direct debit,Basic,Fibre,Priority,45,71.6,3153.17,219.8,542,1,264.7,19.0,1,0,1,18.0,Account stable; no issues reported. No action required.,0
CUST_002232,Male,18,North,Paid Search,One year,Credit card,Premium,None,Priority,58,75.01,4362.09,39.5,598,0,11.7,42.0,0,0,1,17.1,Customer satisfied with service; routine check completed. Continue monitoring.,0
CUST_002233,Male,47,East,Paid Search,Two year,Credit card,Standard,Fibre,Standard,18,74.64,1186.25,288.7,108,0,201.6,6.0,2,1,0,0.0,Account stable; no issues reported. Feedback recorded.,0
CUST_002234,Female,33,West,Partner,Month-to-month,Credit card,Standard,5G_FWA,Standard,46,72.88,3319.13,275.3,650,0,141.9,30.0,2,1,1,13.3,No recent problems; user happy with plan. Routine follow-up in 30 days.,0
CUST_002235,Female,42,East,Referral,Month-to-month,Direct debit,Standard,Fibre,Standard,56,70.34,3944.26,309.5,543,1,141.4,23.0,2,1,1,21.9,All services working as expected; thank you note received. Feedback recorded.,0
CUST_002236,Female,37,East,Organic,Month-to-month,Credit card,Standard,Fibre,Standard,50,84.0,4178.04,295.6,784,1,200.7,10.0,4,1,0,0.0,Account stable; no issues reported. Routine follow-up in 30 days.,0
CUST_002237,Male,46,East,Referral,One year,Credit card,Basic,Fibre,Standard,34,46.85,1627.52,298.9,470,0,129.6,19.0,0,0,0,0.0,No recent problems; user happy with plan. Routine follow-up in 30 days.,0
CUST_002238,Male,27,East,Referral,Month-to-month,Credit card,Standard,5G_FWA,Standard,39,74.78,2933.59,158.8,817,3,33.9,25.0,2,1,0,0.0,All services working as expected; thank you note received. Routine follow-up in 30 days.,0
CUST_002239,Male,34,East,Paid Search,One year,Cash,Standard,5G_FWA,Standard,42,83.8,3750.98,212.6,317,0,200.7,22.0,1,0,0,0.0,Customer satisfied with service; routine check completed. No action required.,0
CUST_002240,Female,43,East,Organic,Month-to-month,Credit card,Premium,DSL,Standard,51,71.36,3542.45,150.6,574,0,38.5,38.0,2,1,0,0.0,Account stable; no issues reported. No action required.,0
CUST_002241,Male,38,North,Organic,One year,Direct debit,Standard,Fibre,Standard,27,73.45,2176.78,228.2,545,2,159.1,20.0,2,1,0,0.0,No recent problems; user happy with plan. No action required.,0
CUST_002242,Male,30,South,Paid Search,One year,Credit card,Premium,Fibre,Priority,11,102.54,1140.6,337.1,752,1,176.0,15.0,3,2,0,0.0,All services working as expected; thank you note received. Continue monitoring.,0
CUST_002243,Male,53,South,Social,Month-to-month,Credit card,Standard,Fibre,Priority,5,92.3,134.15,153.2,529,3,240.1,25.0,0,0,0,0.0,No recent problems; user happy with plan. Feedback recorded.,0
CUST_002244,Female,41,West,Paid Search,Month-to-month,Direct debit,Premium,Fibre,Priority,23,86.16,1972.19,,915,1,166.4,11.0,1,0,1,17.9,Customer satisfied with service; routine check completed. Routine follow-up in 30 days.,0
CUST_002245,Female,18,South,Paid Search,One year,Credit card,Standard,5G_FWA,Standard,13,88.78,891.3,189.4,360,1,10.7,19.0,0,2,0,0.0,Account stable; no issues reported. Feedback recorded.,1
CUST_002246,Female,27,East,Organic,Two year,Direct debit,Standard,DSL,Standard,23,63.84,1651.12,59.6,1102,0,40.9,27.0,0,3,0,0.0,All services working as expected; thank you note received. No action required.,0
CUST_002247,Male,28,East,Organic,Month-to-month,Direct debit,Premium,Fibre,Standard,67,102.04,7072.95,,686,2,277.5,11.0,2,2,0,0.0,No recent problems; user happy with plan. Routine follow-up in 30 days.,0
CUST_002248,Male,54,East,Organic,Two year,Bank transfer,Standard,Fibre,Standard,25,70.19,1915.14,266.2,364,1,241.6,18.0,0,1,0,0.0,Customer satisfied with service; routine check completed. Feedback recorded.,0
CUST_002249,Male,57,East,Partner,Month-to-month,Credit card,Premium,Fibre,Standard,28,86.01,2208.75,351.1,387,0,261.3,16.0,1,0,0,0.0,No recent problems; user happy with plan. Routine follow-up in 30 days.,0
CUST_002250,Male,50,North,Social,Two year,Bank transfer,Premium,DSL,Standard,36,102.69,3683.83,58.8,562,2,38.7,32.0,2,0,0,0.0,Customer satisfied with service; routine check completed. Feedback recorded.,0
CUST_002251,Female,33,West,Referral,Month-to-month,Direct debit,Standard,None,Standard,5,58.66,385.58,0.0,272,2,6.4,69.0,2,1,1,14.6,No recent problems; user happy with plan. Feedback recorded.,0
CUST_002252,Female,42,East,Paid Search,Month-to-month,Direct debit,Standard,DSL,Standard,9,68.27,538.23,116.6,173,0,64.9,37.0,2,1,0,0.0,Customer satisfied with service; routine check completed. Routine follow-up in 30 days.,0
CUST_002253,Female,48,North,Organic,Month-to-month,Direct debit,Standard,Fibre,Standard,12,69.68,957.01,295.3,394,1,131.9,17.0,0,0,1,8.2,Customer satisfied with service; routine check completed. Continue monitoring.,0
CUST_002254,Male,39,East,Organic,Month-to-month,Bank transfer,Basic,Fibre,Standard,56,47.6,2753.98,179.8,462,1,318.2,19.0,1,0,1,7.1,All services working as expected; thank you note received. Continue monitoring.,1
CUST_002255,Male,43,West,Social,Month-to-month,Direct debit,Basic,5G_FWA,Standard,39,58.66,2301.48,129.0,125,1,,30.0,1,2,0,0.0,Customer satisfied with service; routine check completed. No action required.,0
CUST_002256,Female,41,West,Paid Search,Two year,Direct debit,Premium,DSL,Priority,44,95.63,4344.7,142.0,672,1,47.9,36.0,1,0,0,0.0,No recent problems; user happy with plan. Routine follow-up in 30 days.,0
CUST_002257,Female,34,West,Organic,Month-to-month,Cash,Standard,Fibre,Standard,7,77.21,,341.2,605,3,328.4,10.0,0,1,1,5.9,Customer satisfied with service; routine check completed. No action required.,0
CUST_002258,Female,48,South,Paid Search,Two year,Bank transfer,Standard,Fibre,Standard,40,75.71,2966.51,247.5,170,1,232.6,11.0,4,0,0,0.0,Account stable; no issues reported. No action required.,0
CUST_002259,Male,31,South,Organic,One year,Direct debit,Basic,Fibre,Standard,31,55.78,1804.7,262.9,965,2,231.6,17.0,2,0,1,17.3,No recent problems; user happy with plan. Routine follow-up in 30 days.,1
CUST_002260,Male,62,North,Partner,Two year,Credit card,Premium,Fibre,Standard,34,87.76,2956.25,,541,0,382.9,19.0,1,1,0,0.0,Customer satisfied with service; routine check completed. Continue monitoring.,0
CUST_002261,Female,50,South,Partner,Month-to-month,Credit card,Premium,5G_FWA,Standard,67,87.91,5891.83,235.9,515,1,134.9,32.0,2,0,1,22.7,No recent problems; user happy with plan. Feedback recorded.,0
CUST_002262,Female,25,West,Paid Search,Month-to-month,Direct debit,Standard,5G_FWA,Priority,38,89.16,3258.84,202.5,596,0,239.3,46.0,1,1,0,0.0,Account stable; no issues reported. No action required.,0
CUST_002263,Male,26,North,Organic,Month-to-month,Direct debit,Standard,Fibre,Priority,54,89.36,4910.19,239.0,353,0,128.8,19.0,0,0,0,0.0,All services working as expected; thank you note received. Routine follow-up in 30 days.,0
CUST_002264,Female,29,South,Social,Two year,Direct debit,Premium,Fibre,Standard,0,107.06,0.0,222.2,402,1,231.9,19.0,1,0,1,9.0,All services working as expected; thank you note received. Routine follow-up in 30 days.,1
CUST_002265,Female,25,North,Organic,Month-to-month,Credit card,Standard,5G_FWA,Standard,9,67.03,812.09,193.1,482,0,224.6,29.0,2,0,1,24.2,Account stable; no issues reported. Routine follow-up in 30 days.,0
CUST_002266,Female,46,East,Partner,One year,Direct debit,Premium,5G_FWA,Standard,14,80.5,1120.14,289.0,521,0,127.3,33.0,1,0,1,24.2,Account stable; no issues reported. Routine follow-up in 30 days.,0
CUST_002267,Female,48,North,Partner,Two year,Direct debit,Premium,5G_FWA,Priority,45,104.36,,197.9,55,0,147.3,47.0,6,2,1,9.3,No recent problems; user happy with plan. Continue monitoring.,0
CUST_002268,Male,45,East,Referral,Month-to-month,Direct debit,Basic,DSL,Standard,49,39.71,2067.32,0.0,555,0,65.3,42.0,1,0,1,17.2,Account stable; no issues reported. Continue monitoring.,0
CUST_002269,Male,23,East,Paid Search,Month-to-month,Credit card,Standard,DSL,Standard,68,66.3,4625.05,110.6,434,0,50.7,43.0,2,1,0,0.0,All services working as expected; thank you note received. No action required.,0
CUST_002270,Female,34,West,Paid Search,Two year,Credit card,Standard,Fibre,Priority,52,73.4,3754.4,209.7,886,1,218.1,14.0,0,0,0,0.0,Account stable; no issues reported. Routine follow-up in 30 days.,0
CUST_002271,Male,30,East,Organic,One year,Credit card,Standard,Fibre,Standard,19,66.64,1327.41,204.3,324,1,,19.0,2,1,0,0.0,All services working as expected; thank you note received. No action required.,0
CUST_002272,Female,63,North,Social,Month-to-month,Credit card,Basic,5G_FWA,Standard,55,62.05,3427.03,172.0,316,0,134.5,38.0,1,0,0,0.0,All services working as expected; thank you note received. Feedback recorded.,0
CUST_002273,Male,40,West,Organic,Month-to-month,Direct debit,Standard,Fibre,Standard,5,69.21,466.52,250.1,392,0,246.5,19.0,0,0,1,7.8,No recent problems; user happy with plan. No action required.,0
CUST_002274,Male,38,West,Organic,Month-to-month,Credit card,Standard,DSL,Standard,26,69.2,2024.67,64.0,439,2,42.8,24.0,1,0,1,5.9,All services working as expected; thank you note received. Continue monitoring.,0
CUST_002275,Male,42,East,Organic,Two year,Bank transfer,Premium,5G_FWA,Standard,19,93.49,1769.09,155.0,283,0,213.9,30.0,0,1,0,0.0,Customer satisfied with service; routine check completed. Routine follow-up in 30 days.,0
CUST_002276,Male,21,West,Partner,Month-to-month,Bank transfer,Basic,Fibre,Standard,31,59.13,1733.67,190.0,430,0,257.9,26.0,1,1,1,22.6,Account stable; no issues reported. No action required.,0
CUST_002277,NonBinary,50,North,Paid Search,Two year,Credit card,Standard,5G_FWA,Standard,53,68.63,3706.3,164.9,531,1,125.4,23.0,2,0,0,0.0,Customer satisfied with service; routine check completed. Continue monitoring.,0
CUST_002278,Female,21,South,Paid Search,One year,Direct debit,Premium,DSL,Priority,35,89.47,2987.8,177.8,484,1,43.2,50.0,1,1,0,0.0,No recent problems; user happy with plan. Feedback recorded.,0
CUST_002279,Female,42,West,Referral,Month-to-month,Credit card,Standard,Fibre,Standard,71,,4582.32,284.0,949,0,194.9,22.0,0,0,1,13.4,Account stable; no issues reported. Continue monitoring.,0
CUST_002280,Female,32,North,Organic,One year,Direct debit,Basic,5G_FWA,Standard,71,42.87,2918.33,62.4,345,0,241.8,18.0,2,0,1,9.6,Customer satisfied with service; routine check completed. No action required.,0
CUST_002281,Female,29,West,Organic,Two year,Credit card,Premium,Fibre,Priority,7,99.82,825.39,270.9,581,1,283.2,19.0,0,2,0,0.0,No recent problems; user happy with plan. No action required.,0
CUST_002282,NonBinary,60,South,Paid Search,One year,Direct debit,Premium,Fibre,Priority,61,96.4,5901.47,422.1,134,2,252.0,21.0,2,1,0,0.0,Customer satisfied with service; routine check completed. Routine follow-up in 30 days.,0
CUST_002283,Female,32,South,Organic,One year,Credit card,Standard,Fibre,Standard,67,88.08,5992.01,286.0,481,4,222.3,21.0,5,3,0,0.0,Customer mentioned intermittent issues; advised restart and monitoring. Ticket logged.,1
CUST_002284,Female,46,South,Social,One year,Direct debit,Standard,Fibre,Standard,31,87.25,2734.1,255.0,167,0,202.3,21.0,1,0,0,0.0,All services working as expected; thank you note received. Feedback recorded.,0
CUST_002285,Male,38,North,Paid Search,Month-to-month,Credit card,Standard,None,Standard,60,61.24,3720.32,43.5,632,2,1.0,43.0,1,0,0,0.0,All services working as expected; thank you note received. Feedback recorded.,1
CUST_002286,Male,56,West,Referral,Month-to-month,Direct debit,Standard,5G_FWA,Standard,9,70.67,504.7,323.7,227,0,164.3,33.0,1,0,1,23.7,All services working as expected; thank you note received. Feedback recorded.,1
CUST_002287,Male,42,West,Partner,One year,Credit card,Standard,5G_FWA,Standard,64,70.78,4513.64,118.2,309,0,61.2,22.0,2,0,0,0.0,All services working as expected; thank you note received. Routine follow-up in 30 days.,0
CUST_002288,Male,55,East,Partner,Month-to-month,Credit card,Standard,None,Standard,67,56.05,3712.85,0.0,679,2,11.9,50.0,0,0,1,13.9,No recent problems; user happy with plan. No action required.,1
CUST_002289,Female,74,South,Organic,Month-to-month,Cash,Standard,DSL,Standard,9,61.47,609.79,138.5,880,2,55.3,55.0,4,1,1,17.5,Billing query raised; resolved via support. Customer advised on next steps.,1
CUST_002290,Male,49,West,Partner,Two year,Direct debit,Standard,None,Standard,44,52.84,2242.59,63.5,727,3,14.9,38.0,3,0,0,0.0,Customer satisfied with service; routine check completed. No action required.,0
CUST_002291,Male,18,East,Paid Search,Two year,Direct debit,Premium,Fibre,Standard,28,,3073.39,370.3,524,0,295.3,32.0,2,0,0,0.0,Customer satisfied with service; routine check completed. Continue monitoring.,0
CUST_002292,Female,51,East,Paid Search,Month-to-month,Direct debit,Premium,DSL,Standard,4,78.27,319.13,99.3,948,1,17.9,45.0,3,1,1,13.5,Customer satisfied with service; routine check completed. Routine follow-up in 30 days.,1
CUST_002293,Male,37,East,Social,Month-to-month,Cash,Premium,Fibre,Priority,50,101.41,5059.53,218.5,404,0,288.6,29.0,1,1,0,0.0,Account stable; no issues reported. No action required.,0
CUST_002294,Male,33,North,Organic,Month-to-month,Credit card,Standard,Fibre,Priority,29,79.02,2127.9,344.9,724,0,184.7,18.0,1,0,1,16.2,Customer satisfied with service; routine check completed. Routine follow-up in 30 days.,1
CUST_002295,Female,52,West,Organic,Month-to-month,Direct debit,Premium,Fibre,Priority,21,100.23,2163.34,281.9,907,0,276.1,28.0,0,3,0,0.0,All services working as expected; thank you note received. Routine follow-up in 30 days.,0
CUST_002296,Male,47,East,Referral,Month-to-month,Bank transfer,Standard,5G_FWA,Standard,12,88.05,966.62,69.3,628,1,243.4,27.0,3,2,0,0.0,All services working as expected; thank you note received. Feedback recorded.,0
CUST_002297,Female,63,West,Referral,Month-to-month,Direct debit,Premium,Fibre,Standard,48,88.59,3876.29,247.7,440,3,280.4,19.0,1,0,1,14.0,Account stable; no issues reported. Continue monitoring.,0
CUST_002298,Female,29,West,Social,Two year,Credit card,Premium,Fibre,Priority,72,104.63,7488.31,270.1,213,0,248.1,26.0,1,2,0,0.0,Account stable; no issues reported. No action required.,0
CUST_002299,Male,52,South,Referral,Month-to-month,Credit card,Basic,Fibre,Standard,41,56.57,2153.73,82.2,434,2,327.3,24.0,2,0,0,0.0,All services working as expected; thank you note received. Routine follow-up in 30 days.,0
CUST_002300,Female,28,West,Organic,Month-to-month,Credit card,Basic,Fibre,Standard,2,65.32,117.17,222.4,421,1,172.2,22.0,0,1,0,0.0,Account stable; no issues reported. Feedback recorded.,1
CUST_002301,Female,53,South,Organic,One year,Credit card,Standard,DSL,Standard,30,64.12,1864.47,0.0,425,1,72.7,10.0,0,1,0,0.0,Customer satisfied with service; routine check completed. Feedback recorded.,0
CUST_002302,Male,36,North,Social,Month-to-month,Cash,Standard,DSL,Standard,33,60.99,1898.2,190.7,130,0,24.1,51.0,2,0,1,8.4,Customer satisfied with service; routine check completed. Continue monitoring.,0
CUST_002303,Female,24,South,Organic,Month-to-month,Direct debit,Premium,DSL,Standard,43,72.53,2940.23,179.0,437,0,40.4,58.0,2,1,1,14.8,No recent problems; user happy with plan. Continue monitoring.,1
CUST_002304,Male,44,East,Paid Search,Month-to-month,Direct debit,Basic,Fibre,Standard,63,46.33,2936.17,285.8,480,1,314.2,21.0,2,0,0,0.0,No recent problems; user happy with plan. Feedback recorded.,0
CUST_002305,Male,40,East,Organic,One year,Direct debit,Premium,DSL,Standard,47,90.97,4283.18,111.8,562,0,52.0,49.0,0,0,0,0.0,All services working as expected; thank you note received. Continue monitoring.,0
CUST_002306,Male,41,South,Referral,One year,Direct debit,Standard,Fibre,Standard,72,81.88,6093.97,197.2,568,0,214.4,27.0,1,0,0,0.0,All services working as expected; thank you note received. Feedback recorded.,0
CUST_002307,Female,35,West,Referral,One year,Direct debit,Premium,Fibre,Standard,21,95.19,2060.9,448.2,462,1,,23.0,1,2,0,0.0,Customer satisfied with service; routine check completed. Feedback recorded.,0
CUST_002308,Female,33,South,Social,One year,Credit card,Premium,DSL,Standard,60,84.2,4959.24,204.4,698,2,72.1,34.0,3,1,0,0.0,Customer satisfied with service; routine check completed. Routine follow-up in 30 days.,0
CUST_002309,Male,61,West,Organic,Month-to-month,Direct debit,Standard,Fibre,Standard,52,74.38,3944.12,249.6,926,0,200.1,16.0,1,0,1,13.2,No recent problems; user happy with plan. No action required.,0
CUST_002310,Male,21,East,Referral,Month-to-month,Credit card,Standard,Fibre,Priority,66,97.8,6490.84,230.3,577,2,270.2,28.0,1,1,0,0.0,All services working as expected; thank you note received. Continue monitoring.,0
CUST_002311,Male,30,South,Paid Search,One year,Bank transfer,Standard,Fibre,Standard,1,80.74,44.74,277.9,149,0,229.4,10.0,0,0,1,14.9,Account stable; no issues reported. Routine follow-up in 30 days.,1
CUST_002312,Female,44,North,Social,Two year,Cash,Premium,5G_FWA,Standard,40,96.74,3799.99,244.9,756,3,141.9,37.0,3,0,0,0.0,Account stable; no issues reported. No action required.,0
CUST_002313,Male,31,West,Social,Month-to-month,Direct debit,Standard,5G_FWA,Standard,21,69.29,1669.47,179.2,579,0,173.9,47.0,0,2,0,0.0,No recent problems; user happy with plan. No action required.,1
CUST_002314,Female,35,East,Referral,Month-to-month,Direct debit,Standard,DSL,Standard,19,51.75,1093.32,154.1,518,0,42.9,42.0,1,1,0,0.0,Customer satisfied with service; routine check completed. Continue monitoring.,1
CUST_002315,Female,37,South,Paid Search,Month-to-month,Direct debit,Standard,5G_FWA,Standard,19,74.12,1301.24,235.4,326,0,188.8,22.0,1,2,1,13.5,No recent problems; user happy with plan. No action required.,0
CUST_002316,NonBinary,18,South,Referral,Month-to-month,Direct debit,Basic,Fibre,Standard,14,61.96,759.95,196.3,449,1,210.6,24.0,3,0,1,24.3,Customer satisfied with service; routine check completed. No action required.,1
CUST_002317,Female,44,East,Partner,Month-to-month,Credit card,Standard,5G_FWA,Priority,21,88.07,1903.66,238.3,216,0,156.3,49.0,1,1,0,0.0,All services working as expected; thank you note received. Continue monitoring.,0
CUST_002318,Female,35,East,Paid Search,Two year,Credit card,Basic,5G_FWA,Priority,38,62.92,2278.57,246.4,659,0,62.6,37.0,2,1,0,0.0,Account stable; no issues reported. No action required.,0
CUST_002319,Female,42,East,Partner,Two year,Credit card,Basic,Fibre,Standard,37,54.15,1965.81,273.6,740,1,278.6,13.0,3,2,0,0.0,Account stable; no issues reported. Routine follow-up in 30 days.,0
CUST_002320,Male,36,East,Social,Month-to-month,Credit card,Standard,None,Standard,14,48.58,580.74,8.8,758,3,8.6,70.0,2,1,0,0.0,Customer satisfied with service; routine check completed. Routine follow-up in 30 days.,0
CUST_002321,Female,83,West,Partner,Month-to-month,Direct debit,Basic,Fibre,Priority,65,58.39,3613.2,233.3,514,2,186.9,17.0,0,3,0,0.0,Account stable; no issues reported. Continue monitoring.,0
CUST_002322,Male,44,South,Organic,One year,Direct debit,Basic,Fibre,Priority,13,66.1,716.11,270.2,368,1,170.5,21.0,2,1,0,0.0,No recent problems; user happy with plan. Routine follow-up in 30 days.,0
CUST_002323,Female,37,North,Organic,Month-to-month,Credit card,Standard,Fibre,Priority,46,80.34,3650.63,263.3,396,0,213.6,28.0,2,1,1,17.7,No recent problems; user happy with plan. Continue monitoring.,0
CUST_002324,Female,37,West,Paid Search,Month-to-month,Direct debit,Standard,DSL,Standard,67,52.88,3498.73,63.2,681,2,27.2,60.0,1,0,0,0.0,No recent problems; user happy with plan. Feedback recorded.,0
CUST_002325,Male,37,North,Organic,Month-to-month,Credit card,Standard,Fibre,Standard,10,68.29,523.9,193.1,726,0,115.4,11.0,0,0,0,0.0,No recent problems; user happy with plan. Continue monitoring.,0
CUST_002326,Female,46,West,Partner,Month-to-month,Direct debit,Premium,DSL,Standard,66,80.58,5334.32,167.6,643,1,69.6,36.0,3,1,1,12.3,All services working as expected; thank you note received. Routine follow-up in 30 days.,1
CUST_002327,Male,37,East,Paid Search,Month-to-month,Credit card,Premium,Fibre,Standard,68,96.27,6693.86,215.5,413,0,209.8,26.0,0,0,1,20.3,All services working as expected; thank you note received. No action required.,0
CUST_002328,Female,50,West,Partner,Month-to-month,Bank transfer,Standard,Fibre,Priority,72,77.09,5571.75,321.7,257,0,258.1,14.0,0,0,1,5.9,Account stable; no issues reported. Continue monitoring.,0
CUST_002329,Male,59,South,Organic,Two year,Direct debit,Standard,Fibre,Standard,9,68.0,361.71,237.2,399,0,272.9,21.0,1,1,1,11.5,No recent problems; user happy with plan. Continue monitoring.,0
CUST_002330,Female,30,North,Referral,One year,Direct debit,Standard,Fibre,Standard,71,68.61,4865.47,206.3,427,0,160.4,33.0,0,0,1,15.6,Account stable; no issues reported. No action required.,0
CUST_002331,Male,56,West,Social,One year,Direct debit,Premium,5G_FWA,Priority,1,96.96,306.38,235.8,865,4,65.8,34.0,0,1,1,15.0,Customer satisfied with service; routine check completed. Continue monitoring.,0
CUST_002332,Female,54,East,Organic,Month-to-month,Direct debit,Standard,5G_FWA,Priority,22,97.16,2035.59,96.7,873,0,115.8,38.0,2,0,0,0.0,No recent problems; user happy with plan. Continue monitoring.,0
CUST_002333,Male,57,South,Organic,Month-to-month,Direct debit,Basic,Fibre,Standard,60,55.18,3146.43,243.5,1054,7,300.3,18.0,6,1,0,0.0,Account stable; no issues reported. Continue monitoring.,0
CUST_002334,Male,37,East,Social,Two year,Direct debit,Basic,DSL,Priority,10,55.77,691.26,72.7,331,0,45.3,31.0,1,0,1,15.0,No recent problems; user happy with plan. No action required.,1
CUST_002335,Female,38,West,Organic,One year,Credit card,Premium,Fibre,Standard,6,93.24,735.61,343.1,27,1,121.3,31.0,1,0,0,0.0,Customer satisfied with service; routine check completed. Continue monitoring.,0
CUST_002336,Male,45,North,Organic,Month-to-month,Cash,Basic,None,Standard,70,27.81,1902.85,53.6,471,0,10.0,44.0,1,1,0,0.0,Customer satisfied with service; routine check completed. Continue monitoring.,0
CUST_002337,Male,36,North,Organic,Two year,Direct debit,Basic,Fibre,Priority,20,74.54,1417.26,220.5,479,1,262.1,15.0,0,0,0,0.0,No recent problems; user happy with plan. No action required.,0
CUST_002338,Male,48,West,Social,Month-to-month,Credit card,Premium,5G_FWA,Standard,3,102.5,166.37,303.5,649,1,154.1,9.0,1,0,1,20.7,All services working as expected; thank you note received. No action required.,0
CUST_002339,Female,19,South,Partner,Two year,Direct debit,Standard,5G_FWA,Standard,65,77.2,5035.89,118.0,355,2,174.5,34.0,3,2,1,9.8,All services working as expected; thank you note received. Routine follow-up in 30 days.,0
CUST_002340,Male,53,North,Organic,Two year,Bank transfer,Standard,Fibre,Priority,64,81.17,4970.31,346.8,729,2,241.5,14.0,3,3,0,0.0,No recent problems; user happy with plan. Continue monitoring.,0
CUST_002341,Female,42,East,Organic,Month-to-month,Direct debit,Standard,Fibre,Standard,50,81.51,4036.16,224.0,418,2,327.7,14.0,0,0,1,16.5,Customer satisfied with service; routine check completed. No action required.,0
CUST_002342,Female,37,East,Organic,One year,Credit card,Premium,Fibre,Standard,28,84.99,2299.98,305.7,710,0,216.9,14.0,3,3,0,0.0,Account stable; no issues reported. Routine follow-up in 30 days.,0
CUST_002343,Male,53,North,Organic,Month-to-month,Direct debit,Basic,Fibre,Standard,22,40.64,1030.66,255.4,389,0,187.2,10.0,2,1,0,0.0,No recent problems; user happy with plan. Continue monitoring.,0
CUST_002344,Male,20,West,Organic,Month-to-month,Direct debit,Premium,5G_FWA,Standard,20,91.99,1818.29,,708,1,138.0,46.0,3,1,0,0.0,No recent problems; user happy with plan. Continue monitoring.,0
CUST_002345,Female,43,North,Referral,Month-to-month,Direct debit,Standard,Fibre,Standard,36,65.47,2198.64,,754,0,208.1,5.0,3,0,0,0.0,Account stable; no issues reported. Routine follow-up in 30 days.,0
CUST_002346,Male,41,West,Organic,One year,Credit card,Standard,Fibre,Standard,66,75.32,4926.77,221.6,614,0,261.9,12.0,0,0,1,12.7,All services working as expected; thank you note received. No action required.,0
CUST_002347,Female,42,North,Organic,Month-to-month,Direct debit,Standard,Fibre,Standard,43,78.12,,224.1,549,1,239.7,13.0,0,0,0,0.0,No recent problems; user happy with plan. Continue monitoring.,0
CUST_002348,Male,26,North,Referral,One year,Direct debit,Standard,5G_FWA,Priority,14,88.14,1358.14,38.2,797,0,80.5,31.0,0,0,0,0.0,Account stable; no issues reported. No action required.,0
CUST_002349,Female,30,East,Paid Search,Month-to-month,Direct debit,Standard,DSL,Standard,64,157.27,4197.97,112.3,639,0,52.7,,0,0,1,7.3,Account stable; no issues reported. Continue monitoring.,0
CUST_002350,NonBinary,39,West,Paid Search,Month-to-month,Direct debit,Basic,DSL,Standard,45,48.92,2227.3,56.5,396,1,40.2,37.0,1,0,1,12.8,No recent problems; user happy with plan. Continue monitoring.,0
CUST_002351,Male,44,North,Organic,One year,Direct debit,Premium,Fibre,Standard,4,92.36,286.09,366.3,589,3,307.1,18.0,2,1,0,0.0,No recent problems; user happy with plan. Continue monitoring.,0
CUST_002352,Female,38,West,Partner,Month-to-month,Credit card,Premium,Fibre,Standard,58,91.01,5263.73,231.2,258,0,242.7,25.0,0,2,1,21.2,Account stable; no issues reported. Continue monitoring.,0
CUST_002353,Male,32,West,Paid Search,Two year,Direct debit,Standard,Fibre,Standard,31,69.77,2391.69,264.4,485,3,144.9,18.0,1,0,0,0.0,Customer satisfied with service; routine check completed. Routine follow-up in 30 days.,0
CUST_002354,Female,43,East,Organic,Month-to-month,Cash,Standard,DSL,Standard,60,60.55,3691.6,114.7,64,0,68.5,50.0,0,1,0,0.0,All services working as expected; thank you note received. No action required.,0
CUST_002355,Female,42,West,Paid Search,One year,Bank transfer,Standard,Fibre,Standard,55,56.11,2894.12,274.8,576,1,162.5,22.0,3,1,0,0.0,Account stable; no issues reported. Feedback recorded.,0
CUST_002356,Female,49,South,Referral,Two year,Direct debit,Basic,Fibre,Standard,54,57.02,3159.89,221.0,698,1,179.7,27.0,2,1,0,0.0,Account stable; no issues reported. No action required.,0
CUST_002357,Male,51,West,Social,Month-to-month,Direct debit,Standard,5G_FWA,Standard,16,77.61,1364.89,239.9,434,0,174.0,32.0,2,0,1,10.0,No recent problems; user happy with plan. No action required.,0
CUST_002358,Male,18,East,Social,Month-to-month,Bank transfer,Basic,5G_FWA,Standard,61,61.5,3662.6,198.6,738,1,193.7,37.0,0,0,0,0.0,No recent problems; user happy with plan. Continue monitoring.,0
CUST_002359,Female,82,West,Social,Month-to-month,Direct debit,Standard,DSL,Standard,27,53.43,1551.93,191.5,885,0,38.3,47.0,2,0,0,0.0,Account stable; no issues reported. Feedback recorded.,1
CUST_002360,Female,49,East,Organic,One year,Credit card,Standard,5G_FWA,Priority,5,86.3,239.09,183.4,595,2,78.1,30.0,1,0,0,0.0,No recent problems; user happy with plan. Feedback recorded.,1
CUST_002361,Female,36,North,Organic,Month-to-month,Credit card,Standard,Fibre,Standard,32,75.48,2497.14,334.6,605,1,268.8,23.0,2,0,1,20.8,Customer satisfied with service; routine check completed. Routine follow-up in 30 days.,0
CUST_002362,Male,54,South,Organic,Month-to-month,Bank transfer,Standard,Fibre,Standard,16,81.1,1152.47,218.5,281,0,263.1,13.0,0,1,1,16.2,Customer satisfied with service; routine check completed. Feedback recorded.,0
CUST_002363,Male,23,East,Referral,Month-to-month,Direct debit,Standard,DSL,Priority,36,70.65,2560.02,71.4,458,0,59.4,34.0,0,0,1,11.7,Customer satisfied with service; routine check completed. Continue monitoring.,0
CUST_002364,Female,28,South,Organic,One year,Credit card,Standard,Fibre,Standard,20,57.83,1245.64,318.3,762,2,161.1,10.0,0,0,1,8.3,Account stable; no issues reported. Feedback recorded.,0
CUST_002365,NonBinary,28,East,Partner,One year,Direct debit,Premium,None,Standard,24,77.33,1937.65,81.2,338,1,3.4,59.0,3,1,1,17.0,Customer requested plan review; offered options. Ticket logged.,1
CUST_002366,Female,18,North,Social,Two year,Credit card,Premium,DSL,Standard,27,87.78,2102.64,125.1,282,2,51.7,62.0,3,0,0,0.0,All services working as expected; thank you note received. Routine follow-up in 30 days.,0
CUST_002367,Female,46,East,Organic,Two year,Credit card,Standard,DSL,Standard,59,67.46,4015.14,51.5,621,1,71.3,40.0,1,2,1,9.2,Customer satisfied with service; routine check completed. Continue monitoring.,1
CUST_002368,Male,64,North,Partner,Month-to-month,Direct debit,Premium,5G_FWA,Standard,35,97.66,3319.76,220.7,641,0,139.8,19.0,1,0,1,12.3,All services working as expected; thank you note received. Feedback recorded.,0
CUST_002369,Female,70,South,Referral,One year,Direct debit,Premium,5G_FWA,Standard,50,89.58,4374.16,224.8,430,0,120.1,45.0,1,2,0,0.0,Account stable; no issues reported. Continue monitoring.,0
CUST_002370,Male,51,North,Organic,Month-to-month,Direct debit,Basic,Fibre,Standard,61,44.35,2856.25,163.1,787,2,270.5,26.0,1,1,1,17.3,Customer satisfied with service; routine check completed. Continue monitoring.,0
CUST_002371,Female,39,East,Social,Two year,Direct debit,Premium,Fibre,Standard,65,89.89,5829.16,332.8,349,2,71.6,12.0,1,0,0,0.0,Account stable; no issues reported. Continue monitoring.,0
CUST_002372,Female,45,North,Organic,Month-to-month,Bank transfer,Basic,DSL,Priority,67,60.49,3957.67,85.0,746,3,26.6,39.0,0,0,0,0.0,Customer satisfied with service; routine check completed. Feedback recorded.,0
CUST_002373,Male,56,West,Partner,Month-to-month,Bank transfer,Basic,Fibre,Standard,35,64.33,2290.41,328.2,648,2,238.1,10.0,1,0,1,14.1,Customer satisfied with service; routine check completed. Routine follow-up in 30 days.,0
CUST_002374,Female,30,South,Organic,Month-to-month,Direct debit,Standard,Fibre,Standard,11,66.53,766.1,309.5,591,0,344.4,18.0,1,0,0,0.0,No recent problems; user happy with plan. Feedback recorded.,0
CUST_002375,Male,39,East,Organic,One year,Direct debit,Standard,Fibre,Priority,69,80.25,5575.24,376.2,1001,2,300.1,26.0,0,0,0,0.0,All services working as expected; thank you note received. No action required.,0
CUST_002376,Male,27,North,Partner,Month-to-month,Direct debit,Premium,Fibre,Standard,57,109.38,6296.96,306.9,211,1,233.9,15.0,3,1,0,0.0,Account stable; no issues reported. Feedback recorded.,0
CUST_002377,Female,49,West,Social,Month-to-month,Credit card,Standard,5G_FWA,Standard,20,68.93,1148.2,198.3,346,0,148.2,22.0,0,0,0,0.0,All services working as expected; thank you note received. Routine follow-up in 30 days.,0
CUST_002378,Female,41,North,Organic,Two year,Direct debit,Premium,Fibre,Priority,37,107.72,4137.49,299.4,294,0,279.0,15.0,1,0,0,0.0,Customer satisfied with service; routine check completed. Feedback recorded.,0
CUST_002379,Female,57,West,Paid Search,Two year,Direct debit,Basic,DSL,Standard,26,49.82,1270.33,21.0,586,0,29.2,,1,0,0,0.0,No recent problems; user happy with plan. Feedback recorded.,0
CUST_002380,Female,34,South,Paid Search,Month-to-month,Direct debit,Standard,Fibre,Standard,65,74.68,4764.39,244.9,390,3,211.9,22.0,2,3,1,16.8,Customer satisfied with service; routine check completed. Feedback recorded.,0
CUST_002381,Male,36,East,Organic,Two year,Credit card,Standard,5G_FWA,Standard,26,70.53,1874.19,312.5,525,0,176.6,31.0,0,0,0,0.0,Account stable; no issues reported. Routine follow-up in 30 days.,0
CUST_002382,Female,24,South,Organic,Month-to-month,Direct debit,Premium,Fibre,Standard,33,99.68,3258.49,337.6,390,0,168.6,15.0,3,0,1,9.7,Customer satisfied with service; routine check completed. No action required.,1
CUST_002383,Female,45,South,Organic,One year,Bank transfer,Basic,5G_FWA,Standard,8,54.87,373.47,266.3,365,0,172.1,48.0,0,0,1,22.5,Account stable; no issues reported. No action required.,0
CUST_002384,Male,52,West,Paid Search,Two year,Credit card,Standard,DSL,Standard,65,54.88,3877.39,48.4,540,0,39.9,33.0,2,2,0,0.0,Customer satisfied with service; routine check completed. Continue monitoring.,0
CUST_002385,Male,41,South,Paid Search,Two year,Credit card,Standard,Fibre,Priority,6,80.41,246.55,314.7,425,1,153.2,24.0,1,2,0,0.0,Customer satisfied with service; routine check completed. No action required.,0
CUST_002386,Female,24,North,Organic,Month-to-month,Credit card,Basic,DSL,Standard,44,45.16,2057.18,156.1,410,3,39.6,54.0,1,1,0,0.0,Billing query raised; resolved via support. Follow-up recommended.,1
CUST_002387,Female,32,West,Paid Search,Two year,Credit card,Standard,Fibre,Standard,23,82.57,1954.83,334.0,652,2,134.5,5.0,0,0,0,0.0,No recent problems; user happy with plan. Continue monitoring.,0
CUST_002388,Female,19,South,Partner,One year,Direct debit,Premium,DSL,Priority,65,90.96,5880.83,169.2,351,1,53.9,51.0,1,1,0,0.0,Customer satisfied with service; routine check completed. Feedback recorded.,0
CUST_002389,Female,50,East,Social,Month-to-month,Direct debit,Premium,5G_FWA,Standard,21,89.64,1865.69,281.4,621,0,202.4,18.0,2,2,1,17.6,All services working as expected; thank you note received. Continue monitoring.,0
CUST_002390,Female,40,East,Social,Month-to-month,Direct debit,Basic,DSL,Standard,54,41.95,2378.09,77.2,736,1,58.4,29.0,2,0,1,13.2,All services working as expected; thank you note received. No action required.,0
CUST_002391,NonBinary,20,South,Partner,Two year,Bank transfer,Standard,5G_FWA,Standard,64,77.63,4879.78,179.1,576,3,102.8,42.0,2,2,1,12.4,Customer satisfied with service; routine check completed. No action required.,0
CUST_002392,Female,36,East,Paid Search,One year,Bank transfer,Premium,DSL,Standard,55,75.88,4208.88,195.4,521,0,35.4,31.0,1,0,1,9.8,All services working as expected; thank you note received. Feedback recorded.,0
CUST_002393,Male,30,West,Organic,Month-to-month,Direct debit,Premium,5G_FWA,Priority,25,100.87,2602.72,138.9,241,0,96.2,17.0,0,2,1,11.5,Account stable; no issues reported. Feedback recorded.,0
CUST_002394,Male,58,East,Paid Search,Month-to-month,Cash,Basic,DSL,Standard,38,39.39,1385.66,110.9,629,0,49.4,36.0,2,0,0,0.0,Customer satisfied with service; routine check completed. Continue monitoring.,1
CUST_002395,Female,56,South,Referral,Month-to-month,Direct debit,Standard,Fibre,Standard,27,76.71,2216.25,292.8,340,0,289.7,,0,1,0,0.0,No recent problems; user happy with plan. Routine follow-up in 30 days.,0
CUST_002396,Male,59,East,Organic,Month-to-month,Direct debit,Standard,5G_FWA,Priority,45,73.81,3327.46,111.2,685,0,146.7,28.0,3,0,0,0.0,No recent problems; user happy with plan. Continue monitoring.,0
CUST_002397,Male,39,South,Organic,One year,Direct debit,Premium,DSL,Standard,20,80.99,1654.42,110.1,639,3,64.7,44.0,2,3,1,15.9,Customer satisfied with service; routine check completed. Feedback recorded.,0
CUST_002398,Male,32,East,Organic,Month-to-month,Direct debit,Standard,DSL,Priority,66,71.33,4749.12,62.9,477,3,30.3,45.0,2,0,0,0.0,Customer satisfied with service; routine check completed. Feedback recorded.,0
CUST_002399,Male,42,North,Paid Search,Month-to-month,Direct debit,Basic,DSL,Standard,23,41.61,918.56,128.7,620,2,60.0,40.0,2,3,0,0.0,No recent problems; user happy with plan. Routine follow-up in 30 days.,0
CUST_002400,Female,32,East,Social,One year,Credit card,Basic,DSL,Standard,44,43.17,1722.58,,492,1,45.8,48.0,1,0,0,0.0,All services working as expected; thank you note received. No action required.,0
CUST_002401,Male,21,East,Organic,Month-to-month,Direct debit,Standard,Fibre,Standard,65,71.88,4651.77,259.4,120,0,234.4,24.0,0,0,0,0.0,All services working as expected; thank you note received. Routine follow-up in 30 days.,0
CUST_002402,Female,21,West,Referral,Month-to-month,Credit card,Standard,Fibre,Standard,7,69.15,555.36,285.8,456,2,169.1,15.0,2,1,0,0.0,Account stable; no issues reported. No action required.,0
CUST_002403,Male,23,South,Partner,Month-to-month,Direct debit,Standard,Fibre,Standard,58,82.63,4810.91,262.7,227,2,280.0,20.0,1,1,0,0.0,Customer satisfied with service; routine check completed. Feedback recorded.,0
CUST_002404,Female,46,North,Partner,Two year,Bank transfer,Basic,DSL,Standard,60,47.74,2783.9,188.7,548,0,65.1,70.0,0,0,1,9.8,Customer satisfied with service; routine check completed. No action required.,0
CUST_002405,Female,59,East,Social,Month-to-month,Bank transfer,Premium,Fibre,Standard,2,,282.46,346.6,1070,1,183.6,21.0,2,0,1,10.3,All services working as expected; thank you note received. Feedback recorded.,0
CUST_002406,Female,42,North,Organic,Two year,Direct debit,Basic,Fibre,Standard,18,65.57,1217.39,214.8,465,0,140.1,14.0,1,1,1,15.6,All services working as expected; thank you note received. No action required.,0
CUST_002407,Male,56,North,Paid Search,Month-to-month,Direct debit,Basic,Fibre,Standard,30,47.25,1231.74,328.0,202,1,247.2,23.0,2,0,0,0.0,Customer satisfied with service; routine check completed. No action required.,0
CUST_002408,Female,40,East,Organic,Month-to-month,Direct debit,Basic,Fibre,Standard,38,52.12,1949.1,353.9,517,2,231.5,17.0,0,2,0,0.0,No recent problems; user happy with plan. Continue monitoring.,0
CUST_002409,Female,35,North,Partner,Month-to-month,Credit card,Premium,Fibre,Standard,24,94.18,2269.75,420.6,734,1,195.3,12.0,0,0,0,0.0,Customer satisfied with service; routine check completed. No action required.,0
CUST_002410,Female,37,South,Referral,One year,Direct debit,Standard,Fibre,Priority,16,82.8,1291.94,287.0,607,4,220.8,29.0,2,1,1,13.0,Account stable; no issues reported. Routine follow-up in 30 days.,0
CUST_002411,Female,44,South,Organic,Month-to-month,Credit card,Standard,Fibre,Standard,23,72.88,1497.71,331.4,599,0,239.1,14.0,1,1,0,0.0,No recent problems; user happy with plan. Feedback recorded.,0
CUST_002412,Male,44,North,Organic,Month-to-month,Credit card,Basic,None,Standard,10,22.82,421.21,0.0,749,1,15.5,34.0,1,1,0,0.0,Account stable; no issues reported. No action required.,0
CUST_002413,Male,55,East,Organic,Month-to-month,Direct debit,Standard,Fibre,Standard,29,73.75,2232.96,227.6,186,0,204.8,20.0,1,0,0,0.0,Account stable; no issues reported. Feedback recorded.,0
CUST_002414,Male,35,West,Paid Search,One year,Direct debit,Standard,Fibre,Standard,68,72.48,5053.13,291.7,450,0,272.2,15.0,1,3,0,0.0,All services working as expected; thank you note received. Feedback recorded.,0
CUST_002415,Female,42,North,Social,Month-to-month,Direct debit,Standard,Fibre,Standard,8,79.44,497.14,,510,1,,9.0,0,1,0,0.0,All services working as expected; thank you note received. Feedback recorded.,1
CUST_002416,Female,44,West,Organic,One year,Credit card,Standard,Fibre,Standard,47,75.63,3501.95,198.0,542,1,172.1,23.0,0,0,1,18.6,Account stable; no issues reported. Feedback recorded.,0
CUST_002417,Male,48,South,Paid Search,One year,Direct debit,Basic,5G_FWA,Standard,42,67.85,3063.9,163.8,720,0,146.5,21.0,4,1,1,15.5,No recent problems; user happy with plan. Continue monitoring.,0
CUST_002418,Female,26,West,Paid Search,Two year,Credit card,Basic,5G_FWA,Standard,22,51.14,1027.63,194.1,255,0,168.5,23.0,2,1,0,0.0,No recent problems; user happy with plan. Routine follow-up in 30 days.,0
CUST_002419,Female,69,North,Referral,One year,Credit card,Standard,5G_FWA,Standard,4,84.51,264.23,225.9,607,1,187.7,35.0,2,0,0,0.0,Account stable; no issues reported. Routine follow-up in 30 days.,0
CUST_002420,Male,21,West,Partner,Month-to-month,Direct debit,Premium,DSL,Priority,51,109.37,5704.32,149.1,332,0,60.5,56.0,1,0,0,0.0,Account stable; no issues reported. Continue monitoring.,0
CUST_002421,Female,49,East,Organic,Month-to-month,Bank transfer,Standard,Fibre,Standard,19,79.14,1524.25,298.1,290,0,152.0,13.0,0,1,1,17.5,Customer satisfied with service; routine check completed. Routine follow-up in 30 days.,0
CUST_002422,Female,27,North,Referral,Month-to-month,Direct debit,Basic,DSL,Standard,9,46.66,481.63,52.2,439,0,58.8,51.0,0,1,0,0.0,Account stable; no issues reported. Routine follow-up in 30 days.,1
CUST_002423,Male,53,South,Social,Month-to-month,Direct debit,Standard,5G_FWA,Standard,41,72.6,2852.12,79.2,509,0,137.4,54.0,0,1,1,15.0,No recent problems; user happy with plan. No action required.,0
CUST_002424,Female,34,East,Paid Search,Month-to-month,Direct debit,Basic,Fibre,Priority,72,59.33,4314.61,151.2,809,2,292.5,5.0,0,1,1,10.6,All services working as expected; thank you note received. Routine follow-up in 30 days.,0
CUST_002425,Female,45,East,Organic,Month-to-month,Direct debit,Standard,DSL,Standard,62,62.68,3951.86,91.2,686,0,55.3,59.0,0,1,0,0.0,All services working as expected; thank you note received. Feedback recorded.,0
CUST_002426,Female,37,East,Referral,Month-to-month,Direct debit,Basic,None,Standard,35,37.66,1261.44,0.0,741,1,4.7,46.0,1,2,0,0.0,No recent problems; user happy with plan. Continue monitoring.,0
CUST_002427,Male,46,South,Organic,Month-to-month,Credit card,Standard,5G_FWA,Standard,44,72.31,3295.86,172.1,959,0,67.3,27.0,0,0,0,0.0,Account stable; no issues reported. No action required.,1
CUST_002428,Female,47,East,Partner,Two year,Bank transfer,Premium,Fibre,Standard,31,101.12,3085.18,218.5,742,1,202.7,32.0,2,2,1,10.8,No recent problems; user happy with plan. No action required.,0
CUST_002429,Male,40,South,Organic,Month-to-month,Credit card,Premium,Fibre,Standard,46,95.58,4608.8,299.4,556,2,156.9,5.0,2,1,0,0.0,All services working as expected; thank you note received. Routine follow-up in 30 days.,0
CUST_002430,Male,28,West,Organic,One year,Direct debit,Standard,None,Standard,23,62.86,1360.81,115.8,494,0,8.7,44.0,1,1,0,0.0,No recent problems; user happy with plan. Feedback recorded.,1
CUST_002431,Male,56,West,Referral,Month-to-month,Bank transfer,Premium,5G_FWA,Standard,29,102.35,3029.72,232.4,819,2,143.0,32.0,3,0,0,0.0,No recent problems; user happy with plan. Routine follow-up in 30 days.,0
CUST_002432,Female,24,West,Social,One year,Direct debit,Standard,5G_FWA,Priority,49,84.74,4088.39,78.3,134,0,123.4,46.0,1,0,0,0.0,Account stable; no issues reported. Routine follow-up in 30 days.,0
CUST_002433,Female,48,South,Organic,Month-to-month,Direct debit,Standard,5G_FWA,Standard,45,74.19,3213.37,221.3,652,1,147.6,25.0,2,0,1,16.5,All services working as expected; thank you note received. Feedback recorded.,0
CUST_002434,Male,38,East,Referral,Month-to-month,Direct debit,Premium,DSL,Standard,13,78.51,899.0,172.8,706,2,46.6,43.0,1,1,1,10.6,No recent problems; user happy with plan. Continue monitoring.,1
CUST_002435,Female,20,East,Referral,Two year,Direct debit,Standard,Fibre,Standard,21,58.32,1340.85,315.3,255,0,242.6,20.0,1,1,0,0.0,No recent problems; user happy with plan. Continue monitoring.,0
CUST_002436,Female,25,South,Organic,Two year,Credit card,Standard,Fibre,Priority,36,71.77,2696.26,261.8,392,0,,11.0,0,0,0,0.0,No recent problems; user happy with plan. No action required.,0
CUST_002437,Female,26,South,Organic,One year,Bank transfer,Basic,Fibre,Standard,64,66.88,4216.67,198.3,683,0,97.8,16.0,3,0,0,0.0,All services working as expected; thank you note received. Continue monitoring.,0
CUST_002438,Female,37,South,Social,Two year,Credit card,Basic,Fibre,Standard,0,56.07,0.0,270.2,370,2,309.1,12.0,3,2,0,0.0,No recent problems; user happy with plan. No action required.,0
CUST_002439,Male,48,West,Organic,Month-to-month,Bank transfer,Standard,5G_FWA,Priority,70,84.19,5864.67,184.6,439,1,203.9,24.0,3,0,0,0.0,Account stable; no issues reported. Routine follow-up in 30 days.,0
CUST_002440,Male,48,North,Referral,Two year,Bank transfer,Standard,None,Standard,39,56.35,2178.64,36.7,603,0,12.7,86.0,1,0,0,0.0,No recent problems; user happy with plan. No action required.,1
CUST_002441,Male,42,East,Paid Search,Month-to-month,Bank transfer,Premium,5G_FWA,Standard,65,,5132.76,239.9,574,0,79.7,37.0,0,0,0,0.0,No recent problems; user happy with plan. Feedback recorded.,0
CUST_002442,Male,21,West,Social,One year,Direct debit,Standard,None,Standard,17,65.49,1069.16,0.0,444,0,5.3,78.0,0,2,0,0.0,No recent problems; user happy with plan. Feedback recorded.,0
CUST_002443,Female,64,South,Partner,Two year,Direct debit,Premium,Fibre,Standard,67,92.39,6082.27,175.6,526,2,335.5,23.0,1,1,0,0.0,Account stable; no issues reported. Routine follow-up in 30 days.,0
CUST_002444,Male,21,South,Paid Search,Month-to-month,Direct debit,Premium,DSL,Standard,49,,4309.71,192.2,500,2,36.3,54.0,3,6,1,20.4,Billing query raised; resolved via support. Customer advised on next steps.,1
CUST_002445,Female,57,West,Social,Month-to-month,Bank transfer,Standard,Fibre,Standard,28,63.57,1643.95,280.0,426,0,81.8,15.0,3,2,0,0.0,Customer satisfied with service; routine check completed. Continue monitoring.,0
CUST_002446,Male,45,West,Organic,Two year,Credit card,Premium,Fibre,Standard,7,92.07,782.2,342.7,457,0,262.3,10.0,2,0,1,15.1,Customer satisfied with service; routine check completed. Continue monitoring.,0
CUST_002447,Female,48,South,Referral,Month-to-month,Bank transfer,Standard,5G_FWA,Standard,60,80.52,4756.79,270.6,574,1,180.8,26.0,2,1,0,0.0,No recent problems; user happy with plan. Continue monitoring.,0
CUST_002448,Female,24,West,Social,Two year,Credit card,Premium,5G_FWA,Standard,43,,3653.85,206.2,381,0,111.1,27.0,1,1,0,0.0,All services working as expected; thank you note received. Continue monitoring.,0
CUST_002449,Female,56,North,Organic,One year,Direct debit,Standard,Fibre,Standard,22,79.25,1618.84,270.7,656,2,123.8,26.0,0,3,0,0.0,Account stable; no issues reported. Continue monitoring.,0
CUST_002450,Male,57,East,Referral,One year,Direct debit,Standard,None,Standard,57,46.81,2792.14,44.7,678,0,11.5,23.0,1,0,0,0.0,No recent problems; user happy with plan. Feedback recorded.,0
CUST_002451,Male,30,East,Paid Search,Month-to-month,Bank transfer,Basic,DSL,Standard,9,46.41,658.68,79.3,276,1,54.4,52.0,1,1,1,13.0,Customer satisfied with service; routine check completed. Feedback recorded.,0
CUST_002452,Male,38,East,Paid Search,One year,Credit card,Standard,5G_FWA,Standard,61,65.25,3856.43,197.8,139,0,113.0,42.0,1,1,0,0.0,All services working as expected; thank you note received. No action required.,0
CUST_002453,Female,28,North,Referral,One year,Bank transfer,Premium,Fibre,Standard,38,105.32,3732.49,253.3,615,1,183.3,25.0,1,1,0,0.0,All services working as expected; thank you note received. Continue monitoring.,0
CUST_002454,Male,54,West,Partner,Month-to-month,Direct debit,Basic,Fibre,Standard,60,47.33,3117.57,190.2,663,0,230.7,26.0,1,1,1,11.8,No recent problems; user happy with plan. Routine follow-up in 30 days.,1
CUST_002455,Male,48,East,Partner,Month-to-month,Direct debit,Premium,5G_FWA,Standard,22,93.96,1924.96,189.3,489,2,,46.0,4,0,1,14.3,Customer satisfied with service; routine check completed. Feedback recorded.,1
CUST_002456,Male,50,East,Partner,Month-to-month,Credit card,Basic,5G_FWA,Standard,9,57.86,532.07,185.1,740,2,166.0,29.0,1,0,0,0.0,Account stable; no issues reported. Continue monitoring.,1
CUST_002457,Female,32,South,Organic,One year,Credit card,Premium,Fibre,Standard,48,95.77,4601.78,,769,3,258.4,17.0,3,1,0,0.0,Customer satisfied with service; routine check completed. Feedback recorded.,0
CUST_002458,Male,38,North,Organic,Month-to-month,Bank transfer,Premium,5G_FWA,Standard,71,96.95,6810.09,253.8,586,1,151.6,43.0,1,0,0,0.0,Account stable; no issues reported. Routine follow-up in 30 days.,0
CUST_002459,NonBinary,18,North,Partner,Month-to-month,Bank transfer,Standard,Fibre,Standard,25,72.74,1874.75,264.0,206,0,305.4,6.0,2,3,0,0.0,Customer satisfied with service; routine check completed. Routine follow-up in 30 days.,0
CUST_002460,Female,36,West,Referral,One year,Direct debit,Premium,Fibre,Priority,62,106.33,6389.09,247.7,55,0,242.9,17.0,0,0,0,0.0,Customer satisfied with service; routine check completed. Continue monitoring.,0
CUST_002461,Male,19,West,Paid Search,Month-to-month,Direct debit,Premium,Fibre,Standard,11,99.62,911.31,253.6,598,2,269.8,17.0,1,1,1,10.9,Customer satisfied with service; routine check completed. Feedback recorded.,0
CUST_002462,Male,55,South,Paid Search,One year,Credit card,Standard,5G_FWA,Standard,32,62.65,1715.84,217.3,298,1,165.2,51.0,0,0,0,0.0,Customer satisfied with service; routine check completed. Routine follow-up in 30 days.,0
CUST_002463,Male,34,South,Partner,Month-to-month,Credit card,Premium,Fibre,Standard,58,87.07,5020.91,328.4,558,3,182.5,23.0,1,0,0,0.0,No recent problems; user happy with plan. Continue monitoring.,1
CUST_002464,Male,18,East,Organic,Month-to-month,Direct debit,Standard,DSL,Standard,40,75.88,3008.41,0.0,631,1,45.1,31.0,0,0,0,0.0,No recent problems; user happy with plan. Routine follow-up in 30 days.,0
CUST_002465,Male,31,East,Paid Search,One year,Credit card,Basic,DSL,Standard,62,43.31,2691.03,134.7,591,0,41.8,60.0,2,0,0,0.0,All services working as expected; thank you note received. Routine follow-up in 30 days.,0
CUST_002466,Female,25,North,Paid Search,Month-to-month,Direct debit,Premium,Fibre,Priority,72,105.49,7661.96,316.3,398,0,328.0,13.0,1,1,1,22.2,Account stable; no issues reported. Feedback recorded.,0
CUST_002467,Female,40,South,Referral,One year,Credit card,Standard,DSL,Standard,36,86.59,3231.53,117.1,993,1,43.7,46.0,4,2,0,0.0,Billing query raised; resolved via support. Monitor for 7 days.,1
CUST_002468,Male,37,West,Organic,Month-to-month,Direct debit,Standard,Fibre,Standard,37,69.17,2452.27,413.5,382,0,248.3,25.0,3,0,0,0.0,Account stable; no issues reported. Feedback recorded.,0
CUST_002469,Female,45,North,Organic,Two year,Direct debit,Basic,DSL,Priority,72,67.96,4844.87,104.6,721,1,68.3,45.0,3,0,0,0.0,Customer satisfied with service; routine check completed. Routine follow-up in 30 days.,0
CUST_002470,Female,37,East,Organic,Month-to-month,Credit card,Standard,DSL,Standard,21,69.44,1555.96,88.0,831,2,64.8,53.0,0,0,1,10.0,No recent problems; user happy with plan. Routine follow-up in 30 days.,0
CUST_002471,Female,57,South,Paid Search,Two year,Direct debit,Standard,5G_FWA,Standard,30,81.21,2529.79,180.0,767,1,145.8,27.0,2,1,0,0.0,All services working as expected; thank you note received. No action required.,0
CUST_002472,Male,49,East,Referral,Month-to-month,Bank transfer,Standard,None,Standard,68,65.77,4515.68,0.0,597,1,4.7,59.0,1,0,1,10.2,No recent problems; user happy with plan. No action required.,0
CUST_002473,Female,18,North,Organic,Two year,Credit card,Standard,5G_FWA,Standard,62,71.27,4427.41,90.4,452,0,117.5,23.0,2,1,0,0.0,Account stable; no issues reported. Feedback recorded.,0
CUST_002474,Male,60,North,Organic,Two year,Bank transfer,Basic,Fibre,Standard,31,53.86,1623.87,260.4,118,0,267.6,20.0,0,1,1,6.1,No recent problems; user happy with plan. Continue monitoring.,1
CUST_002475,Male,31,North,Organic,Two year,Credit card,Standard,Fibre,Standard,22,68.94,1374.73,312.8,213,0,165.1,22.0,2,0,0,0.0,Account stable; no issues reported. Feedback recorded.,0
CUST_002476,Female,37,West,Paid Search,Two year,Direct debit,Standard,DSL,Priority,31,68.69,2235.13,158.6,680,1,64.0,35.0,1,0,0,0.0,All services working as expected; thank you note received. No action required.,0
CUST_002477,Male,19,West,Organic,One year,Direct debit,Standard,Fibre,Standard,43,69.61,2959.25,327.1,0,0,264.0,21.0,2,0,0,0.0,Customer satisfied with service; routine check completed. Feedback recorded.,0
CUST_002478,Male,46,East,Referral,Month-to-month,Credit card,Basic,None,Standard,52,31.92,1904.56,0.0,376,1,2.1,69.0,0,2,0,0.0,Account stable; no issues reported. No action required.,0
CUST_002479,Female,37,East,Organic,Month-to-month,Direct debit,Standard,5G_FWA,Standard,40,77.25,2988.4,138.1,275,0,134.2,31.0,1,0,0,0.0,Customer satisfied with service; routine check completed. No action required.,0
CUST_002480,Male,47,West,Organic,One year,Direct debit,Standard,Fibre,Standard,45,79.67,3463.56,234.3,533,2,245.1,15.0,1,1,0,0.0,Customer satisfied with service; routine check completed. Feedback recorded.,0
CUST_002481,Female,40,East,Paid Search,One year,Credit card,Basic,5G_FWA,Priority,52,64.02,3159.04,232.7,720,1,251.7,42.0,2,0,1,6.9,All services working as expected; thank you note received. No action required.,0
CUST_002482,Male,32,South,Paid Search,Month-to-month,Credit card,Basic,Fibre,Standard,28,60.21,1642.16,254.4,677,1,216.4,31.0,2,0,0,0.0,No recent problems; user happy with plan. No action required.,0
CUST_002483,Female,31,East,Referral,Two year,Credit card,Standard,DSL,Standard,13,77.46,1072.28,197.6,170,1,57.5,37.0,2,1,1,7.5,No recent problems; user happy with plan. Continue monitoring.,1
CUST_002484,Male,40,West,Paid Search,Two year,Credit card,Standard,Fibre,Standard,7,70.67,458.88,328.8,393,0,193.8,24.0,2,0,1,24.1,Account stable; no issues reported. Feedback recorded.,0
CUST_002485,Male,40,West,Referral,One year,Direct debit,Premium,Fibre,Standard,32,90.29,2915.65,329.5,539,2,208.7,23.0,2,0,1,6.1,Customer satisfied with service; routine check completed. Routine follow-up in 30 days.,0
CUST_002486,Female,18,South,Paid Search,Month-to-month,Credit card,Basic,DSL,Standard,42,33.78,1404.21,25.7,500,0,48.9,27.0,2,2,0,0.0,Customer satisfied with service; routine check completed. Routine follow-up in 30 days.,0
CUST_002487,Female,36,South,Paid Search,Month-to-month,Direct debit,Basic,5G_FWA,Standard,33,49.42,1614.06,115.0,377,2,146.8,8.0,1,0,0,0.0,No recent problems; user happy with plan. Continue monitoring.,0
CUST_002488,Male,38,South,Social,Month-to-month,Bank transfer,Standard,Fibre,Standard,42,63.84,2811.71,273.0,596,2,159.5,16.0,1,1,0,0.0,Customer satisfied with service; routine check completed. Continue monitoring.,0
CUST_002489,Female,51,South,Organic,Two year,Credit card,Premium,Fibre,Standard,54,101.22,5532.8,277.6,576,1,169.7,24.0,3,2,1,18.8,Customer satisfied with service; routine check completed. No action required.,0
CUST_002490,Female,43,North,Organic,Month-to-month,Direct debit,Standard,DSL,Standard,38,61.69,2218.86,186.2,339,1,27.8,41.0,2,1,0,0.0,All services working as expected; thank you note received. Feedback recorded.,0
CUST_002491,Female,47,South,Paid Search,Two year,Direct debit,Basic,Fibre,Standard,52,62.92,3135.73,113.9,382,3,246.1,5.0,1,0,0,0.0,All services working as expected; thank you note received. Feedback recorded.,0
CUST_002492,Male,50,West,Social,Month-to-month,Credit card,Basic,Fibre,Standard,52,62.15,3259.78,235.7,148,0,205.0,16.0,0,0,0,0.0,All services working as expected; thank you note received. Routine follow-up in 30 days.,0
CUST_002493,Male,24,North,Organic,Two year,Direct debit,Premium,Fibre,Standard,15,97.32,1623.38,354.7,915,0,231.7,17.0,1,0,1,9.6,Account stable; no issues reported. Continue monitoring.,0
CUST_002494,Female,26,South,Organic,Two year,Bank transfer,Basic,5G_FWA,Standard,36,53.71,1833.99,188.0,540,1,73.8,21.0,0,0,0,0.0,All services working as expected; thank you note received. No action required.,0
CUST_002495,Male,26,West,Organic,Two year,Direct debit,Basic,Fibre,Standard,49,53.57,2528.37,145.1,0,1,232.9,14.0,2,2,0,0.0,No recent problems; user happy with plan. Feedback recorded.,0
CUST_002496,Male,34,North,Referral,Month-to-month,Direct debit,Basic,5G_FWA,Standard,30,51.35,1513.39,149.6,427,2,145.1,34.0,2,0,0,0.0,Customer satisfied with service; routine check completed. Feedback recorded.,0
CUST_002497,Male,39,North,Paid Search,Month-to-month,Credit card,Standard,5G_FWA,Priority,58,63.48,3753.03,195.8,380,1,2.6,25.0,3,0,0,0.0,No recent problems; user happy with plan. Feedback recorded.,0
CUST_002498,NonBinary,57,East,Paid Search,Month-to-month,Credit card,Basic,Fibre,Priority,60,67.83,3814.37,184.6,223,2,250.2,23.0,0,0,0,0.0,All services working as expected; thank you note received. Routine follow-up in 30 days.,0
CUST_002499,Female,50,South,Partner,One year,Direct debit,Standard,None,Priority,62,73.31,4445.49,86.9,577,2,15.1,64.0,0,1,1,11.3,All services working as expected; thank you note received. Feedback recorded.,0
CUST_002500,Female,39,North,Paid Search,Month-to-month,Direct debit,Standard,Fibre,Standard,69,77.32,5489.27,147.0,673,2,43.4,12.0,4,3,1,13.3,Account stable; no issues reported. Routine follow-up in 30 days.,0
