Customer_ID,Age,Gender,Region,Marketing_Channel,Annual_Income,Loan_Amount,Credit_Score,Employment_Length_Years,Number_of_Dependents,Previous_Defaults,Existing_Debt,Customer_Feedback,Loan_Default
CUST00001,45,Male,South,Social_Media,47019.36,30281.81,708.0,22.2,0,0,14615.58,The loan approval process didn't adequately assess my repayment capacity.,1
CUST00002,38,Female,East,Phone,77896.92,42536.84396599219,711.0,7.1,3,0,15679.21,Helpful staff answered all my questions. Feel confident about this loan.,0
CUST00003,47,Female,Central,Email,111059.16,23231.29,773.0,9.6,2,0,25950.88,Struggling financially and the bank has been inflexible with payment arrangements.,1
CUST00004,58,Male,Central,Email,,23698.74,673.0,6.0,5,0,13772.24,The application was straightforward. Managing the payments adequately.,0
CUST00005,37,Male,South,Branch,76141.59,16519.21,617.0,14.4,3,0,11033.99,Reasonable experience given my credit score. Making it work.,0
CUST00006,37,Male,East,Branch,53257.62,24877.55,850.0,0.3,2,1,22140.32,I regret taking this loan. The repayment schedule doesn't work with my income.,1
CUST00007,58,Female,North,Email,33230.63,16066.15,752.0,2.5,5,0,10510.99,Efficient process from application to disbursement. Would use again.,0
CUST00008,49,Female,Central,Branch,53444.17,25606.2,692.0,5.1,1,0,20740.73,Fair service. The loan helps but the terms could be better.,0
CUST00009,34,Female,Central,Email,39565.77,20918.62,686.0,0.6,1,1,8702.1,The application was straightforward. Managing the payments adequately.,0
CUST00010,46,Female,West,Social_Media,150593.59,18974.06,703.0,9.8,0,2,32564.72,Smooth application and approval. Rates are competitive and fair.,0
CUST00011,34,Male,West,Phone,107962.48,19290.05,,4.0,1,0,7652.05,Process was fine. The loan serves its purpose even if terms aren't ideal.,0
CUST00012,34,Male,West,Email,44445.65,33245.69,690.0,,2,0,20948.43,Okay service. Some months are challenging but keeping up with payments.,0
CUST00013,42,Male,East,Email,52003.63,31403.72,719.0,,0,0,28715.93,Professional service and clear communication about terms and conditions.,0
CUST00014,18,Male,North,Email,75587.6,18415.35,621.0,10.2,3,0,318.26,Service is adequate. Would prefer lower interest but it's acceptable.,0
CUST00015,19,Male,East,Branch,114482.45,32498.26,549.0,14.4,2,1,19551.32,Having trouble keeping up with payments. Wish I had better understood the terms.,1
CUST00016,33,Male,West,Online,91453.49,20682.05,513.0,4.0,0,0,7772.97,Financial burden is overwhelming. The loan has become a significant source of stress.,1
CUST00017,27,Female,West,Branch,87501.99,20867.82,751.0,6.6,1,1,22048.88,Very satisfied with the service. Payment schedule works well for my budget.,0
CUST00018,43,Female,South,Phone,80194.1,16527.46,553.0,,0,0,16082.36,Reasonable experience given my credit score. Making it work.,0
CUST00019,29,Other,Central,Branch,45390.73,51849.85,717.0,7.8,3,0,,Quick approval process and transparent about all fees. Very satisfied.,0
CUST00020,23,Female,North,Email,76025.55,48641.02,587.0,0.1,1,0,13037.06,Not satisfied with the support provided when I started having payment difficulties.,1
CUST00021,57,Female,East,Branch,72040.97,14598.88,588.0,5.4,2,0,29977.67,I regret taking this loan. The repayment schedule doesn't work with my income.,1
CUST00022,37,Male,West,Phone,39360.94,17795.33,622.0,8.3,0,0,3978.45,The loan amount was more than I could handle. I'm having financial difficulties now.,1
CUST00023,40,Female,West,Online,148778.28,26763.12,695.0,20.0,2,0,27867.61,Service is acceptable. Making payments on time but it's tight some months.,0
CUST00024,22,Female,West,Email,56305.36,29677.36,576.0,3.8,3,0,8815.1,Service is acceptable. Making payments on time but it's tight some months.,0
CUST00025,33,Male,South,Branch,39756.52,11798.7,630.0,11.6,2,1,2163.2,The loan amount was more than I could handle. I'm having financial difficulties now.,1
CUST00026,41,Male,North,Online,60319.13,12885.35,677.0,7.3,0,0,14173.46,The process was okay. Interest rate is a bit high but manageable.,0
CUST00027,26,Female,West,Online,65354.18,29732.1,583.0,20.9,0,1,8011.09,I'm struggling to make payments. The interest rate is too high for my current situation.,1
CUST00028,44,Male,East,Email,71091.29,9253.79,794.0,4.1,1,0,18602.02,Quick approval process and transparent about all fees. Very satisfied.,0
CUST00029,32,Female,North,Branch,64883.59,14669.48,542.0,3.1,2,1,19877.4,Struggling financially and the bank has been inflexible with payment arrangements.,1
CUST00030,36,Female,West,Online,72868.62,35420.55,662.0,,0,2,12143.11,Process was fine. The loan serves its purpose even if terms aren't ideal.,0
CUST00031,32,Male,East,Social_Media,78369.9,34468.09,781.0,0.4,1,0,19207.97,Having trouble keeping up with payments. Wish I had better understood the terms.,1
CUST00032,62,Male,West,Email,76592.58,50169.36,574.0,1.2,3,1,16787.72,Financial burden is overwhelming. The loan has become a significant source of stress.,1
CUST00033,39,Male,Central,Social_Media,87211.91,60270.07,,0.7,0,0,,I'm struggling to make payments. The interest rate is too high for my current situation.,1
CUST00034,27,Male,North,Branch,89561.3,91177.2,690.0,14.8,1,1,11849.92,The process was okay. Interest rate is a bit high but manageable.,0
CUST00035,49,Male,North,Branch,90576.85,17499.34,615.0,0.1,2,0,9286.94,The loan approval process didn't adequately assess my repayment capacity.,1
CUST00036,25,Female,West,Email,100858.52,15225.03,673.0,15.8,1,0,41668.57,I regret taking this loan. The repayment schedule doesn't work with my income.,1
CUST00037,42,Male,West,Branch,53766.37,27367.32,724.0,4.8,2,0,13508.7,Quick approval process and transparent about all fees. Very satisfied.,0
CUST00038,18,Female,West,Email,54574.91,9773.27,642.0,0.0,1,0,17343.3,Having trouble keeping up with payments. Wish I had better understood the terms.,1
CUST00039,24,Male,Central,Online,114727.11,18770.49,741.0,4.1,0,0,21360.68,Smooth application and approval. Rates are competitive and fair.,0
CUST00040,42,Female,West,Branch,61101.88,23562.31,711.0,1.7,0,3,11106.41,Great experience! Easy application process and reasonable interest rates.,0
CUST00041,48,Male,Central,Online,69376.29,28585.93,633.0,7.8,2,0,18220.98,Fair service. The loan helps but the terms could be better.,0
CUST00042,42,Male,East,Online,66723.16,30409.03,770.0,9.1,0,0,,Efficient process from application to disbursement. Would use again.,0
CUST00043,38,Female,East,Online,187537.55,18439.14,620.0,5.3,0,1,7635.48,Service is adequate. Would prefer lower interest but it's acceptable.,0
CUST00044,36,Female,South,Online,50060.94,10514.82,748.0,0.3,0,1,39218.11,Not satisfied with the support provided when I started having payment difficulties.,1
CUST00045,22,Male,North,Social_Media,49682.3,11713.74,622.0,8.5,1,0,22419.24,The process was okay. Interest rate is a bit high but manageable.,0
CUST00046,31,Female,East,Online,72979.2,7086.76,654.0,14.8,0,0,8723.18,Service is acceptable. Making payments on time but it's tight some months.,0
CUST00047,34,Male,South,Phone,67542.39,15534.79,666.0,10.2,3,0,7260.74,Process was fine. The loan serves its purpose even if terms aren't ideal.,0
CUST00048,52,Female,Central,Email,91397.09422822302,9661.7,707.0,14.2,1,1,39073.98,Very satisfied with the service. Payment schedule works well for my budget.,0
CUST00049,44,Male,East,Phone,70386.06,16149.99,486.0,1.8,0,1,26579.15,Struggling financially and the bank has been inflexible with payment arrangements.,1
CUST00050,18,Male,East,Online,73858.43,27207.09,716.0,17.6,0,0,12427.95,The loan approval process didn't adequately assess my repayment capacity.,1
CUST00051,43,Female,South,Email,58519.44,10641.23,671.0,3.1,2,0,9591.99,Decent experience. Wish the rates were lower but understand my credit situation.,0
CUST00052,35,Female,North,Phone,68563.98,22796.29,702.0,0.1,2,1,8752.39,Excellent customer support throughout the loan process. Highly recommend!,0
CUST00053,31,Male,North,Email,52020.9,18325.0,720.0,14.8,3,2,,The online portal makes managing payments very convenient. No issues so far.,0
CUST00054,47,Female,East,Email,44323.31,58776.22908277947,711.0,22.8,0,1,12838.72,The loan amount was more than I could handle. I'm having financial difficulties now.,1
CUST00055,52,Female,North,Social_Media,60905.44,30073.04,519.0,8.5,0,0,15500.35,Reasonable experience given my credit score. Making it work.,0
CUST00056,51,Male,West,Phone,46986.49,17674.16,595.0,2.1,4,0,6367.84,Not satisfied with the support provided when I started having payment difficulties.,1
CUST00057,29,Female,Central,Branch,41117.62,21695.49,706.0,2.3,3,0,8453.98,Customer service has been unhelpful with my payment issues. Very stressful experience.,1
CUST00058,36,Male,Central,Phone,32819.02,18366.52,695.0,,0,0,11530.36,Having trouble keeping up with payments. Wish I had better understood the terms.,1
CUST00059,43,Female,West,Online,80798.2,16433.41,616.0,18.2,2,1,48837.0,Not satisfied with the support provided when I started having payment difficulties.,1
CUST00060,51,Female,North,Email,60044.25,14259.31,,1.3,3,0,16709.27,Smooth application and approval. Rates are competitive and fair.,0
CUST00061,34,Female,Central,Online,115041.19,28462.98,659.0,14.0,1,1,4490.58,Average experience. No major complaints but nothing exceptional either.,0
CUST00062,37,Male,Central,Branch,62168.48,44957.99,750.0,2.8,1,0,6640.36,Quick approval process and transparent about all fees. Very satisfied.,0
CUST00063,26,Male,North,Email,80625.49,41817.91,776.0,13.2,2,1,38760.32,Helpful staff answered all my questions. Feel confident about this loan.,0
CUST00064,25,Male,West,Phone,55156.2,23717.107972024,702.0,20.2,2,0,,Quick approval process and transparent about all fees. Very satisfied.,0
CUST00065,49,Male,South,Branch,71996.06,44465.07,724.0,4.5,0,0,10412.76,Helpful staff answered all my questions. Feel confident about this loan.,0
CUST00066,56,Male,West,Branch,32900.57,12491.39,631.0,3.6,0,0,19470.55,Fair service. The loan helps but the terms could be better.,0
CUST00067,39,Female,Central,Email,60522.77,23567.63,,13.0,0,0,17956.82,Great experience! Easy application process and reasonable interest rates.,0
CUST00068,52,Male,North,Branch,50190.16,26053.75,697.0,6.0,2,2,13821.7,Having trouble keeping up with payments. Wish I had better understood the terms.,1
CUST00069,44,Male,Central,Email,109637.92,8908.6,656.0,9.2,1,0,7334.7,Average experience. No major complaints but nothing exceptional either.,0
CUST00070,32,Female,West,Online,78364.98,19512.12,,,0,0,2906.11,Fair service. The loan helps but the terms could be better.,0
CUST00071,44,Male,Central,Email,102674.0,46115.14,641.0,,1,1,24729.48,Very disappointed with the loan terms. Finding it difficult to manage monthly payments.,1
CUST00072,58,Female,East,Email,120889.48,6299.1,591.0,14.9,2,1,18244.78,The process was okay. Interest rate is a bit high but manageable.,0
CUST00073,39,Male,Central,Online,58456.47,76454.33,740.0,1.7,0,0,7432.87,Good experience overall. The interest rate is reasonable for my credit profile.,0
CUST00074,58,Female,North,Branch,76910.62,6970.54,777.0,21.5,3,1,,Very satisfied with the service. Payment schedule works well for my budget.,0
CUST00075,18,Male,South,Online,,25668.49,753.0,2.3,3,0,37791.63,The loan approval process didn't adequately assess my repayment capacity.,1
CUST00076,49,Male,North,Email,85990.85,9111.74,850.0,10.6,4,0,16318.25,The online portal makes managing payments very convenient. No issues so far.,0
CUST00077,41,Female,Central,Branch,91556.85,28094.61,,2.7,0,0,13453.43,The application was straightforward. Managing the payments adequately.,0
CUST00078,36,Male,West,Phone,83411.78,40730.95,727.0,3.1,0,0,3752.81,Very satisfied with the service. Payment schedule works well for my budget.,0
CUST00079,41,Female,Central,Online,58429.1,34379.74,585.0,3.0,2,0,12092.48,Having trouble keeping up with payments. Wish I had better understood the terms.,1
CUST00080,18,Male,Central,Online,155438.88,37746.65,664.0,11.0,2,0,5891.26,Decent experience. Wish the rates were lower but understand my credit situation.,0
CUST00081,37,Male,North,Online,73773.83,18414.19,561.0,6.5,0,0,12599.19,Okay service. Some months are challenging but keeping up with payments.,0
CUST00082,44,Female,South,Branch,200000.0,45923.84,725.0,17.2,1,1,27235.26,Efficient process from application to disbursement. Would use again.,0
CUST00083,57,Male,North,Phone,45397.91,66116.23,651.0,2.9,1,0,21278.6,Customer service has been unhelpful with my payment issues. Very stressful experience.,1
CUST00084,33,Female,North,Email,95435.99,22873.55,515.0,,3,3,29830.37,The loan approval process didn't adequately assess my repayment capacity.,1
CUST00085,30,Other,South,Phone,111135.56,17221.69,625.0,11.2,1,1,11349.89,Average experience. No major complaints but nothing exceptional either.,0
CUST00086,33,Female,East,Branch,45743.98,13487.58,823.0,1.3,1,0,4749.59,Efficient process from application to disbursement. Would use again.,0
CUST00087,50,Female,South,Social_Media,65373.98,33075.06,,4.1,2,0,10995.47,Excellent customer support throughout the loan process. Highly recommend!,0
CUST00088,43,Male,North,Email,39468.07,38818.9,741.0,5.3,0,0,16367.36,Great experience! Easy application process and reasonable interest rates.,0
CUST00089,33,Male,North,Social_Media,123039.48,17226.09,690.0,3.5,2,1,30694.76,The process was okay. Interest rate is a bit high but manageable.,0
CUST00090,46,Male,North,Branch,70071.07,51963.94,665.0,3.1,1,0,24123.72,Customer service has been unhelpful with my payment issues. Very stressful experience.,1
CUST00091,41,Female,Central,Online,50279.69,31451.86,681.0,9.3,1,0,3212.1,Service is adequate. Would prefer lower interest but it's acceptable.,0
CUST00092,51,Other,West,Online,111796.52,53486.468556264525,699.0,1.9,2,1,16011.02,Struggling financially and the bank has been inflexible with payment arrangements.,1
CUST00093,31,Male,Central,Email,72899.98,26162.66,592.0,9.9,1,0,27068.25,Customer service has been unhelpful with my payment issues. Very stressful experience.,1
CUST00094,36,Female,East,Online,104819.3,11889.73,741.0,21.9,1,0,32114.66,Good experience overall. The interest rate is reasonable for my credit profile.,0
CUST00095,35,Male,South,Branch,88409.94,32852.1,769.0,6.7,0,0,28466.7,Helpful staff answered all my questions. Feel confident about this loan.,0
CUST00096,22,Female,West,Branch,47600.62,12320.66,664.0,7.6,0,1,8108.76,Fair service. The loan helps but the terms could be better.,0
CUST00097,43,Male,South,Phone,57606.47,15968.79,,0.6,1,1,8442.61,Having trouble keeping up with payments. Wish I had better understood the terms.,1
CUST00098,43,Other,South,Phone,50837.31,20743.66,620.0,,3,0,41676.34,Financial burden is overwhelming. The loan has become a significant source of stress.,1
CUST00099,40,Female,South,Online,44211.87,59889.7,820.0,2.7,0,0,9871.82,Struggling financially and the bank has been inflexible with payment arrangements.,1
CUST00100,37,Male,North,Branch,35889.55,24934.41,643.0,7.6,2,1,37436.11,Not satisfied with the support provided when I started having payment difficulties.,1
CUST00101,23,Male,South,Phone,170416.56,12998.16,732.0,30.9,2,1,6698.67,Customer service has been unhelpful with my payment issues. Very stressful experience.,1
CUST00102,34,Male,South,Social_Media,82734.51,26220.66,664.0,7.2,3,1,12588.81,I'm struggling to make payments. The interest rate is too high for my current situation.,1
CUST00103,35,Male,West,Email,,30341.43,,10.3,2,0,2019.93,Average experience. No major complaints but nothing exceptional either.,0
CUST00104,30,Male,North,Social_Media,117543.56,42659.17,618.0,4.7,1,1,11943.72,The process was okay. Interest rate is a bit high but manageable.,0
CUST00105,38,Female,North,Email,57365.55,21355.09,602.0,0.5,0,0,7212.55,Customer service has been unhelpful with my payment issues. Very stressful experience.,1
CUST00106,44,Female,West,Phone,,14100.32,739.0,12.8,1,0,21381.03,Quick approval process and transparent about all fees. Very satisfied.,0
CUST00107,62,Female,North,Online,,69570.01,600.0,0.3,2,0,,Okay service. Some months are challenging but keeping up with payments.,0
CUST00108,42,Male,South,Phone,42962.78,26254.6,717.0,9.6,0,0,18708.48,Great experience! Easy application process and reasonable interest rates.,0
CUST00109,43,Female,Central,Phone,99571.41,13042.94,687.0,0.2,4,1,7506.1,The loan approval process didn't adequately assess my repayment capacity.,1
CUST00110,39,Female,North,Phone,38280.6,21243.94,740.0,15.9,2,0,29919.1,Very satisfied with the service. Payment schedule works well for my budget.,0
CUST00111,18,Male,North,Branch,41808.64,15973.46,631.0,1.4,2,1,14248.9,I regret taking this loan. The repayment schedule doesn't work with my income.,1
CUST00112,39,Female,East,Branch,55016.09,44205.41,766.0,5.8,3,0,22573.21,The online portal makes managing payments very convenient. No issues so far.,0
CUST00113,40,Female,South,Branch,97883.49,30169.75,668.0,7.3,1,0,28570.38,The process was okay. Interest rate is a bit high but manageable.,0
CUST00114,69,Male,East,Branch,145596.74,17945.4,850.0,4.9,3,0,15423.97,Very satisfied with the service. Payment schedule works well for my budget.,0
CUST00115,37,Male,West,Online,88099.53,38832.76,550.0,3.3,0,0,4337.48,Okay service. Some months are challenging but keeping up with payments.,0
CUST00116,43,Female,North,Email,55909.91,20243.15,850.0,5.0,5,0,16710.84,The online portal makes managing payments very convenient. No issues so far.,0
CUST00117,39,Male,East,Online,108935.52,20955.97,669.0,3.0,1,0,12054.59,The application was straightforward. Managing the payments adequately.,0
CUST00118,25,Female,East,Online,37873.07,13882.28,697.0,4.6,2,0,6913.9,The application was straightforward. Managing the payments adequately.,0
CUST00119,53,Female,North,Branch,48614.24,13820.43,631.0,3.6,0,0,34787.56,Financial burden is overwhelming. The loan has become a significant source of stress.,1
CUST00120,49,Female,West,Phone,,66781.3,554.0,6.7,0,1,11083.22,Struggling financially and the bank has been inflexible with payment arrangements.,1
CUST00121,49,Male,South,Branch,102153.4,37746.15,637.0,2.2,1,0,20411.67,Reasonable experience given my credit score. Making it work.,0
CUST00122,29,Male,East,Online,66804.41,7511.55,650.0,35.8,0,0,23783.89,Reasonable experience given my credit score. Making it work.,0
CUST00123,56,Female,North,Phone,63759.5,12159.5,694.0,5.6,1,0,16715.76,Service is acceptable. Making payments on time but it's tight some months.,0
CUST00124,23,Female,East,Branch,65363.58,10843.82,769.0,1.7,2,2,10172.27,Very satisfied with the service. Payment schedule works well for my budget.,0
CUST00125,47,Male,South,Social_Media,117056.2,22452.06,695.0,5.2,0,0,3915.16,I regret taking this loan. The repayment schedule doesn't work with my income.,1
CUST00126,66,Female,Central,Social_Media,52187.38,16863.48,696.0,16.1,1,0,18563.71,Service is adequate. Would prefer lower interest but it's acceptable.,0
CUST00127,28,Female,North,Branch,,49548.37,710.0,0.2,2,1,11156.61,Quick approval process and transparent about all fees. Very satisfied.,0
CUST00128,33,Male,South,Branch,64922.0,17795.69,539.0,9.1,1,0,40974.58,Decent experience. Wish the rates were lower but understand my credit situation.,0
CUST00129,41,Male,East,Email,124625.57,62682.07,546.0,6.4,4,0,8267.32,The loan amount was more than I could handle. I'm having financial difficulties now.,1
CUST00130,33,Female,West,Online,54632.43,20608.26,560.0,1.5,3,3,2082.8,Customer service has been unhelpful with my payment issues. Very stressful experience.,1
CUST00131,21,Male,East,Branch,65275.41,70987.26,650.0,13.6,3,0,5394.2,The loan amount was more than I could handle. I'm having financial difficulties now.,1
CUST00132,40,Male,West,Branch,37655.21,19188.58,530.0,3.7,0,0,28433.61,The loan amount was more than I could handle. I'm having financial difficulties now.,1
CUST00133,27,Male,West,Social_Media,66449.97,19411.14,624.0,2.8,1,0,24285.92,Not satisfied with the support provided when I started having payment difficulties.,1
CUST00134,45,Male,Central,Online,80963.07,37249.05,570.0,14.1,1,1,34601.42,Financial burden is overwhelming. The loan has become a significant source of stress.,1
CUST00135,28,Female,South,Phone,42987.61,34070.0,719.0,,3,0,12198.33,Financial burden is overwhelming. The loan has become a significant source of stress.,1
CUST00136,58,Female,East,Email,117157.78,9926.07,715.0,18.3,3,0,22254.41,Efficient process from application to disbursement. Would use again.,0
CUST00137,30,Male,Central,Branch,80500.87,22773.07,655.0,8.0,2,0,16159.71,Service is acceptable. Making payments on time but it's tight some months.,0
CUST00138,36,Female,Central,Online,,16773.4,,10.8,6,1,8763.38,Reasonable experience given my credit score. Making it work.,0
CUST00139,49,Female,Central,Social_Media,80767.67,16115.69,661.0,14.5,1,0,14178.47,The application was straightforward. Managing the payments adequately.,0
CUST00140,25,Female,South,Branch,90422.68,22708.14,,,0,0,10574.31,Excellent customer support throughout the loan process. Highly recommend!,0
CUST00141,42,Male,North,Phone,34206.11,18216.5,,12.0,0,0,33325.6,The loan approval process didn't adequately assess my repayment capacity.,1
CUST00142,55,Male,East,Online,82144.95,24142.76,820.0,7.6,0,0,8714.69,Good experience overall. The interest rate is reasonable for my credit profile.,0
CUST00143,20,Other,West,Branch,122570.78,11863.54,769.0,0.6,2,1,36524.26,The online portal makes managing payments very convenient. No issues so far.,0
CUST00144,42,Female,East,Branch,,8818.76,693.0,5.7,4,0,8281.27,Service is adequate. Would prefer lower interest but it's acceptable.,0
CUST00145,43,Male,East,Online,58667.06,38108.9,657.0,0.7,1,1,10580.26,Having trouble keeping up with payments. Wish I had better understood the terms.,1
CUST00146,49,Male,Central,Online,62778.88,41671.6,620.0,10.7,0,0,14670.75,Process was fine. The loan serves its purpose even if terms aren't ideal.,0
CUST00147,25,Male,South,Email,225887.6379442652,36700.92,788.0,6.3,2,1,7987.0,Helpful staff answered all my questions. Feel confident about this loan.,0
CUST00148,24,Female,Central,Online,45788.12,22113.85,693.0,24.6,0,0,14579.03,Having trouble keeping up with payments. Wish I had better understood the terms.,1
CUST00149,46,Female,South,Online,88561.38,17411.18,730.0,1.6,0,0,16013.43,Quick approval process and transparent about all fees. Very satisfied.,0
CUST00150,43,Female,South,Branch,63279.79,14890.36,632.0,,1,2,32185.16,Customer service has been unhelpful with my payment issues. Very stressful experience.,1
CUST00151,43,Male,East,Email,148866.22,13366.73,580.0,1.9,1,3,,I'm struggling to make payments. The interest rate is too high for my current situation.,1
CUST00152,44,Female,West,Online,64852.36,20621.68,647.0,7.6,1,0,8341.43,Customer service has been unhelpful with my payment issues. Very stressful experience.,1
CUST00153,31,Female,North,Phone,28905.95,41058.73,655.0,10.3,1,0,39600.69,Process was fine. The loan serves its purpose even if terms aren't ideal.,0
CUST00154,42,Male,North,Online,95995.32,14187.49,695.0,10.2,3,0,10409.33,Process was fine. The loan serves its purpose even if terms aren't ideal.,0
CUST00155,43,Female,Central,Online,86559.46,41101.05,621.0,13.5,1,1,10407.37,Very disappointed with the loan terms. Finding it difficult to manage monthly payments.,1
CUST00156,31,Other,North,Online,78995.48,9036.87,681.0,15.4,1,0,7920.06,Okay service. Some months are challenging but keeping up with payments.,0
CUST00157,62,Male,East,Email,121010.4,24890.28,774.0,,2,0,21927.79,Great experience! Easy application process and reasonable interest rates.,0
CUST00158,45,Female,East,Online,35816.67,28022.48,546.0,3.4,1,0,,Very disappointed with the loan terms. Finding it difficult to manage monthly payments.,1
CUST00159,25,Male,East,Online,48901.23,15805.12,510.0,9.3,1,2,17945.75,Not satisfied with the support provided when I started having payment difficulties.,1
CUST00160,47,Female,West,Branch,71836.67,11451.12,779.0,5.5,1,0,43409.65,Efficient process from application to disbursement. Would use again.,0
CUST00161,28,Female,South,Email,77147.34,35150.18,562.0,1.7,0,0,2825.56,Customer service has been unhelpful with my payment issues. Very stressful experience.,1
CUST00162,49,Female,East,Online,67358.25,22213.41,649.0,6.4,2,0,,Decent experience. Wish the rates were lower but understand my credit situation.,0
CUST00163,53,Female,South,Branch,37852.78,84138.04,728.0,4.2,0,0,5131.29,Very satisfied with the service. Payment schedule works well for my budget.,0
CUST00164,30,Male,West,Online,134193.76058963107,89625.28206464738,675.0,4.0,2,0,18703.76,The application was straightforward. Managing the payments adequately.,0
CUST00165,51,Female,North,Branch,143879.17,41631.48,,13.3,1,1,17619.04,Fair service. The loan helps but the terms could be better.,0
CUST00166,44,Female,East,Phone,44944.7,5924.2,685.0,4.2,2,1,23141.76,Decent experience. Wish the rates were lower but understand my credit situation.,0
CUST00167,49,Male,North,Phone,71147.23,14347.98,850.0,0.2,0,0,9406.42,Excellent customer support throughout the loan process. Highly recommend!,0
CUST00168,62,Female,South,Branch,88708.88,10745.05,,0.5,2,1,9789.72,Struggling financially and the bank has been inflexible with payment arrangements.,1
CUST00169,37,Female,North,Branch,101322.07,6943.46,624.0,15.5,3,0,,Decent experience. Wish the rates were lower but understand my credit situation.,0
CUST00170,30,Male,North,Online,95787.27,21176.79,764.0,25.9,2,0,9340.35,Helpful staff answered all my questions. Feel confident about this loan.,0
CUST00171,29,Female,Central,Branch,57128.38,34628.95,720.0,9.3,0,3,25443.21,The loan approval process didn't adequately assess my repayment capacity.,1
CUST00172,30,Female,South,Online,48818.35,12066.53,678.0,3.6,1,0,1468.99,Reasonable experience given my credit score. Making it work.,0
CUST00173,39,Male,Central,Email,149435.45,7097.65,607.0,22.3,0,0,16864.41,Average experience. No major complaints but nothing exceptional either.,0
CUST00174,44,Other,Central,Social_Media,105843.48,12623.64,716.0,8.7,2,3,,Great experience! Easy application process and reasonable interest rates.,0
CUST00175,43,Male,East,Social_Media,74094.5,19688.22,655.0,14.9,3,0,12214.42,Service is adequate. Would prefer lower interest but it's acceptable.,0
CUST00176,49,Male,North,Email,283643.95751490747,18844.27,649.0,11.6,1,1,33061.09,Average experience. No major complaints but nothing exceptional either.,0
CUST00177,40,Male,South,Phone,37616.36,21803.18,618.0,3.8,1,2,9662.73,I'm struggling to make payments. The interest rate is too high for my current situation.,1
CUST00178,57,Female,West,Email,40608.98,27677.56,759.0,5.2,1,0,16409.35,The loan approval process didn't adequately assess my repayment capacity.,1
CUST00179,36,Female,South,Online,29138.46,21486.92,618.0,1.6,4,0,27174.76,Service is adequate. Would prefer lower interest but it's acceptable.,0
CUST00180,72,Male,North,Phone,76763.71,35785.09,619.0,2.8,1,0,5641.65,Process was fine. The loan serves its purpose even if terms aren't ideal.,0
CUST00181,47,Male,East,Branch,78361.02,12190.42,742.0,,1,0,28742.99,Quick approval process and transparent about all fees. Very satisfied.,0
CUST00182,29,Female,Central,Branch,39247.86,18384.77,668.0,,0,0,17796.53,Very disappointed with the loan terms. Finding it difficult to manage monthly payments.,1
CUST00183,27,Male,West,Email,104099.65,30417.53,670.0,10.3,1,1,7650.92,Service is acceptable. Making payments on time but it's tight some months.,0
CUST00184,45,Female,North,Online,32323.75,25566.78,,5.0,1,0,13720.1,Customer service has been unhelpful with my payment issues. Very stressful experience.,1
CUST00185,37,Female,West,Branch,84167.14,58284.78,785.0,0.7,2,0,7128.04,Good experience overall. The interest rate is reasonable for my credit profile.,0
CUST00186,48,Female,South,Social_Media,92758.47,12474.08,509.0,0.5,0,0,,Reasonable experience given my credit score. Making it work.,0
CUST00187,45,Other,North,Online,76364.1,56971.47302359862,669.0,3.8,1,0,11488.17,Process was fine. The loan serves its purpose even if terms aren't ideal.,0
CUST00188,39,Male,Central,Branch,37321.4,14784.23,567.0,5.0,1,1,10444.38,I regret taking this loan. The repayment schedule doesn't work with my income.,1
CUST00189,29,Other,South,Social_Media,120412.04,13871.8,649.0,7.5,0,0,21384.29,Okay service. Some months are challenging but keeping up with payments.,0
CUST00190,21,Female,South,Phone,57918.9,39953.91,679.0,0.1,1,1,12011.88,The loan approval process didn't adequately assess my repayment capacity.,1
CUST00191,34,Female,North,Branch,57995.85,21343.59,651.0,36.6,2,0,14228.44,Decent experience. Wish the rates were lower but understand my credit situation.,0
CUST00192,50,Male,Central,Online,53356.73,25308.89,597.0,3.6,2,0,13506.63,Customer service has been unhelpful with my payment issues. Very stressful experience.,1
CUST00193,42,Female,West,Branch,97277.24,15443.39,593.0,15.1,2,0,1965.09,Service is acceptable. Making payments on time but it's tight some months.,0
CUST00194,25,Male,West,Email,56791.2,15965.92,738.0,6.1,1,0,4280.93,Good experience overall. The interest rate is reasonable for my credit profile.,0
CUST00195,42,Male,West,Phone,43348.86,8737.9,802.0,1.1,3,0,8430.16,Quick approval process and transparent about all fees. Very satisfied.,0
CUST00196,44,Male,North,Branch,109651.9,24129.81,515.0,12.8,3,0,8913.57,The application was straightforward. Managing the payments adequately.,0
CUST00197,29,Female,East,Online,70413.76,11550.88,653.0,9.9,1,1,1759.8,Average experience. No major complaints but nothing exceptional either.,0
CUST00198,41,Female,South,Online,111414.76,19903.34,738.0,6.0,0,0,14212.23,Financial burden is overwhelming. The loan has become a significant source of stress.,1
CUST00199,40,Female,North,Social_Media,72679.6,35762.01,,5.8,1,1,12714.34,Decent experience. Wish the rates were lower but understand my credit situation.,0
CUST00200,26,Female,East,Branch,51902.98,7675.33,590.0,0.7,0,0,15397.01,Average experience. No major complaints but nothing exceptional either.,0
CUST00201,44,Male,Central,Phone,33843.19,214336.43628107218,641.0,8.5,1,0,10965.87,Service is acceptable. Making payments on time but it's tight some months.,0
CUST00202,46,Female,North,Online,76906.78,13711.31,,19.4,0,0,35765.82,I regret taking this loan. The repayment schedule doesn't work with my income.,1
CUST00203,52,Male,South,Phone,62836.41,20242.79,655.0,0.8,2,0,19681.62,Financial burden is overwhelming. The loan has become a significant source of stress.,1
CUST00204,52,Female,North,Social_Media,99103.82,25290.45,676.0,2.4,1,1,38762.87,Struggling financially and the bank has been inflexible with payment arrangements.,1
CUST00205,23,Female,South,Phone,55713.89,13454.53,,18.6,2,0,5618.11,Financial burden is overwhelming. The loan has become a significant source of stress.,1
CUST00206,28,Female,Central,Online,85294.38,16298.02,638.0,2.7,2,0,10732.06,Reasonable experience given my credit score. Making it work.,0
CUST00207,46,Female,East,Phone,71396.45,40735.69,745.0,8.5,0,0,9040.13,The loan amount was more than I could handle. I'm having financial difficulties now.,1
CUST00208,46,Male,East,Email,50096.86,33474.7,641.0,6.1,1,0,3417.92,Not satisfied with the support provided when I started having payment difficulties.,1
CUST00209,46,Male,West,Branch,57543.55,18613.4,599.0,,2,1,12241.4,I regret taking this loan. The repayment schedule doesn't work with my income.,1
CUST00210,75,Female,North,Email,40280.36,21643.07,850.0,4.3,0,0,1631.79,Quick approval process and transparent about all fees. Very satisfied.,0
CUST00211,46,Male,East,Phone,154431.89,23539.93,673.0,2.9,1,0,20783.38,The process was okay. Interest rate is a bit high but manageable.,0
CUST00212,53,Male,East,Email,84480.73,29948.15,471.0,0.4,2,0,30361.17,The process was okay. Interest rate is a bit high but manageable.,0
CUST00213,51,Female,East,Phone,39316.04,31233.36,780.0,10.9,1,2,11715.87,Customer service has been unhelpful with my payment issues. Very stressful experience.,1
CUST00214,47,Female,Central,Online,150622.66,30744.43,,11.0,1,0,,Professional service and clear communication about terms and conditions.,0
CUST00215,36,Male,West,Branch,44711.41,16913.85,716.0,8.9,0,0,30552.73,Struggling financially and the bank has been inflexible with payment arrangements.,1
CUST00216,49,Male,South,Online,55323.58,23096.08,730.0,8.3,0,0,6569.05,Excellent customer support throughout the loan process. Highly recommend!,0
CUST00217,30,Female,Central,Social_Media,64773.51,38160.42,850.0,2.2,0,1,,Having trouble keeping up with payments. Wish I had better understood the terms.,1
CUST00218,37,Female,North,Email,72147.21,69462.22,602.0,0.2,3,0,1579.84,Decent experience. Wish the rates were lower but understand my credit situation.,0
CUST00219,34,Male,North,Phone,97908.54,22716.23,690.0,13.2,1,0,7178.21,Average experience. No major complaints but nothing exceptional either.,0
CUST00220,40,Male,North,Branch,31429.31,15618.52,837.0,5.4,2,0,8205.48,Great experience! Easy application process and reasonable interest rates.,0
CUST00221,67,Male,South,Online,72642.49,13313.1,850.0,2.9,0,0,21854.77,Excellent customer support throughout the loan process. Highly recommend!,0
CUST00222,18,Male,East,Email,63359.85,30886.46,650.0,0.9,3,0,4479.83,Okay service. Some months are challenging but keeping up with payments.,0
CUST00223,48,Male,West,Branch,77512.35,8552.61,840.0,0.5,0,0,3243.44,Excellent customer support throughout the loan process. Highly recommend!,0
CUST00224,20,Female,Central,Online,62044.92,31071.72,744.0,3.4,1,0,,Professional service and clear communication about terms and conditions.,0
CUST00225,34,Female,East,Phone,58608.16,31396.6,799.0,13.1,0,0,8652.95,Quick approval process and transparent about all fees. Very satisfied.,0
CUST00226,53,Female,East,Online,67976.09,15944.33,741.0,20.1,2,0,15375.76,Very satisfied with the service. Payment schedule works well for my budget.,0
CUST00227,40,Male,North,Branch,,24959.17,704.0,18.2,0,1,22765.83,Excellent customer support throughout the loan process. Highly recommend!,0
CUST00228,27,Female,North,Branch,59080.99,40501.42680876739,850.0,20.2,1,2,,Smooth application and approval. Rates are competitive and fair.,0
CUST00229,31,Male,East,Online,117879.82,9702.94,637.0,,5,1,18060.7,I regret taking this loan. The repayment schedule doesn't work with my income.,1
CUST00230,48,Other,East,Social_Media,76082.62,29732.8,832.0,6.0,0,0,7928.82,Good experience overall. The interest rate is reasonable for my credit profile.,0
CUST00231,31,Female,Central,Online,74543.7,28168.17,844.0,2.0,1,0,24172.37,The loan approval process didn't adequately assess my repayment capacity.,1
CUST00232,42,Male,North,Online,77836.29,16682.03,789.0,12.8,1,1,6235.59,Smooth application and approval. Rates are competitive and fair.,0
CUST00233,40,Female,North,Online,88581.76,68804.78,,1.9,1,0,30309.1,Reasonable experience given my credit score. Making it work.,0
CUST00234,32,Male,East,Email,61004.09,21749.19,699.0,2.5,2,0,,Customer service has been unhelpful with my payment issues. Very stressful experience.,1
CUST00235,65,Female,South,Branch,114141.17,7381.28,578.0,2.1,2,1,5284.74,Very disappointed with the loan terms. Finding it difficult to manage monthly payments.,1
CUST00236,47,Male,North,Phone,88679.14,39356.64,643.0,5.8,1,0,14056.06,Struggling financially and the bank has been inflexible with payment arrangements.,1
CUST00237,18,Male,West,Online,41577.13,34055.35,729.0,3.1,2,0,,Great experience! Easy application process and reasonable interest rates.,0
CUST00238,42,Female,North,Online,28974.07,36471.58,565.0,1.3,1,0,5495.57,Okay service. Some months are challenging but keeping up with payments.,0
CUST00239,32,Male,West,Branch,144483.36,11895.61,656.0,4.8,4,0,8462.77,Fair service. The loan helps but the terms could be better.,0
CUST00240,50,Female,South,Email,78919.84,24567.96,835.0,16.6,2,0,19101.78,Helpful staff answered all my questions. Feel confident about this loan.,0
CUST00241,30,Male,North,Email,39732.62,21533.38,667.0,6.8,0,1,15687.02,Not satisfied with the support provided when I started having payment difficulties.,1
CUST00242,38,Female,South,Online,59046.39,19521.23,762.0,16.9,3,0,18358.22,Not satisfied with the support provided when I started having payment difficulties.,1
CUST00243,46,Female,West,Branch,105820.31,45608.69,725.0,1.7,3,0,30695.24,Having trouble keeping up with payments. Wish I had better understood the terms.,1
CUST00244,50,Female,South,Social_Media,66254.62,21926.14,655.0,1.5,1,1,16916.72,Reasonable experience given my credit score. Making it work.,0
CUST00245,25,Male,West,Branch,68836.23,17019.46,667.0,6.9,1,0,,Customer service has been unhelpful with my payment issues. Very stressful experience.,1
CUST00246,35,Male,North,Email,96985.31,16920.96,693.0,5.0,1,0,25132.88,Average experience. No major complaints but nothing exceptional either.,0
CUST00247,34,Male,West,Online,82238.99,11412.29,515.0,8.6,0,0,8624.9,Fair service. The loan helps but the terms could be better.,0
CUST00248,32,Male,South,Social_Media,91568.53,23195.03,755.0,12.7,0,1,31644.5,Professional service and clear communication about terms and conditions.,0
CUST00249,61,Female,West,Email,96524.56,47718.52,670.0,11.1,2,0,16420.1,Service is acceptable. Making payments on time but it's tight some months.,0
CUST00250,44,Female,East,Social_Media,52492.22,34788.15108027194,758.0,22.8,3,0,28436.65,Professional service and clear communication about terms and conditions.,0
CUST00251,24,Female,Central,Phone,122760.37969316408,25383.46,711.0,4.1,0,0,18606.82,Efficient process from application to disbursement. Would use again.,0
CUST00252,51,Female,South,Branch,49969.13,19341.6,666.0,1.8,2,0,,Process was fine. The loan serves its purpose even if terms aren't ideal.,0
CUST00253,65,Female,North,Social_Media,55747.64,20576.71,695.0,,0,0,5295.73,Reasonable experience given my credit score. Making it work.,0
CUST00254,52,Female,North,Online,67690.61,34965.9,696.0,0.9,0,0,11561.87,Financial burden is overwhelming. The loan has become a significant source of stress.,1
CUST00255,21,Male,Central,Branch,69820.64,11333.32,798.0,2.7,1,0,21058.28,Quick approval process and transparent about all fees. Very satisfied.,0
CUST00256,34,Female,East,Email,,8947.75,685.0,1.9,3,0,15162.11,The application was straightforward. Managing the payments adequately.,0
CUST00257,55,Female,West,Email,80507.74,39392.19,703.0,4.0,0,0,6286.42,Very satisfied with the service. Payment schedule works well for my budget.,0
CUST00258,31,Female,South,Social_Media,68263.75,15697.41,579.0,0.9,1,0,39629.29,Service is adequate. Would prefer lower interest but it's acceptable.,0
CUST00259,45,Male,South,Online,45751.84,17136.73,676.0,0.3,1,0,12872.08,Service is adequate. Would prefer lower interest but it's acceptable.,0
CUST00260,49,Male,North,Email,62595.89,77863.59,796.0,8.6,4,1,26599.67,Good experience overall. The interest rate is reasonable for my credit profile.,0
CUST00261,28,Male,Central,Email,149710.74,33928.47,714.0,7.5,0,1,19915.92,I regret taking this loan. The repayment schedule doesn't work with my income.,1
CUST00262,39,Female,West,Online,148576.11,12813.54,593.0,9.9,0,2,23556.27,The application was straightforward. Managing the payments adequately.,0
CUST00263,18,Female,Central,Branch,62271.85,41046.4,602.0,8.6,0,0,,The process was okay. Interest rate is a bit high but manageable.,0
CUST00264,27,Male,South,Online,,34400.5,620.0,1.0,1,0,13278.36,Average experience. No major complaints but nothing exceptional either.,0
CUST00265,36,Other,West,Branch,58825.56,5230.64,759.0,2.8,2,0,23964.87,The online portal makes managing payments very convenient. No issues so far.,0
CUST00266,25,Male,West,Social_Media,129528.23,23702.22,750.0,1.1,1,0,26476.09,Struggling financially and the bank has been inflexible with payment arrangements.,1
CUST00267,59,Male,South,Phone,67891.63,11635.8,403.0,14.8,1,0,,Very disappointed with the loan terms. Finding it difficult to manage monthly payments.,1
CUST00268,22,Male,Central,Email,97030.01,20551.61,673.0,11.0,2,0,7546.12,Okay service. Some months are challenging but keeping up with payments.,0
CUST00269,34,Female,Central,Social_Media,71283.86,69596.57,691.0,1.8,1,0,2915.72,Fair service. The loan helps but the terms could be better.,0
CUST00270,41,Female,Central,Branch,38595.3,35850.89,603.0,,0,0,4409.4,I regret taking this loan. The repayment schedule doesn't work with my income.,1
CUST00271,57,Male,West,Email,72384.81,38761.61,648.0,27.2,1,0,13789.18,Decent experience. Wish the rates were lower but understand my credit situation.,0
CUST00272,22,Female,South,Branch,102865.09,19364.54,,7.2,1,0,14830.21,Professional service and clear communication about terms and conditions.,0
CUST00273,53,Male,South,Email,55426.51,38868.75,712.0,12.9,1,0,13745.06,Smooth application and approval. Rates are competitive and fair.,0
CUST00274,40,Female,Central,Online,101638.56,13979.01,640.0,2.5,2,0,5111.77,Service is adequate. Would prefer lower interest but it's acceptable.,0
CUST00275,28,Female,North,Social_Media,74368.47,23524.33,665.0,1.9,1,2,8865.0,The application was straightforward. Managing the payments adequately.,0
CUST00276,45,Female,West,Online,99194.79,34870.83,661.0,12.3,1,0,39383.34,Service is acceptable. Making payments on time but it's tight some months.,0
CUST00277,42,Male,West,Branch,82759.88,34238.98,702.0,9.3,0,0,17816.85,The loan amount was more than I could handle. I'm having financial difficulties now.,1
CUST00278,32,Other,West,Email,46923.53,9212.89,565.0,9.1,2,1,13085.25,Struggling financially and the bank has been inflexible with payment arrangements.,1
CUST00279,40,Female,Central,Branch,62866.98,60530.23,626.0,6.4,0,0,38798.39,I'm struggling to make payments. The interest rate is too high for my current situation.,1
CUST00280,35,Male,South,Phone,62012.44,12518.4,762.0,6.6,3,0,44729.91,Quick approval process and transparent about all fees. Very satisfied.,0
CUST00281,41,Female,South,Branch,54352.68,86408.2,674.0,10.6,1,0,9622.2,Reasonable experience given my credit score. Making it work.,0
CUST00282,47,Male,North,Email,79901.66,35492.74,612.0,2.5,1,0,17911.3,Very disappointed with the loan terms. Finding it difficult to manage monthly payments.,1
CUST00283,59,Female,East,Online,162581.93,33698.6,615.0,3.5,3,0,,Okay service. Some months are challenging but keeping up with payments.,0
CUST00284,25,Male,South,Online,114209.57,13121.29,737.0,16.4,1,0,2653.73,Excellent customer support throughout the loan process. Highly recommend!,0
CUST00285,65,Female,South,Online,121273.12,16078.66,638.0,3.0,0,0,11505.58,Average experience. No major complaints but nothing exceptional either.,0
CUST00286,18,Female,Central,Branch,53010.79,57589.34,720.0,6.3,1,1,4826.5,The online portal makes managing payments very convenient. No issues so far.,0
CUST00287,38,Male,Central,Online,122209.29,53107.13,629.0,9.7,1,0,8875.95,Process was fine. The loan serves its purpose even if terms aren't ideal.,0
CUST00288,47,Male,North,Branch,141115.17,19684.35,589.0,40.0,1,0,16672.17,Fair service. The loan helps but the terms could be better.,0
CUST00289,43,Male,South,Branch,52306.68,18717.61,699.0,4.6,0,0,,Very disappointed with the loan terms. Finding it difficult to manage monthly payments.,1
CUST00290,32,Male,Central,Online,86832.32,19040.0,672.0,4.5,1,0,18263.42,Decent experience. Wish the rates were lower but understand my credit situation.,0
CUST00291,37,Male,North,Phone,87854.27,41214.59,734.0,14.8,2,1,9704.64,Helpful staff answered all my questions. Feel confident about this loan.,0
CUST00292,34,Female,North,Email,64797.98,38842.3,750.0,13.1,1,0,46400.67,Financial burden is overwhelming. The loan has become a significant source of stress.,1
CUST00293,32,Male,North,Online,77123.16,27197.2,651.0,10.5,1,1,14556.94,Having trouble keeping up with payments. Wish I had better understood the terms.,1
CUST00294,50,Male,East,Phone,89772.38,23662.15,707.0,5.0,1,0,26700.99,Professional service and clear communication about terms and conditions.,0
CUST00295,44,Female,North,Phone,66648.71,19552.08,648.0,3.1,3,1,28280.31,I regret taking this loan. The repayment schedule doesn't work with my income.,1
CUST00296,31,Male,Central,Branch,111714.89,82217.34,730.0,,2,0,13005.37,Great experience! Easy application process and reasonable interest rates.,0
CUST00297,50,Female,East,Email,41661.76,9716.57,698.0,16.7,2,0,941.56,Having trouble keeping up with payments. Wish I had better understood the terms.,1
CUST00298,43,Female,East,Branch,,17264.08,630.0,17.2,1,1,8009.69,Reasonable experience given my credit score. Making it work.,0
CUST00299,49,Female,South,Branch,97903.55,26089.14,623.0,0.9,4,1,8333.56,Process was fine. The loan serves its purpose even if terms aren't ideal.,0
CUST00300,47,Female,East,Online,154331.65,8798.59,,4.5,1,0,13355.22,Efficient process from application to disbursement. Would use again.,0
CUST00301,30,Female,West,Phone,,27943.54851182551,772.0,5.0,4,2,11236.62,Great experience! Easy application process and reasonable interest rates.,0
CUST00302,33,Male,West,Phone,76434.1,69048.96,752.0,30.4,2,0,11720.15,The online portal makes managing payments very convenient. No issues so far.,0
CUST00303,48,Male,West,Online,68020.76,37299.75,604.0,9.1,2,0,13996.6,The loan amount was more than I could handle. I'm having financial difficulties now.,1
CUST00304,47,Male,East,Branch,63378.65,15391.58,612.0,4.2,3,0,15991.13,The application was straightforward. Managing the payments adequately.,0
CUST00305,39,Female,Central,Social_Media,63538.99,15126.16,624.0,0.2,2,0,2824.92,Reasonable experience given my credit score. Making it work.,0
CUST00306,41,Male,West,Branch,,9753.26,632.0,6.7,1,2,15792.62,The application was straightforward. Managing the payments adequately.,0
CUST00307,55,Female,West,Branch,151295.3,16648.81,534.0,0.8,1,0,22207.49,Process was fine. The loan serves its purpose even if terms aren't ideal.,0
CUST00308,32,Other,North,Social_Media,153470.15733483207,30138.44,743.0,14.4,1,0,46827.98,The online portal makes managing payments very convenient. No issues so far.,0
CUST00309,46,Female,North,Email,50991.44,27115.04,643.0,11.2,1,0,15378.38,The application was straightforward. Managing the payments adequately.,0
CUST00310,37,Female,North,Phone,86232.83,34690.13401030643,716.0,4.9,3,0,25573.02,Financial burden is overwhelming. The loan has become a significant source of stress.,1
CUST00311,37,Male,West,Email,52620.35,12419.36,654.0,4.5,1,0,20830.3,Service is adequate. Would prefer lower interest but it's acceptable.,0
CUST00312,53,Female,South,Email,106857.93,19398.92,678.0,18.2,2,0,7225.9,Fair service. The loan helps but the terms could be better.,0
CUST00313,49,Female,South,Branch,51639.42,19148.02,625.0,2.7,5,0,,Not satisfied with the support provided when I started having payment difficulties.,1
CUST00314,49,Male,Central,Branch,99917.87,34456.72,677.0,2.3,0,0,36581.09,Customer service has been unhelpful with my payment issues. Very stressful experience.,1
CUST00315,55,Male,Central,Branch,62988.63,24826.09,610.0,22.4,2,0,35325.46,Financial burden is overwhelming. The loan has become a significant source of stress.,1
CUST00316,40,Female,Central,Social_Media,81260.85,22891.31,678.0,13.3,0,0,35293.07,The process was okay. Interest rate is a bit high but manageable.,0
CUST00317,48,Female,South,Phone,103360.76,43411.76,796.0,13.7,0,0,71013.46,Good experience overall. The interest rate is reasonable for my credit profile.,0
CUST00318,36,Female,West,Online,57066.44,52812.03,721.0,1.7,2,0,22002.99,Struggling financially and the bank has been inflexible with payment arrangements.,1
CUST00319,43,Female,South,Email,102226.68,26919.48,703.0,1.2,0,0,9883.49,Good experience overall. The interest rate is reasonable for my credit profile.,0
CUST00320,38,Female,North,Branch,34259.56,27318.19,574.0,0.2,1,0,22364.74,Financial burden is overwhelming. The loan has become a significant source of stress.,1
CUST00321,41,Female,North,Online,135968.85,20199.29,725.0,2.2,0,0,6352.46,Helpful staff answered all my questions. Feel confident about this loan.,0
CUST00322,47,Male,South,Branch,110237.95,13025.03,733.0,11.9,2,0,19775.26,Very satisfied with the service. Payment schedule works well for my budget.,0
CUST00323,30,Male,East,Branch,69170.57,36112.41,701.0,2.2,1,3,,Struggling financially and the bank has been inflexible with payment arrangements.,1
CUST00324,65,Male,Central,Email,119319.11,32012.03,697.0,10.4,1,0,7942.77,Service is adequate. Would prefer lower interest but it's acceptable.,0
CUST00325,27,Female,North,Online,113600.86,21184.85,668.0,2.3,0,0,2511.25,Okay service. Some months are challenging but keeping up with payments.,0
CUST00326,25,Female,West,Email,71897.57,24871.83,731.0,4.0,2,0,18752.64,Great experience! Easy application process and reasonable interest rates.,0
CUST00327,53,Female,East,Phone,71564.21,41684.25,791.0,32.7,0,0,34076.83,Excellent customer support throughout the loan process. Highly recommend!,0
CUST00328,49,Male,South,Online,48523.75,45931.44,706.0,2.2,2,1,15438.1,Having trouble keeping up with payments. Wish I had better understood the terms.,1
CUST00329,47,Female,East,Social_Media,,5984.07,602.0,3.8,1,2,13996.7,I regret taking this loan. The repayment schedule doesn't work with my income.,1
CUST00330,47,Female,South,Branch,38152.02,14811.0,608.0,2.9,1,0,8464.08,I regret taking this loan. The repayment schedule doesn't work with my income.,1
CUST00331,39,Female,East,Online,99358.54,21143.98,738.0,,1,0,27347.5,Good experience overall. The interest rate is reasonable for my credit profile.,0
CUST00332,29,Female,East,Branch,100327.29,11400.52,602.0,5.4,1,1,30506.89,Having trouble keeping up with payments. Wish I had better understood the terms.,1
CUST00333,40,Male,North,Email,34432.19,25264.9,,3.8,1,0,,Decent experience. Wish the rates were lower but understand my credit situation.,0
CUST00334,31,Female,North,Branch,129836.09,15260.95,652.0,9.5,1,1,,Service is acceptable. Making payments on time but it's tight some months.,0
CUST00335,51,Male,East,Online,55015.28,25774.66,594.0,13.6,1,1,26665.92,The loan approval process didn't adequately assess my repayment capacity.,1
CUST00336,38,Male,Central,Online,200000.0,30769.96326105615,746.0,6.3,1,0,9808.3,Efficient process from application to disbursement. Would use again.,0
CUST00337,30,Female,South,Online,79417.5,15910.92,736.0,0.3,2,2,3164.95,Smooth application and approval. Rates are competitive and fair.,0
CUST00338,36,Female,West,Email,130432.54,25657.23,571.0,7.7,0,3,5758.37,I regret taking this loan. The repayment schedule doesn't work with my income.,1
CUST00339,44,Female,West,Branch,47909.09,37059.77,718.0,0.5,3,2,37832.99,The loan approval process didn't adequately assess my repayment capacity.,1
CUST00340,33,Female,Central,Online,62930.31,30907.08,706.0,7.7,2,0,29773.98,Professional service and clear communication about terms and conditions.,0
CUST00341,30,Female,Central,Online,56947.41,21250.56,746.0,9.2,3,0,32390.68,Financial burden is overwhelming. The loan has become a significant source of stress.,1
CUST00342,42,Female,East,Branch,37906.51,7632.44,693.0,1.8,1,0,4414.2,Very disappointed with the loan terms. Finding it difficult to manage monthly payments.,1
CUST00343,42,Female,West,Social_Media,41712.22,15689.15,794.0,,1,0,26488.59,Very satisfied with the service. Payment schedule works well for my budget.,0
CUST00344,33,Male,Central,Branch,68024.59,14722.84,669.0,19.4,0,0,39475.69,Fair service. The loan helps but the terms could be better.,0
CUST00345,34,Male,South,Social_Media,,33180.24,658.0,13.4,0,0,8003.08,Not satisfied with the support provided when I started having payment difficulties.,1
CUST00346,42,Male,South,Branch,45922.71,23785.67,602.0,2.9,2,0,12072.52,Service is acceptable. Making payments on time but it's tight some months.,0
CUST00347,22,Male,North,Online,61309.78,24312.34,605.0,7.1,1,0,16999.75,Service is adequate. Would prefer lower interest but it's acceptable.,0
CUST00348,23,Male,Central,Email,52510.4,13360.52,598.0,19.7,0,0,19099.99,Financial burden is overwhelming. The loan has become a significant source of stress.,1
CUST00349,31,Male,West,Branch,69978.03,47047.21,697.0,3.1,2,0,10246.88,The process was okay. Interest rate is a bit high but manageable.,0
CUST00350,37,Male,North,Email,95954.79,24214.5,658.0,13.7,1,0,28615.75,Reasonable experience given my credit score. Making it work.,0
CUST00351,43,Other,East,Social_Media,75262.5,12916.08,706.0,0.1,1,0,21394.14,Efficient process from application to disbursement. Would use again.,0
CUST00352,57,Male,East,Online,55942.47,13434.77,583.0,0.0,0,0,6691.55,The application was straightforward. Managing the payments adequately.,0
CUST00353,50,Female,North,Online,111874.84,26336.35,611.0,,2,2,27336.29,I'm struggling to make payments. The interest rate is too high for my current situation.,1
CUST00354,38,Male,Central,Email,83699.33,12647.77,610.0,11.5,1,0,12762.43,Service is adequate. Would prefer lower interest but it's acceptable.,0
CUST00355,39,Female,North,Online,76226.06,14831.5,850.0,12.4,1,0,22050.77,The online portal makes managing payments very convenient. No issues so far.,0
CUST00356,27,Male,North,Online,99247.596249643,11108.7,666.0,,2,1,7211.08,Average experience. No major complaints but nothing exceptional either.,0
CUST00357,39,Male,East,Online,106492.84,33018.11,,1.0,3,1,7577.25,I regret taking this loan. The repayment schedule doesn't work with my income.,1
CUST00358,36,Female,West,Online,87418.42,12812.44,673.0,2.1,1,0,2903.75,Average experience. No major complaints but nothing exceptional either.,0
CUST00359,43,Male,North,Email,89440.91,51761.42,804.0,18.7,1,1,31191.15,Smooth application and approval. Rates are competitive and fair.,0
CUST00360,30,Male,West,Online,65232.99,28312.48,550.0,1.6,0,1,25537.59,Financial burden is overwhelming. The loan has become a significant source of stress.,1
CUST00361,46,Male,East,Branch,60381.01,11085.67,675.0,9.2,2,0,,Reasonable experience given my credit score. Making it work.,0
CUST00362,58,Male,North,Phone,151667.66,30738.6,550.0,6.0,2,0,,Fair service. The loan helps but the terms could be better.,0
CUST00363,38,Male,North,Branch,,47097.06,489.0,0.7,0,0,34760.54,Very disappointed with the loan terms. Finding it difficult to manage monthly payments.,1
CUST00364,44,Male,East,Online,42683.08,20708.72,621.0,2.7,1,0,21751.46,Service is acceptable. Making payments on time but it's tight some months.,0
CUST00365,48,Female,South,Email,77894.67,50439.38,712.0,5.9,2,0,10238.25,Very satisfied with the service. Payment schedule works well for my budget.,0
CUST00366,35,Female,Central,Online,71636.84,28632.86,616.0,15.3,0,1,18277.39,Financial burden is overwhelming. The loan has become a significant source of stress.,1
CUST00367,42,Female,West,Email,,15270.14,,9.8,2,0,,Smooth application and approval. Rates are competitive and fair.,0
CUST00368,40,Male,Central,Email,67352.05,69712.6,,,3,0,21763.65,Customer service has been unhelpful with my payment issues. Very stressful experience.,1
CUST00369,41,Female,South,Branch,94580.54,9619.95,668.0,5.5,0,0,6158.72,I'm struggling to make payments. The interest rate is too high for my current situation.,1
CUST00370,30,Male,Central,Branch,134019.13,17848.38,781.0,2.8,2,0,1713.32,Smooth application and approval. Rates are competitive and fair.,0
CUST00371,40,Male,East,Branch,85164.85,21250.85,632.0,1.0,1,0,20353.63,Having trouble keeping up with payments. Wish I had better understood the terms.,1
CUST00372,45,Female,South,Branch,,62632.57,710.0,4.2,4,0,22692.18,Very satisfied with the service. Payment schedule works well for my budget.,0
CUST00373,57,Male,North,Email,33908.66,33477.37,535.0,,1,0,2895.96,Customer service has been unhelpful with my payment issues. Very stressful experience.,1
CUST00374,51,Male,North,Email,86230.28,30180.86,687.0,1.9,2,1,,Okay service. Some months are challenging but keeping up with payments.,0
CUST00375,65,Female,West,Branch,61752.78,13962.63,659.0,4.5,0,0,17212.69,Reasonable experience given my credit score. Making it work.,0
CUST00376,30,Female,East,Phone,80216.32,20248.06,585.0,4.3,1,0,20866.5,Service is acceptable. Making payments on time but it's tight some months.,0
CUST00377,50,Female,South,Social_Media,71868.94,15476.77,711.0,0.4,0,0,12106.25,Helpful staff answered all my questions. Feel confident about this loan.,0
CUST00378,42,Female,West,Social_Media,42346.83,29579.17,620.0,7.1,3,0,,Having trouble keeping up with payments. Wish I had better understood the terms.,1
CUST00379,66,Other,South,Branch,67191.15,42654.27,818.0,6.4,1,0,47021.51,Helpful staff answered all my questions. Feel confident about this loan.,0
CUST00380,30,Male,East,Branch,46021.49,79448.11,485.0,0.7,1,0,19544.34,Very disappointed with the loan terms. Finding it difficult to manage monthly payments.,1
CUST00381,29,Male,South,Online,,16489.51,699.0,22.9,2,0,30913.6,I'm struggling to make payments. The interest rate is too high for my current situation.,1
CUST00382,32,Male,Central,Social_Media,106333.53,9485.71,683.0,0.8,0,0,5232.51,Okay service. Some months are challenging but keeping up with payments.,0
CUST00383,18,Male,Central,Online,74300.32,18024.15,657.0,15.4,3,0,34083.34,Reasonable experience given my credit score. Making it work.,0
CUST00384,33,Male,East,Phone,92048.9,39191.77,637.0,,0,0,19020.63,The loan approval process didn't adequately assess my repayment capacity.,1
CUST00385,30,Female,South,Online,76911.91,13018.72,685.0,17.1,2,2,43944.95,Service is acceptable. Making payments on time but it's tight some months.,0
CUST00386,41,Female,South,Online,63582.9,21706.2,764.0,0.2,1,0,22050.09,Smooth application and approval. Rates are competitive and fair.,0
CUST00387,44,Female,West,Branch,80315.35,30410.72,546.0,11.3,2,1,15249.55,The process was okay. Interest rate is a bit high but manageable.,0
CUST00388,62,Male,South,Social_Media,35942.38,16685.45,615.0,3.6,2,0,13322.27,Financial burden is overwhelming. The loan has become a significant source of stress.,1
CUST00389,51,Female,North,Online,99514.6,24840.87,595.0,10.7,1,0,8240.77,Service is acceptable. Making payments on time but it's tight some months.,0
CUST00390,33,Female,North,Phone,50421.9,12332.26,592.0,4.1,0,0,13429.51,Customer service has been unhelpful with my payment issues. Very stressful experience.,1
CUST00391,29,Female,East,Online,89502.15,44447.43,707.0,0.6,2,1,22323.68,Very satisfied with the service. Payment schedule works well for my budget.,0
CUST00392,45,Male,East,Online,62531.59,18829.06,727.0,11.7,0,0,25095.5,Great experience! Easy application process and reasonable interest rates.,0
CUST00393,24,Female,Central,Branch,97124.07297005987,24412.84,765.0,0.6,1,0,7184.08,Quick approval process and transparent about all fees. Very satisfied.,0
CUST00394,61,Male,South,Branch,53955.98,7765.43,728.0,20.4,0,0,3764.79,Having trouble keeping up with payments. Wish I had better understood the terms.,1
CUST00395,54,Male,South,Online,89707.17,11417.67,734.0,0.4,1,0,17883.66,Very disappointed with the loan terms. Finding it difficult to manage monthly payments.,1
CUST00396,34,Male,West,Branch,175401.39,38409.41,567.0,5.2,0,1,2715.94,Fair service. The loan helps but the terms could be better.,0
CUST00397,19,Female,Central,Online,69915.39,16548.88,798.0,10.3,1,0,13648.4,Excellent customer support throughout the loan process. Highly recommend!,0
CUST00398,56,Female,South,Branch,,12676.64,663.0,4.0,0,0,4316.08,Decent experience. Wish the rates were lower but understand my credit situation.,0
CUST00399,38,Male,East,Social_Media,35910.84,9117.89,762.0,2.0,1,1,24389.28,Excellent customer support throughout the loan process. Highly recommend!,0
CUST00400,54,Male,South,Social_Media,64561.0,43942.8,569.0,11.4,1,0,10197.2,Fair service. The loan helps but the terms could be better.,0
CUST00401,20,Male,Central,Branch,69939.69,32614.53,660.0,12.3,0,0,11259.31,I'm struggling to make payments. The interest rate is too high for my current situation.,1
CUST00402,32,Male,North,Phone,91788.99,31344.04,755.0,20.5,2,1,3522.91,I'm struggling to make payments. The interest rate is too high for my current situation.,1
CUST00403,40,Male,Central,Social_Media,54812.12,54592.89,682.0,3.8,1,0,28890.33,Okay service. Some months are challenging but keeping up with payments.,0
CUST00404,40,Male,West,Online,83568.34,17858.9,619.0,5.6,1,0,16502.07,Average experience. No major complaints but nothing exceptional either.,0
CUST00405,34,Female,East,Email,65924.89,9541.73,784.0,3.6,2,0,16943.34,Excellent customer support throughout the loan process. Highly recommend!,0
CUST00406,47,Male,North,Social_Media,121758.44,22463.78,586.0,2.4,2,0,4513.26,Reasonable experience given my credit score. Making it work.,0
CUST00407,27,Male,East,Online,77925.28,60954.07,678.0,11.1,0,0,2434.32,Average experience. No major complaints but nothing exceptional either.,0
CUST00408,38,Male,South,Online,200000.0,22738.12,731.0,3.3,3,0,7139.66,Efficient process from application to disbursement. Would use again.,0
CUST00409,41,Female,North,Social_Media,66149.09,41987.69,847.0,4.5,1,2,9993.38,The loan amount was more than I could handle. I'm having financial difficulties now.,1
CUST00410,46,Female,West,Branch,118087.26,9723.36,643.0,4.1,0,2,6956.79,The loan approval process didn't adequately assess my repayment capacity.,1
CUST00411,48,Female,Central,Online,135648.25,13802.74,,10.0,1,1,44079.45,The process was okay. Interest rate is a bit high but manageable.,0
CUST00412,26,Male,East,Online,26783.1,37044.26,,20.0,0,0,29413.48,The loan approval process didn't adequately assess my repayment capacity.,1
CUST00413,21,Female,West,Branch,98943.8,24117.86,699.0,8.8,0,2,13911.92,I regret taking this loan. The repayment schedule doesn't work with my income.,1
CUST00414,55,Male,North,Phone,42042.47,20483.53,727.0,5.1,0,0,7625.95,The online portal makes managing payments very convenient. No issues so far.,0
CUST00415,43,Female,South,Email,65131.25,41640.8,767.0,12.1,0,0,5343.73,Very disappointed with the loan terms. Finding it difficult to manage monthly payments.,1
CUST00416,31,Female,North,Social_Media,44580.43,36747.29,740.0,8.2,1,0,13444.08,Helpful staff answered all my questions. Feel confident about this loan.,0
CUST00417,58,Female,West,Online,122752.72,52394.26809945102,640.0,0.5,0,0,17338.79,The loan amount was more than I could handle. I'm having financial difficulties now.,1
CUST00418,41,Female,Central,Branch,,6004.52,745.0,0.8,2,0,9566.57,Great experience! Easy application process and reasonable interest rates.,0
CUST00419,54,Female,West,Branch,35208.03,21903.42,687.0,0.3,2,1,19184.96,Financial burden is overwhelming. The loan has become a significant source of stress.,1
CUST00420,40,Male,North,Branch,78751.97,28110.42,739.0,4.9,1,0,8969.22,The loan amount was more than I could handle. I'm having financial difficulties now.,1
CUST00421,64,Female,South,Online,131336.17,7854.09,744.0,14.0,1,0,5284.57,Smooth application and approval. Rates are competitive and fair.,0
CUST00422,61,Male,East,Social_Media,44807.91,27545.9,810.0,3.0,2,0,19219.04,Professional service and clear communication about terms and conditions.,0
CUST00423,37,Female,South,Email,104871.83,42780.14,651.0,3.9,0,1,,The process was okay. Interest rate is a bit high but manageable.,0
CUST00424,51,Male,Central,Branch,32177.83,21878.95,636.0,19.2,2,0,3745.83,Reasonable experience given my credit score. Making it work.,0
CUST00425,47,Male,West,Phone,135783.44,11896.35,715.0,,1,0,6171.09,Quick approval process and transparent about all fees. Very satisfied.,0
CUST00426,56,Male,West,Online,85913.76,6213.38,774.0,8.8,0,0,8391.56,Very satisfied with the service. Payment schedule works well for my budget.,0
CUST00427,28,Male,South,Branch,,27873.18,684.0,2.5,1,0,22373.9,The process was okay. Interest rate is a bit high but manageable.,0
CUST00428,48,Female,South,Phone,100516.59,8284.46,779.0,1.0,0,2,3537.28,Very satisfied with the service. Payment schedule works well for my budget.,0
CUST00429,52,Female,North,Branch,57435.64,31190.12,735.0,0.1,0,0,11299.23,Excellent customer support throughout the loan process. Highly recommend!,0
CUST00430,18,Male,South,Social_Media,,59171.85,663.0,0.9,1,0,17494.79,The loan amount was more than I could handle. I'm having financial difficulties now.,1
CUST00431,25,Male,South,Phone,56916.82,14168.1,725.0,2.8,1,0,16437.03,Not satisfied with the support provided when I started having payment difficulties.,1
CUST00432,18,Female,West,Branch,95935.84,19107.13,645.0,6.4,1,1,22380.8,I regret taking this loan. The repayment schedule doesn't work with my income.,1
CUST00433,36,Male,West,Email,47331.91,61231.68,699.0,0.5,1,0,11565.67,The loan approval process didn't adequately assess my repayment capacity.,1
CUST00434,48,Female,North,Online,28686.62,23482.8,594.0,1.2,1,0,8161.86,Decent experience. Wish the rates were lower but understand my credit situation.,0
CUST00435,58,Female,South,Branch,,16645.13,674.0,1.6,0,0,32480.55,The application was straightforward. Managing the payments adequately.,0
CUST00436,40,Female,North,Branch,125121.86,39189.95,759.0,8.0,1,0,7896.43,Smooth application and approval. Rates are competitive and fair.,0
CUST00437,59,Female,North,Branch,124334.41,17182.62,741.0,7.7,0,2,6990.29,Not satisfied with the support provided when I started having payment difficulties.,1
CUST00438,23,Male,Central,Email,56883.3,13636.72,729.0,6.4,1,2,6556.49,I'm struggling to make payments. The interest rate is too high for my current situation.,1
CUST00439,19,Female,North,Branch,56043.93,30903.71,702.0,2.3,0,2,6345.7,Smooth application and approval. Rates are competitive and fair.,0
CUST00440,39,Male,South,Email,,41092.98,692.0,3.7,0,2,37647.88,Okay service. Some months are challenging but keeping up with payments.,0
CUST00441,44,Male,North,Phone,53637.27,13581.6,578.0,0.8,0,1,,The loan approval process didn't adequately assess my repayment capacity.,1
CUST00442,39,Female,Central,Branch,55152.96,24652.77,663.0,2.1,1,0,24313.01,The process was okay. Interest rate is a bit high but manageable.,0
CUST00443,18,Male,East,Email,,19604.52,694.0,18.2,0,1,19764.22,Process was fine. The loan serves its purpose even if terms aren't ideal.,0
CUST00444,38,Female,South,Online,126548.37,21512.26,590.0,31.2,0,0,7002.13,Very disappointed with the loan terms. Finding it difficult to manage monthly payments.,1
CUST00445,24,Female,East,Online,47301.1,11960.49,539.0,8.3,2,0,9446.82,Fair service. The loan helps but the terms could be better.,0
CUST00446,48,Female,West,Branch,50843.53,32322.24,770.0,19.9,1,0,3055.95,Smooth application and approval. Rates are competitive and fair.,0
CUST00447,44,Female,Central,Online,84529.9,51632.4,,8.2,3,2,,Process was fine. The loan serves its purpose even if terms aren't ideal.,0
CUST00448,28,Male,South,Online,236014.42787301852,13406.56,696.0,,1,0,4148.52,Very disappointed with the loan terms. Finding it difficult to manage monthly payments.,1
CUST00449,33,Male,Central,Phone,38148.36,32306.25,724.0,40.0,1,1,15585.42,Financial burden is overwhelming. The loan has become a significant source of stress.,1
CUST00450,27,Female,Central,Branch,148713.74,38647.72,601.0,0.8,3,0,7475.3,The loan amount was more than I could handle. I'm having financial difficulties now.,1
CUST00451,39,Male,Central,Branch,62677.69,57265.92074423344,,9.2,0,0,16565.23,The loan approval process didn't adequately assess my repayment capacity.,1
CUST00452,51,Female,West,Social_Media,39446.85,31490.79,800.0,2.3,3,0,6440.26,Professional service and clear communication about terms and conditions.,0
CUST00453,28,Female,West,Phone,37495.56,14300.12,640.0,4.0,2,0,2520.01,Not satisfied with the support provided when I started having payment difficulties.,1
CUST00454,46,Female,South,Email,36717.22,49883.91,658.0,,0,0,5544.94,Average experience. No major complaints but nothing exceptional either.,0
CUST00455,33,Male,West,Online,117027.08,41281.53,626.0,4.6,0,0,,I'm struggling to make payments. The interest rate is too high for my current situation.,1
CUST00456,30,Male,East,Phone,74568.86,44133.01,620.0,2.3,1,1,18460.57,Reasonable experience given my credit score. Making it work.,0
CUST00457,38,Male,West,Email,117528.83,10884.39,768.0,3.3,0,0,17144.95,Efficient process from application to disbursement. Would use again.,0
CUST00458,27,Male,East,Phone,68522.47,29144.15,,3.3,0,0,15435.07,Okay service. Some months are challenging but keeping up with payments.,0
CUST00459,33,Female,West,Email,115990.66,14911.29,643.0,25.6,1,0,13917.34,Customer service has been unhelpful with my payment issues. Very stressful experience.,1
CUST00460,25,Male,Central,Branch,67785.18,52471.79,698.0,12.8,0,0,21444.83,Financial burden is overwhelming. The loan has become a significant source of stress.,1
CUST00461,63,Male,North,Online,91614.38,13567.85,815.0,4.9,2,0,1000.66,I regret taking this loan. The repayment schedule doesn't work with my income.,1
CUST00462,40,Male,Central,Branch,70551.5,25139.1,589.0,,2,0,36488.38,Struggling financially and the bank has been inflexible with payment arrangements.,1
CUST00463,31,Female,East,Branch,66022.79,6976.08,575.0,,0,0,11125.8,The loan approval process didn't adequately assess my repayment capacity.,1
CUST00464,42,Female,Central,Email,49150.13,25061.74,611.0,1.4,1,0,21556.31,Very disappointed with the loan terms. Finding it difficult to manage monthly payments.,1
CUST00465,38,Male,East,Online,97331.41,10951.96,736.0,1.9,0,0,13044.97,Smooth application and approval. Rates are competitive and fair.,0
CUST00466,37,Male,South,Social_Media,44889.16,30040.26,690.0,3.6,2,1,7350.24,The application was straightforward. Managing the payments adequately.,0
CUST00467,47,Male,Central,Social_Media,97257.52,19950.93,564.0,17.0,0,0,10461.41,I regret taking this loan. The repayment schedule doesn't work with my income.,1
CUST00468,49,Male,South,Online,76056.14,17480.93,687.0,1.1,1,0,5263.66,The process was okay. Interest rate is a bit high but manageable.,0
CUST00469,33,Female,Central,Branch,98445.42,53276.11,804.0,1.0,3,0,6096.5,The loan approval process didn't adequately assess my repayment capacity.,1
CUST00470,33,Female,East,Email,78963.55,72678.65,701.0,5.4,3,0,19082.1,Good experience overall. The interest rate is reasonable for my credit profile.,0
CUST00471,36,Male,East,Social_Media,121949.72,9342.32,693.0,2.6,1,0,15668.05,Decent experience. Wish the rates were lower but understand my credit situation.,0
CUST00472,18,Male,South,Branch,87618.18,17814.71,697.0,6.7,2,0,2221.85,Fair service. The loan helps but the terms could be better.,0
CUST00473,21,Other,East,Branch,76765.71,35409.91,713.0,4.8,0,0,6313.21,Customer service has been unhelpful with my payment issues. Very stressful experience.,1
CUST00474,56,Male,South,Branch,27834.85,27146.93,578.0,4.6,2,0,11083.61,Struggling financially and the bank has been inflexible with payment arrangements.,1
CUST00475,59,Female,North,Phone,124283.56,34247.91,661.0,1.0,2,2,,Not satisfied with the support provided when I started having payment difficulties.,1
CUST00476,37,Male,South,Online,36575.19,20811.01,665.0,1.2,1,1,46017.42,Having trouble keeping up with payments. Wish I had better understood the terms.,1
CUST00477,46,Female,North,Email,40779.72,42313.02,641.0,13.8,1,1,15349.9,Service is acceptable. Making payments on time but it's tight some months.,0
CUST00478,43,Male,Central,Online,102702.5,24491.4,734.0,17.4,0,0,1855.83,Smooth application and approval. Rates are competitive and fair.,0
CUST00479,75,Female,Central,Online,73369.59,28107.84,629.0,2.1,2,0,13629.53,The process was okay. Interest rate is a bit high but manageable.,0
CUST00480,53,Other,South,Branch,37123.12,10958.96,651.0,1.0,0,0,4253.82,Decent experience. Wish the rates were lower but understand my credit situation.,0
CUST00481,38,Male,West,Branch,56011.11,23025.83,579.0,0.4,1,0,11504.93,Fair service. The loan helps but the terms could be better.,0
CUST00482,28,Male,South,Branch,,35640.37,710.0,7.5,0,0,48813.3,Helpful staff answered all my questions. Feel confident about this loan.,0
CUST00483,20,Male,West,Branch,77920.13,26257.27,755.0,10.1,1,0,8975.27,The loan amount was more than I could handle. I'm having financial difficulties now.,1
CUST00484,42,Male,West,Branch,74166.72,23638.44,651.0,3.7,3,0,25079.31,Average experience. No major complaints but nothing exceptional either.,0
CUST00485,30,Male,Central,Online,53186.42,29164.65,744.0,9.1,1,1,13514.0,I'm struggling to make payments. The interest rate is too high for my current situation.,1
CUST00486,22,Male,South,Branch,104384.9,24409.12,668.0,,0,0,35355.71,Customer service has been unhelpful with my payment issues. Very stressful experience.,1
CUST00487,32,Female,West,Social_Media,69411.95,21224.41,477.0,21.9,2,0,20016.72,Very disappointed with the loan terms. Finding it difficult to manage monthly payments.,1
CUST00488,27,Male,South,Branch,95533.46,36307.0,675.0,0.5,1,0,27345.04,Fair service. The loan helps but the terms could be better.,0
CUST00489,60,Male,Central,Branch,50953.89,20362.06,665.0,1.7,0,0,17471.45,Average experience. No major complaints but nothing exceptional either.,0
CUST00490,50,Female,North,Phone,175873.32,10600.03,688.0,0.6,3,0,8874.79,The loan amount was more than I could handle. I'm having financial difficulties now.,1
CUST00491,39,Male,West,Social_Media,131653.72,51825.71,700.0,16.2,3,0,32634.69,The application was straightforward. Managing the payments adequately.,0
CUST00492,57,Female,West,Online,77551.84,15172.21,,12.6,2,0,16082.49,Service is acceptable. Making payments on time but it's tight some months.,0
CUST00493,40,Male,West,Phone,85149.85,9115.42,797.0,6.8,1,0,9359.43,Professional service and clear communication about terms and conditions.,0
CUST00494,29,Female,North,Email,56234.93,31337.8,,0.7,1,0,7352.31,Fair service. The loan helps but the terms could be better.,0
CUST00495,58,Female,Central,Phone,99015.71,55850.29,664.0,2.6,0,0,16496.81,Average experience. No major complaints but nothing exceptional either.,0
CUST00496,46,Female,North,Online,29384.84,31785.39,,2.8,2,0,,Good experience overall. The interest rate is reasonable for my credit profile.,0
CUST00497,27,Other,West,Phone,147603.04,47417.28,,6.6,2,0,18563.23,The application was straightforward. Managing the payments adequately.,0
CUST00498,37,Male,South,Online,96381.26,12736.55,850.0,2.4,2,0,9950.36,Quick approval process and transparent about all fees. Very satisfied.,0
CUST00499,29,Other,South,Phone,46918.8,10678.98,663.0,0.6,1,1,18058.6,Not satisfied with the support provided when I started having payment difficulties.,1
CUST00500,23,Male,East,Email,145855.28,17776.64,708.0,10.5,0,0,23378.59,The loan approval process didn't adequately assess my repayment capacity.,1
CUST00501,51,Male,South,Online,168390.36,40447.38,620.0,2.8,1,0,2917.86,I regret taking this loan. The repayment schedule doesn't work with my income.,1
CUST00502,62,Male,North,Email,87222.56,30103.78,749.0,4.8,3,2,4296.83,Not satisfied with the support provided when I started having payment difficulties.,1
CUST00503,23,Female,North,Online,51305.9,66265.35066957399,704.0,1.1,1,1,21880.24,Very disappointed with the loan terms. Finding it difficult to manage monthly payments.,1
CUST00504,46,Male,South,Email,74681.13,58274.09052363455,,13.0,0,3,4127.6,Struggling financially and the bank has been inflexible with payment arrangements.,1
CUST00505,32,Female,West,Branch,92895.28,17981.73,610.0,6.7,1,0,11489.25,Reasonable experience given my credit score. Making it work.,0
CUST00506,34,Female,Central,Online,83978.85,24270.35,575.0,18.5,2,0,14563.46,Service is acceptable. Making payments on time but it's tight some months.,0
CUST00507,32,Female,North,Online,46921.57,19943.8,,5.5,1,0,5638.8,Professional service and clear communication about terms and conditions.,0
CUST00508,29,Female,South,Social_Media,92134.69,17253.56,569.0,22.7,2,0,11857.16,The application was straightforward. Managing the payments adequately.,0
CUST00509,40,Male,North,Online,120530.64,27589.58,784.0,17.8,0,3,14723.21,Smooth application and approval. Rates are competitive and fair.,0
CUST00510,30,Male,North,Online,42635.13,18833.61,578.0,,1,0,29808.43,Not satisfied with the support provided when I started having payment difficulties.,1
CUST00511,43,Male,West,Branch,44594.87,25740.1,665.0,21.7,2,1,27732.9,Struggling financially and the bank has been inflexible with payment arrangements.,1
CUST00512,39,Male,West,Phone,55267.12,7269.54,609.0,3.1,2,0,16446.09,The loan amount was more than I could handle. I'm having financial difficulties now.,1
CUST00513,37,Male,North,Branch,66640.49,24486.4,682.0,3.6,0,0,8173.55,Average experience. No major complaints but nothing exceptional either.,0
CUST00514,29,Male,South,Online,105613.0,18764.57,682.0,0.4,1,1,28133.93,Service is acceptable. Making payments on time but it's tight some months.,0
CUST00515,33,Male,North,Online,119904.99,48958.43,715.0,7.1,2,1,28789.16,Excellent customer support throughout the loan process. Highly recommend!,0
CUST00516,49,Other,Central,Online,,8919.45,,10.2,4,3,7220.02,Not satisfied with the support provided when I started having payment difficulties.,1
CUST00517,46,Female,Central,Online,80121.82,23417.36,618.0,11.9,1,1,15408.97,I regret taking this loan. The repayment schedule doesn't work with my income.,1
CUST00518,28,Male,North,Branch,117644.83,35898.51,757.0,1.3,2,0,,Excellent customer support throughout the loan process. Highly recommend!,0
CUST00519,41,Female,South,Email,496207.2587946527,20417.12,732.0,4.7,2,0,16862.92,Professional service and clear communication about terms and conditions.,0
CUST00520,49,Male,Central,Online,79935.34,18391.24,480.0,1.6,0,1,6769.24,The loan approval process didn't adequately assess my repayment capacity.,1
CUST00521,19,Male,Central,Branch,81902.25,35824.91,,8.7,4,0,23198.88,Excellent customer support throughout the loan process. Highly recommend!,0
CUST00522,46,Female,South,Branch,87463.49,29665.09,597.0,1.4,3,0,16941.09,Service is adequate. Would prefer lower interest but it's acceptable.,0
CUST00523,32,Female,North,Social_Media,63613.9,31004.61,632.0,18.8,0,0,6782.07,Okay service. Some months are challenging but keeping up with payments.,0
CUST00524,46,Male,North,Social_Media,77232.09,17273.7,661.0,2.1,1,0,,Process was fine. The loan serves its purpose even if terms aren't ideal.,0
CUST00525,30,Other,East,Email,31450.02,16035.46,804.0,2.8,4,0,8118.29,I regret taking this loan. The repayment schedule doesn't work with my income.,1
CUST00526,18,Female,South,Online,56364.46,25758.83,596.0,15.2,3,0,,The loan amount was more than I could handle. I'm having financial difficulties now.,1
CUST00527,20,Female,North,Online,91485.83,37616.0,567.0,4.9,2,0,5543.08,Having trouble keeping up with payments. Wish I had better understood the terms.,1
CUST00528,40,Female,East,Branch,49210.57,9913.85,,0.2,3,0,,The loan amount was more than I could handle. I'm having financial difficulties now.,1
CUST00529,43,Female,North,Online,106754.85,20849.79,677.0,5.5,2,1,38119.07,Reasonable experience given my credit score. Making it work.,0
CUST00530,29,Male,West,Branch,34919.76,16453.97,776.0,0.7,2,0,38741.85,Very satisfied with the service. Payment schedule works well for my budget.,0
CUST00531,47,Male,South,Email,104857.54,22353.1,651.0,33.8,3,1,8537.91,Decent experience. Wish the rates were lower but understand my credit situation.,0
CUST00532,20,Male,North,Email,104727.35,33897.37,776.0,7.1,0,0,11479.85,Quick approval process and transparent about all fees. Very satisfied.,0
CUST00533,39,Male,East,Email,182419.88,13422.68,681.0,2.4,1,2,9520.76,Service is adequate. Would prefer lower interest but it's acceptable.,0
CUST00534,25,Female,South,Branch,62528.28,31667.44,722.0,6.6,3,0,13181.6,Not satisfied with the support provided when I started having payment difficulties.,1
CUST00535,32,Male,Central,Phone,73397.92,17615.55,809.0,0.6,2,0,3975.59,Professional service and clear communication about terms and conditions.,0
CUST00536,40,Other,East,Branch,140695.25,41188.8,,12.9,1,1,8734.33,Average experience. No major complaints but nothing exceptional either.,0
CUST00537,29,Female,South,Online,132140.88,13867.48,763.0,20.8,0,1,15447.81,Professional service and clear communication about terms and conditions.,0
CUST00538,35,Female,West,Email,114065.51,37304.4,630.0,16.6,5,0,25060.24,Fair service. The loan helps but the terms could be better.,0
CUST00539,52,Female,South,Online,85271.61,10454.96,698.0,3.3,5,3,16442.73,The loan approval process didn't adequately assess my repayment capacity.,1
CUST00540,33,Female,Central,Branch,138869.36,24747.13,564.0,3.2,1,0,11079.03,The application was straightforward. Managing the payments adequately.,0
CUST00541,50,Male,South,Branch,200000.0,32064.37,639.0,0.3,2,2,5672.98,Not satisfied with the support provided when I started having payment difficulties.,1
CUST00542,26,Female,East,Phone,95349.04,14077.08,595.0,8.4,0,0,26087.56,Process was fine. The loan serves its purpose even if terms aren't ideal.,0
CUST00543,46,Male,North,Email,74960.66,16771.25,777.0,6.1,1,0,3455.54,Professional service and clear communication about terms and conditions.,0
CUST00544,57,Female,East,Branch,,22496.39,819.0,4.9,2,0,4228.28,Good experience overall. The interest rate is reasonable for my credit profile.,0
CUST00545,18,Male,Central,Email,79433.25,18353.19,651.0,19.1,2,0,20255.82,Very disappointed with the loan terms. Finding it difficult to manage monthly payments.,1
CUST00546,30,Female,West,Online,64906.76,15871.79,618.0,1.5,0,0,22246.39,Not satisfied with the support provided when I started having payment difficulties.,1
CUST00547,46,Female,South,Branch,106964.8,36148.82,574.0,0.1,1,0,918.9,The loan amount was more than I could handle. I'm having financial difficulties now.,1
CUST00548,37,Male,South,Email,58683.08,43712.92,701.0,0.6,2,0,11154.13,Financial burden is overwhelming. The loan has become a significant source of stress.,1
CUST00549,44,Male,West,Phone,94462.35,42182.86,631.0,2.0,1,0,1865.9,Reasonable experience given my credit score. Making it work.,0
CUST00550,32,Other,Central,Social_Media,37678.43,28935.49,636.0,0.3,1,0,11691.69,I regret taking this loan. The repayment schedule doesn't work with my income.,1
CUST00551,41,Female,North,Online,150785.19,31283.77,810.0,5.6,1,1,9859.09,Helpful staff answered all my questions. Feel confident about this loan.,0
CUST00552,38,Female,East,Phone,51911.83,12793.3,656.0,3.0,0,0,,Fair service. The loan helps but the terms could be better.,0
CUST00553,54,Female,South,Phone,40507.56,21286.32,,1.6,0,1,18216.26,I'm struggling to make payments. The interest rate is too high for my current situation.,1
CUST00554,43,Male,Central,Social_Media,129982.68,23599.2,684.0,11.1,1,2,18640.72,The process was okay. Interest rate is a bit high but manageable.,0
CUST00555,44,Male,North,Online,141584.98,26312.18,571.0,1.8,0,0,29350.31,The application was straightforward. Managing the payments adequately.,0
CUST00556,35,Male,North,Email,84490.05,26040.81,532.0,9.3,1,3,30087.15,Not satisfied with the support provided when I started having payment difficulties.,1
CUST00557,34,Female,West,Phone,70286.92,22529.82,719.0,3.4,0,0,14786.08,Efficient process from application to disbursement. Would use again.,0
CUST00558,34,Male,North,Online,63179.04,28738.12,816.0,5.7,1,0,7923.3,Very disappointed with the loan terms. Finding it difficult to manage monthly payments.,1
CUST00559,44,Female,East,Branch,82437.77,25363.73,705.0,21.7,0,0,24129.4,Smooth application and approval. Rates are competitive and fair.,0
CUST00560,34,Female,East,Branch,72026.85,25329.64,729.0,0.3,1,0,23314.21,Excellent customer support throughout the loan process. Highly recommend!,0
CUST00561,43,Female,South,Phone,68193.98,14613.71,607.0,5.5,0,1,20115.98,Reasonable experience given my credit score. Making it work.,0
CUST00562,64,Female,South,Email,,11241.05,761.0,15.4,1,0,14738.35,Excellent customer support throughout the loan process. Highly recommend!,0
CUST00563,50,Other,East,Phone,44028.9,26389.28,760.0,7.1,0,0,11602.8,Helpful staff answered all my questions. Feel confident about this loan.,0
CUST00564,36,Male,North,Phone,76241.53,17196.92,624.0,,2,0,30146.78,Financial burden is overwhelming. The loan has become a significant source of stress.,1
CUST00565,54,Female,East,Branch,,15002.74,723.0,4.1,5,0,9834.03,Great experience! Easy application process and reasonable interest rates.,0
CUST00566,35,Female,West,Online,53150.94,32552.62,538.0,9.1,0,0,7617.48,Process was fine. The loan serves its purpose even if terms aren't ideal.,0
CUST00567,18,Female,West,Online,56345.71,21421.02,737.0,17.7,3,0,11040.03,Good experience overall. The interest rate is reasonable for my credit profile.,0
CUST00568,27,Female,North,Branch,81225.16,47546.02,634.0,0.3,1,1,6634.55,Not satisfied with the support provided when I started having payment difficulties.,1
CUST00569,18,Male,North,Branch,49109.99,30539.04,581.0,0.6,1,1,23387.59,Struggling financially and the bank has been inflexible with payment arrangements.,1
CUST00570,35,Male,South,Online,116121.67,14106.97,712.0,3.1,1,0,14749.23,Efficient process from application to disbursement. Would use again.,0
CUST00571,40,Female,South,Branch,92752.16,32789.64,538.0,2.1,2,0,2012.72,I'm struggling to make payments. The interest rate is too high for my current situation.,1
CUST00572,60,Male,South,Branch,52944.96,27940.24,707.0,2.5,2,0,18269.46,Financial burden is overwhelming. The loan has become a significant source of stress.,1
CUST00573,43,Female,West,Online,90619.34,13809.74,589.0,2.0,1,0,11332.61,Reasonable experience given my credit score. Making it work.,0
CUST00574,37,Female,North,Branch,49600.57,16014.54,572.0,1.7,0,1,13474.84,I regret taking this loan. The repayment schedule doesn't work with my income.,1
CUST00575,49,Male,North,Online,104951.85,31882.7,,1.1,1,0,16104.94,Very disappointed with the loan terms. Finding it difficult to manage monthly payments.,1
CUST00576,18,Female,South,Social_Media,,8087.63,666.0,21.7,1,0,8910.97,Process was fine. The loan serves its purpose even if terms aren't ideal.,0
CUST00577,42,Male,West,Email,69681.36,6879.76,796.0,1.2,3,2,7549.44,Good experience overall. The interest rate is reasonable for my credit profile.,0
CUST00578,49,Female,North,Email,78306.03,24496.73,577.0,1.8,0,1,20166.24,Financial burden is overwhelming. The loan has become a significant source of stress.,1
CUST00579,22,Female,West,Online,140552.38,23437.77,790.0,2.3,1,0,4731.01,Professional service and clear communication about terms and conditions.,0
CUST00580,53,Female,South,Email,51743.39,25786.51,588.0,21.6,1,0,5991.34,Process was fine. The loan serves its purpose even if terms aren't ideal.,0
CUST00581,44,Male,Central,Email,50871.95,45895.42589737386,753.0,11.3,1,0,7157.45,The online portal makes managing payments very convenient. No issues so far.,0
CUST00582,35,Male,Central,Email,38528.61,28523.05,768.0,12.5,4,0,25823.15,Customer service has been unhelpful with my payment issues. Very stressful experience.,1
CUST00583,47,Female,South,Online,160599.11,44069.54,705.0,0.9,2,0,30954.5,Great experience! Easy application process and reasonable interest rates.,0
CUST00584,67,Female,South,Phone,74478.24,22248.47,616.0,14.5,0,0,7102.19,The application was straightforward. Managing the payments adequately.,0
CUST00585,42,Female,South,Email,117436.05,9519.67,558.0,4.2,0,1,6092.15,Process was fine. The loan serves its purpose even if terms aren't ideal.,0
CUST00586,42,Male,South,Phone,56769.02,7675.23,523.0,2.4,2,3,14622.84,The loan amount was more than I could handle. I'm having financial difficulties now.,1
CUST00587,34,Male,West,Phone,59029.38,18078.53,828.0,6.9,0,0,11320.15,Quick approval process and transparent about all fees. Very satisfied.,0
CUST00588,29,Male,Central,Branch,,18352.57,656.0,13.8,2,0,23683.75,Financial burden is overwhelming. The loan has become a significant source of stress.,1
CUST00589,49,Female,West,Branch,72794.04,10330.3,591.0,12.1,1,0,19051.34,Reasonable experience given my credit score. Making it work.,0
CUST00590,29,Male,Central,Online,98908.23,6451.02,588.0,17.7,1,2,40210.96,I'm struggling to make payments. The interest rate is too high for my current situation.,1
CUST00591,40,Male,South,Phone,75439.23,17318.51,693.0,21.1,0,1,6341.58,Average experience. No major complaints but nothing exceptional either.,0
CUST00592,34,Female,North,Online,183507.84973285743,55678.68,648.0,2.2,0,0,23436.85,Not satisfied with the support provided when I started having payment difficulties.,1
CUST00593,45,Male,West,Branch,473089.63883762714,27840.64,526.0,4.4,0,0,,Decent experience. Wish the rates were lower but understand my credit situation.,0
CUST00594,44,Other,South,Online,49364.53,26433.69,749.0,0.1,0,1,5770.17,I regret taking this loan. The repayment schedule doesn't work with my income.,1
CUST00595,52,Female,West,Branch,51860.58,20063.4,,16.9,0,0,9722.05,Great experience! Easy application process and reasonable interest rates.,0
CUST00596,33,Female,South,Online,49650.48,18061.02,827.0,1.3,0,0,10553.51,Good experience overall. The interest rate is reasonable for my credit profile.,0
CUST00597,36,Male,North,Phone,100671.19,29502.45,771.0,15.8,1,0,,Smooth application and approval. Rates are competitive and fair.,0
CUST00598,28,Male,Central,Email,89362.65,10964.99,432.0,3.2,2,1,3223.37,I regret taking this loan. The repayment schedule doesn't work with my income.,1
CUST00599,34,Female,North,Online,68321.27,64480.85,793.0,3.7,0,0,7281.99,The loan amount was more than I could handle. I'm having financial difficulties now.,1
CUST00600,44,Female,Central,Online,,11402.71,776.0,0.3,0,1,14119.61,Very disappointed with the loan terms. Finding it difficult to manage monthly payments.,1
CUST00601,49,Female,Central,Online,78156.1,31078.65,621.0,3.2,2,0,5436.07,Financial burden is overwhelming. The loan has become a significant source of stress.,1
CUST00602,28,Male,West,Email,,11970.61,645.0,17.5,2,1,37633.0,Average experience. No major complaints but nothing exceptional either.,0
CUST00603,50,Female,West,Branch,,23822.53,712.0,0.2,4,0,,Struggling financially and the bank has been inflexible with payment arrangements.,1
CUST00604,56,Female,East,Branch,55744.49,33053.81,598.0,4.2,1,0,13289.47,The loan amount was more than I could handle. I'm having financial difficulties now.,1
CUST00605,44,Female,Central,Online,68216.85,8653.64,660.0,0.3,3,0,20213.46,Service is acceptable. Making payments on time but it's tight some months.,0
CUST00606,62,Female,South,Phone,88971.43,12694.49,760.0,3.7,0,1,33647.07,Efficient process from application to disbursement. Would use again.,0
CUST00607,30,Female,East,Email,61818.98,13161.03,721.0,1.5,0,2,11928.12,Having trouble keeping up with payments. Wish I had better understood the terms.,1
CUST00608,25,Female,West,Email,100984.49990904104,18950.04,626.0,2.3,2,0,19379.35,Struggling financially and the bank has been inflexible with payment arrangements.,1
CUST00609,18,Male,South,Phone,68367.55,25579.32,761.0,16.8,1,0,4844.66,The online portal makes managing payments very convenient. No issues so far.,0
CUST00610,57,Female,East,Online,42768.99,56358.96,704.0,4.6,0,0,2101.6,Excellent customer support throughout the loan process. Highly recommend!,0
CUST00611,47,Male,South,Online,111426.4,15933.78,701.0,2.6,1,0,25362.76,Good experience overall. The interest rate is reasonable for my credit profile.,0
CUST00612,39,Male,East,Online,63966.6,54211.71,638.0,7.1,3,1,12505.11,I'm struggling to make payments. The interest rate is too high for my current situation.,1
CUST00613,43,Male,Central,Online,71362.68,27268.89,679.0,1.2,2,0,40738.45,The loan amount was more than I could handle. I'm having financial difficulties now.,1
CUST00614,26,Male,North,Online,52425.19,11198.65,618.0,2.4,1,0,8277.35,I'm struggling to make payments. The interest rate is too high for my current situation.,1
CUST00615,69,Male,Central,Online,72584.04,20117.84,524.0,6.3,0,0,4476.38,Financial burden is overwhelming. The loan has become a significant source of stress.,1
CUST00616,41,Male,West,Branch,126937.9,9600.32,657.0,2.2,2,0,23670.72,Service is acceptable. Making payments on time but it's tight some months.,0
CUST00617,41,Female,Central,Social_Media,117099.41,18084.52,670.0,9.1,0,1,38587.44,Fair service. The loan helps but the terms could be better.,0
CUST00618,48,Female,East,Phone,45337.16,17370.47,690.0,5.4,1,0,4893.26,Fair service. The loan helps but the terms could be better.,0
CUST00619,45,Male,West,Email,24740.79,24054.39,776.0,11.8,0,0,6272.97,Helpful staff answered all my questions. Feel confident about this loan.,0
CUST00620,42,Female,North,Email,68599.53,31140.2,627.0,23.7,0,1,32779.91,Customer service has been unhelpful with my payment issues. Very stressful experience.,1
CUST00621,30,Female,West,Online,64157.1,21045.0,650.0,1.0,1,0,49193.36,The loan amount was more than I could handle. I'm having financial difficulties now.,1
CUST00622,45,Male,North,Email,62467.86,11884.98,741.0,3.3,1,0,,Efficient process from application to disbursement. Would use again.,0
CUST00623,62,Male,Central,Online,57253.44,47426.04,619.0,3.1,0,0,7680.41,Decent experience. Wish the rates were lower but understand my credit situation.,0
CUST00624,56,Female,Central,Phone,44926.54,58544.48,692.0,,0,0,30854.97,I regret taking this loan. The repayment schedule doesn't work with my income.,1
CUST00625,59,Female,South,Branch,188666.93,19859.75,647.0,13.3,1,0,10716.8,The application was straightforward. Managing the payments adequately.,0
CUST00626,33,Female,North,Social_Media,160528.0,26565.86,660.0,11.4,1,0,7885.33,Okay service. Some months are challenging but keeping up with payments.,0
CUST00627,28,Male,West,Online,61321.75,19226.6,740.0,,0,0,8876.26,I regret taking this loan. The repayment schedule doesn't work with my income.,1
CUST00628,38,Male,South,Online,,24168.45,650.0,6.2,0,0,21583.24,Okay service. Some months are challenging but keeping up with payments.,0
CUST00629,40,Male,Central,Social_Media,,24926.72,,0.5,0,0,13842.49,Customer service has been unhelpful with my payment issues. Very stressful experience.,1
CUST00630,53,Male,North,Online,77551.32,10413.2,523.0,6.5,2,0,18715.57,I regret taking this loan. The repayment schedule doesn't work with my income.,1
CUST00631,19,Male,North,Phone,59234.15,18282.04,565.0,12.5,0,1,24135.37,Having trouble keeping up with payments. Wish I had better understood the terms.,1
CUST00632,58,Male,Central,Email,41064.81,39245.37,494.0,,0,0,11165.82,Reasonable experience given my credit score. Making it work.,0
CUST00633,38,Female,West,Email,73733.55,37245.71,586.0,2.5,1,1,26283.39,Having trouble keeping up with payments. Wish I had better understood the terms.,1
CUST00634,34,Female,Central,Social_Media,43019.8,18087.28,828.0,8.8,1,0,13461.71,Efficient process from application to disbursement. Would use again.,0
CUST00635,27,Male,South,Social_Media,122873.55,25206.37,678.0,3.6,1,0,8985.51,The process was okay. Interest rate is a bit high but manageable.,0
CUST00636,20,Female,West,Online,72286.1,18887.68,622.0,6.3,3,0,3580.01,Financial burden is overwhelming. The loan has become a significant source of stress.,1
CUST00637,49,Male,East,Email,92213.13,31846.86,742.0,5.3,1,2,10798.71,Excellent customer support throughout the loan process. Highly recommend!,0
CUST00638,40,Male,West,Phone,63327.62,8619.26,753.0,3.8,1,0,35080.39,The online portal makes managing payments very convenient. No issues so far.,0
CUST00639,24,Male,West,Phone,105262.85,29549.69,,,1,0,23287.12,Service is acceptable. Making payments on time but it's tight some months.,0
CUST00640,24,Female,East,Online,55249.25,49324.96,850.0,17.2,3,3,18629.09,Financial burden is overwhelming. The loan has become a significant source of stress.,1
CUST00641,35,Other,East,Phone,83420.5,14524.3,702.0,0.0,1,1,5293.68,Great experience! Easy application process and reasonable interest rates.,0
CUST00642,60,Female,South,Social_Media,62318.52,45376.64,712.0,21.7,2,0,8747.22,Very disappointed with the loan terms. Finding it difficult to manage monthly payments.,1
CUST00643,36,Male,West,Social_Media,66412.95,25953.07,719.0,5.7,0,3,21087.64,Good experience overall. The interest rate is reasonable for my credit profile.,0
CUST00644,21,Female,South,Branch,111670.5,21013.93,719.0,,2,0,24843.67,Good experience overall. The interest rate is reasonable for my credit profile.,0
CUST00645,37,Male,West,Online,52257.87,18006.48,630.0,15.5,0,0,23659.05,Financial burden is overwhelming. The loan has become a significant source of stress.,1
CUST00646,36,Female,South,Branch,85992.67,46325.9,849.0,5.0,2,0,16119.86,Very disappointed with the loan terms. Finding it difficult to manage monthly payments.,1
CUST00647,18,Female,West,Email,129765.57,18923.39,657.0,,2,0,6983.65,Average experience. No major complaints but nothing exceptional either.,0
CUST00648,39,Male,West,Email,109788.5,53770.59,756.0,1.6,2,0,24884.66,Smooth application and approval. Rates are competitive and fair.,0
CUST00649,37,Female,North,Branch,55916.17,50111.78,642.0,1.4,0,1,8694.88,Very disappointed with the loan terms. Finding it difficult to manage monthly payments.,1
CUST00650,48,Female,North,Online,91298.94,16557.09,627.0,8.6,1,0,25120.74,Service is acceptable. Making payments on time but it's tight some months.,0
CUST00651,62,Male,North,Branch,34929.79,19748.81,832.0,16.3,2,0,10816.47,Efficient process from application to disbursement. Would use again.,0
CUST00652,53,Female,West,Branch,113426.67,7506.79,671.0,17.8,0,1,39387.56,Not satisfied with the support provided when I started having payment difficulties.,1
CUST00653,36,Male,Central,Social_Media,200000.0,21418.51,677.0,8.3,2,0,9937.72,I regret taking this loan. The repayment schedule doesn't work with my income.,1
CUST00654,26,Female,North,Phone,83812.47,23013.44,702.0,6.0,2,3,9785.56,Helpful staff answered all my questions. Feel confident about this loan.,0
CUST00655,70,Female,West,Branch,132816.74,41732.92,,3.2,0,2,12600.19,Very disappointed with the loan terms. Finding it difficult to manage monthly payments.,1
CUST00656,40,Female,South,Branch,40358.69,51733.8,850.0,31.3,2,2,7073.96,Very disappointed with the loan terms. Finding it difficult to manage monthly payments.,1
CUST00657,40,Female,East,Online,46815.45,33629.41,782.0,3.1,0,1,6021.34,The loan amount was more than I could handle. I'm having financial difficulties now.,1
CUST00658,39,Female,Central,Social_Media,63226.87,39719.9,,10.9,2,0,6869.07,Efficient process from application to disbursement. Would use again.,0
CUST00659,42,Male,South,Branch,68342.68,19739.62,604.0,6.1,2,0,31984.82,Not satisfied with the support provided when I started having payment difficulties.,1
CUST00660,38,Female,East,Branch,84049.03,10755.9,732.0,7.5,0,0,6365.91,Helpful staff answered all my questions. Feel confident about this loan.,0
CUST00661,33,Male,North,Branch,56029.74,25924.69,686.0,4.0,2,0,9858.7,Decent experience. Wish the rates were lower but understand my credit situation.,0
CUST00662,33,Female,North,Phone,78025.66,41316.32,538.0,26.8,0,0,52123.59,I'm struggling to make payments. The interest rate is too high for my current situation.,1
CUST00663,39,Male,South,Phone,111567.86,5709.21,717.0,6.8,1,0,25648.66,Quick approval process and transparent about all fees. Very satisfied.,0
CUST00664,33,Male,North,Email,91148.0,23662.54,640.0,22.2,0,2,25343.32,Customer service has been unhelpful with my payment issues. Very stressful experience.,1
CUST00665,31,Female,West,Online,62352.84,7941.07,802.0,0.1,0,1,47064.98,Excellent customer support throughout the loan process. Highly recommend!,0
CUST00666,41,Male,East,Branch,101414.99,13866.87,648.0,6.8,2,0,12329.32,Average experience. No major complaints but nothing exceptional either.,0
CUST00667,36,Female,East,Online,,24222.41,,10.1,1,0,2268.82,The application was straightforward. Managing the payments adequately.,0
CUST00668,58,Male,North,Phone,76141.88,52239.28,802.0,10.9,2,0,23746.38,Great experience! Easy application process and reasonable interest rates.,0
CUST00669,18,Male,South,Online,108926.21,22284.78,,18.8,0,1,11327.48,The loan approval process didn't adequately assess my repayment capacity.,1
CUST00670,53,Female,West,Phone,67561.07,32339.53,773.0,0.0,1,0,52426.89,The online portal makes managing payments very convenient. No issues so far.,0
CUST00671,54,Male,Central,Email,42786.81,25775.91,713.0,0.0,1,0,1952.28,The loan amount was more than I could handle. I'm having financial difficulties now.,1
CUST00672,18,Male,North,Email,,14343.9,715.0,5.1,3,0,6024.15,Great experience! Easy application process and reasonable interest rates.,0
CUST00673,35,Female,Central,Branch,109370.37,28813.17,660.0,0.2,3,0,8424.9,The loan approval process didn't adequately assess my repayment capacity.,1
CUST00674,35,Male,East,Branch,114012.44,10604.29,720.0,29.4,0,2,12514.26,Very disappointed with the loan terms. Finding it difficult to manage monthly payments.,1
CUST00675,23,Female,East,Online,46063.47,22096.64,669.0,2.0,3,0,4096.66,Service is adequate. Would prefer lower interest but it's acceptable.,0
CUST00676,30,Male,East,Phone,99566.98,45804.17,615.0,5.1,1,0,17373.1,Having trouble keeping up with payments. Wish I had better understood the terms.,1
CUST00677,26,Male,North,Email,65830.45,24623.54,671.0,0.5,1,1,8044.36,The application was straightforward. Managing the payments adequately.,0
CUST00678,61,Female,North,Online,137012.72,25782.5,783.0,5.9,0,1,,Excellent customer support throughout the loan process. Highly recommend!,0
CUST00679,51,Male,West,Branch,43127.21,18069.17,722.0,3.8,0,1,33471.68,Having trouble keeping up with payments. Wish I had better understood the terms.,1
CUST00680,55,Male,South,Email,98713.47,8909.41,741.0,0.4,1,0,10327.73,Very satisfied with the service. Payment schedule works well for my budget.,0
CUST00681,48,Male,Central,Email,62790.58,19293.17,,3.3,0,0,19467.53,Process was fine. The loan serves its purpose even if terms aren't ideal.,0
CUST00682,26,Male,South,Online,56397.93,36132.0,,4.0,1,0,13379.23,I'm struggling to make payments. The interest rate is too high for my current situation.,1
CUST00683,33,Female,North,Phone,,27734.99,582.0,36.8,2,0,12631.14,The application was straightforward. Managing the payments adequately.,0
CUST00684,45,Male,West,Online,119291.76,10929.66,656.0,1.9,3,0,3790.16,The process was okay. Interest rate is a bit high but manageable.,0
CUST00685,25,Female,South,Online,31664.62,7766.32,589.0,6.3,1,0,12105.12,The loan approval process didn't adequately assess my repayment capacity.,1
CUST00686,48,Female,East,Social_Media,112097.08,14249.15,638.0,34.9,4,0,24992.31,Reasonable experience given my credit score. Making it work.,0
CUST00687,37,Male,West,Email,71128.97,19407.69,635.0,12.6,0,2,17701.18,The application was straightforward. Managing the payments adequately.,0
CUST00688,35,Female,Central,Email,74278.67,20226.27,637.0,40.0,0,0,6164.9,The application was straightforward. Managing the payments adequately.,0
CUST00689,48,Male,West,Online,42228.41,20382.97,794.0,27.6,2,2,3822.68,Good experience overall. The interest rate is reasonable for my credit profile.,0
CUST00690,45,Other,West,Email,95750.32,22156.19,675.0,5.4,2,0,11774.99,Average experience. No major complaints but nothing exceptional either.,0
CUST00691,35,Male,West,Branch,190984.63,28279.67,,9.5,2,0,,Good experience overall. The interest rate is reasonable for my credit profile.,0
CUST00692,53,Female,Central,Branch,57856.11,17362.71,693.0,0.9,1,0,7933.99,Average experience. No major complaints but nothing exceptional either.,0
CUST00693,27,Female,South,Branch,124609.28,12564.58,793.0,4.7,1,1,7312.82,Smooth application and approval. Rates are competitive and fair.,0
CUST00694,47,Male,North,Online,,30220.08,761.0,13.2,1,0,13516.37,Very satisfied with the service. Payment schedule works well for my budget.,0
CUST00695,47,Female,South,Email,58836.0,36647.45,632.0,5.6,1,1,20442.73,Very disappointed with the loan terms. Finding it difficult to manage monthly payments.,1
CUST00696,36,Female,North,Phone,39220.24,15808.39,836.0,9.7,0,0,6975.55,Great experience! Easy application process and reasonable interest rates.,0
CUST00697,43,Male,West,Online,132939.2,64748.38,643.0,11.0,3,1,6715.76,Service is adequate. Would prefer lower interest but it's acceptable.,0
CUST00698,24,Male,West,Online,77045.76,50571.92,696.0,2.3,0,0,,Decent experience. Wish the rates were lower but understand my credit situation.,0
CUST00699,51,Female,East,Online,60126.79,11347.15,710.0,16.7,0,1,15229.74,Great experience! Easy application process and reasonable interest rates.,0
CUST00700,37,Female,North,Online,64452.78,8010.22,719.0,4.9,2,0,24573.56,The online portal makes managing payments very convenient. No issues so far.,0
CUST00701,33,Other,West,Phone,99230.38,19903.89,743.0,1.9,2,1,12243.03,Quick approval process and transparent about all fees. Very satisfied.,0
CUST00702,52,Female,South,Email,60085.1,25882.23,619.0,16.0,4,0,20513.41,The loan approval process didn't adequately assess my repayment capacity.,1
CUST00703,31,Female,West,Online,48449.0,64176.17,736.0,4.3,4,0,29342.51,Quick approval process and transparent about all fees. Very satisfied.,0
CUST00704,23,Female,East,Online,,62880.62,726.0,11.1,2,1,15971.5,Customer service has been unhelpful with my payment issues. Very stressful experience.,1
CUST00705,21,Male,South,Phone,68777.67,32385.68,680.0,6.4,1,0,6301.98,Fair service. The loan helps but the terms could be better.,0
CUST00706,47,Male,North,Email,68121.46,17570.68,664.0,3.8,1,0,5704.0,Process was fine. The loan serves its purpose even if terms aren't ideal.,0
CUST00707,24,Female,North,Branch,60423.85,42819.82,615.0,13.3,0,1,6638.42,Customer service has been unhelpful with my payment issues. Very stressful experience.,1
CUST00708,61,Female,Central,Branch,126633.84,23756.0,718.0,7.0,2,0,42580.93,Great experience! Easy application process and reasonable interest rates.,0
CUST00709,18,Male,Central,Phone,200000.0,10101.44,,,2,0,50697.4,Reasonable experience given my credit score. Making it work.,0
CUST00710,60,Male,West,Online,46108.22,10299.42,699.0,0.9,1,0,10003.75,The loan amount was more than I could handle. I'm having financial difficulties now.,1
CUST00711,42,Female,North,Online,30192.67,17639.61,671.0,18.1,2,1,28354.12,The process was okay. Interest rate is a bit high but manageable.,0
CUST00712,38,Female,South,Email,66012.44,38647.73,573.0,0.3,0,0,31874.71,The loan approval process didn't adequately assess my repayment capacity.,1
CUST00713,33,Male,West,Phone,31258.95,11870.0,605.0,15.9,1,0,3878.41,Struggling financially and the bank has been inflexible with payment arrangements.,1
CUST00714,44,Male,West,Phone,37825.48,17617.09,712.0,3.6,1,0,40984.3,Efficient process from application to disbursement. Would use again.,0
CUST00715,39,Male,North,Email,58282.81,50309.22,638.0,8.2,1,1,10993.05,I regret taking this loan. The repayment schedule doesn't work with my income.,1
CUST00716,53,Male,North,Phone,98903.48,27706.61,635.0,20.4,0,2,10565.94,The loan approval process didn't adequately assess my repayment capacity.,1
CUST00717,41,Male,West,Online,65685.82,29655.51,618.0,1.3,1,1,4642.95,The loan amount was more than I could handle. I'm having financial difficulties now.,1
CUST00718,41,Male,South,Branch,27949.73,39483.64,621.0,6.7,2,0,42766.79,The application was straightforward. Managing the payments adequately.,0
CUST00719,35,Female,South,Online,65315.55,17829.27,811.0,11.6,1,0,14099.45,Quick approval process and transparent about all fees. Very satisfied.,0
CUST00720,39,Male,North,Online,67430.14,52366.37,590.0,11.3,0,0,39956.69,I regret taking this loan. The repayment schedule doesn't work with my income.,1
CUST00721,43,Female,East,Phone,,32964.95,797.0,,2,0,30550.57,Helpful staff answered all my questions. Feel confident about this loan.,0
CUST00722,19,Female,Central,Email,117855.42,20615.82,653.0,7.8,0,3,10149.09,Struggling financially and the bank has been inflexible with payment arrangements.,1
CUST00723,23,Male,Central,Social_Media,108757.7,46521.09,627.0,11.3,2,0,14449.18,The application was straightforward. Managing the payments adequately.,0
CUST00724,48,Female,East,Phone,75728.05,32106.14,710.0,14.7,2,0,7808.57,The online portal makes managing payments very convenient. No issues so far.,0
CUST00725,42,Male,East,Online,172724.49,21849.47,684.0,11.5,0,0,8616.52,Okay service. Some months are challenging but keeping up with payments.,0
CUST00726,37,Female,North,Online,58215.24,30177.53,664.0,3.5,1,0,18434.27,Not satisfied with the support provided when I started having payment difficulties.,1
CUST00727,40,Male,East,Email,69307.04,13208.65,697.0,40.0,2,0,22797.67,Service is acceptable. Making payments on time but it's tight some months.,0
CUST00728,44,Female,South,Phone,72540.44,42911.37,682.0,4.6,2,0,2180.97,Okay service. Some months are challenging but keeping up with payments.,0
CUST00729,33,Female,West,Phone,39063.48,63518.29,662.0,,1,0,2254.51,Reasonable experience given my credit score. Making it work.,0
CUST00730,30,Male,South,Email,73209.19,8722.29,754.0,3.6,2,0,8815.34,Great experience! Easy application process and reasonable interest rates.,0
CUST00731,42,Male,South,Email,,15704.45,564.0,1.1,4,2,16520.91,I'm struggling to make payments. The interest rate is too high for my current situation.,1
CUST00732,28,Female,North,Email,54437.81,14957.64,606.0,1.0,0,0,32238.33,Okay service. Some months are challenging but keeping up with payments.,0
CUST00733,44,Female,South,Online,77240.71,34206.11,616.0,2.6,1,0,13937.36,Average experience. No major complaints but nothing exceptional either.,0
CUST00734,19,Male,North,Email,41400.59,25090.79,595.0,0.4,2,0,10945.6,I'm struggling to make payments. The interest rate is too high for my current situation.,1
CUST00735,52,Female,North,Email,84857.62,17109.7,686.0,,2,1,20259.68,The process was okay. Interest rate is a bit high but manageable.,0
CUST00736,45,Male,Central,Online,50920.61,18666.16,720.0,0.6,2,1,6209.7,Very disappointed with the loan terms. Finding it difficult to manage monthly payments.,1
CUST00737,43,Female,East,Phone,,16206.48,522.0,1.8,0,0,14204.64,Struggling financially and the bank has been inflexible with payment arrangements.,1
CUST00738,51,Male,East,Branch,225351.3293950538,31697.52,642.0,0.8,0,0,12036.84,The loan approval process didn't adequately assess my repayment capacity.,1
CUST00739,59,Female,Central,Social_Media,70691.79,24847.59,654.0,0.5,1,0,15038.78,Decent experience. Wish the rates were lower but understand my credit situation.,0
CUST00740,52,Male,Central,Online,83981.11,18140.33,657.0,2.5,1,0,29530.63,Reasonable experience given my credit score. Making it work.,0
CUST00741,18,Male,East,Phone,89013.05,16376.89,,6.8,2,0,2675.21,Having trouble keeping up with payments. Wish I had better understood the terms.,1
CUST00742,24,Male,West,Online,70186.55,47009.58,,26.7,1,0,,Service is adequate. Would prefer lower interest but it's acceptable.,0
CUST00743,32,Male,South,Email,86147.87,42259.17,,16.7,1,0,22733.74,The application was straightforward. Managing the payments adequately.,0
CUST00744,40,Female,South,Online,54060.46,31917.03,653.0,16.7,4,0,19296.61,Okay service. Some months are challenging but keeping up with payments.,0
CUST00745,46,Male,South,Online,193540.20184622327,39606.0,542.0,1.5,1,0,2951.46,Service is adequate. Would prefer lower interest but it's acceptable.,0
CUST00746,31,Female,West,Branch,66195.98,10153.46,653.0,2.5,0,0,2241.95,Process was fine. The loan serves its purpose even if terms aren't ideal.,0
CUST00747,42,Male,West,Social_Media,128189.92,11810.73,622.0,0.6,1,0,21592.63,Decent experience. Wish the rates were lower but understand my credit situation.,0
CUST00748,30,Male,South,Online,77956.88,11125.96,659.0,12.1,1,0,2811.47,Not satisfied with the support provided when I started having payment difficulties.,1
CUST00749,32,Male,North,Online,,22248.7,704.0,0.6,1,0,14403.32,The online portal makes managing payments very convenient. No issues so far.,0
CUST00750,23,Male,West,Email,91771.66,40389.26,676.0,6.5,1,0,28210.45,Having trouble keeping up with payments. Wish I had better understood the terms.,1
CUST00751,28,Male,North,Branch,130839.08,17252.42,743.0,2.3,0,1,,The loan amount was more than I could handle. I'm having financial difficulties now.,1
CUST00752,23,Male,East,Social_Media,59500.29,43744.98,651.0,2.2,2,1,40102.24,Having trouble keeping up with payments. Wish I had better understood the terms.,1
CUST00753,28,Female,West,Online,55323.18,15684.85,729.0,37.4,0,1,,Not satisfied with the support provided when I started having payment difficulties.,1
CUST00754,52,Male,West,Phone,25382.33,20468.24,769.0,11.3,1,0,69647.94,Quick approval process and transparent about all fees. Very satisfied.,0
CUST00755,28,Female,West,Online,77871.6,33498.38912862632,701.0,14.5,2,0,9063.51,Efficient process from application to disbursement. Would use again.,0
CUST00756,71,Female,Central,Online,63372.36,19552.99,678.0,6.8,1,0,,Service is adequate. Would prefer lower interest but it's acceptable.,0
CUST00757,45,Male,East,Phone,91598.55,20827.65,713.0,,3,3,9898.25,Financial burden is overwhelming. The loan has become a significant source of stress.,1
CUST00758,42,Male,West,Phone,,7906.28,704.0,8.3,1,0,13745.43,Excellent customer support throughout the loan process. Highly recommend!,0
CUST00759,29,Other,West,Email,39710.36,27252.13,,23.4,2,0,7666.66,Efficient process from application to disbursement. Would use again.,0
CUST00760,48,Female,North,Branch,,20541.38,,2.6,1,0,13255.36,Excellent customer support throughout the loan process. Highly recommend!,0
CUST00761,33,Female,North,Branch,52022.66,52296.85,744.0,7.2,3,2,25644.64,Professional service and clear communication about terms and conditions.,0
CUST00762,41,Male,South,Branch,59642.34,30987.0,683.0,,2,3,41035.76,I regret taking this loan. The repayment schedule doesn't work with my income.,1
CUST00763,70,Female,East,Social_Media,85075.71,26552.52,707.0,4.0,3,1,6400.67,Good experience overall. The interest rate is reasonable for my credit profile.,0
CUST00764,38,Female,West,Online,44901.65,50435.49,705.0,16.9,1,0,15360.56,The loan approval process didn't adequately assess my repayment capacity.,1
CUST00765,53,Female,Central,Online,55560.63,47399.71,583.0,31.2,1,0,8510.33,Service is adequate. Would prefer lower interest but it's acceptable.,0
CUST00766,31,Other,North,Branch,43294.78,53705.35,765.0,5.4,4,2,15966.45,Professional service and clear communication about terms and conditions.,0
CUST00767,39,Male,North,Phone,112922.94,16245.22,546.0,4.0,0,0,28288.03,Average experience. No major complaints but nothing exceptional either.,0
CUST00768,61,Male,Central,Online,,10979.96,736.0,5.1,1,2,9122.9,The online portal makes managing payments very convenient. No issues so far.,0
CUST00769,32,Female,North,Social_Media,41688.39,7924.25,701.0,15.3,1,0,18676.26,Helpful staff answered all my questions. Feel confident about this loan.,0
CUST00770,61,Female,East,Online,42813.49,39282.38,657.0,8.3,2,0,6052.37,Having trouble keeping up with payments. Wish I had better understood the terms.,1
CUST00771,48,Male,East,Email,104363.55,7400.1,711.0,,0,1,29897.27,The online portal makes managing payments very convenient. No issues so far.,0
CUST00772,33,Male,East,Online,50116.77,25067.08,713.0,6.3,1,0,23318.17,Good experience overall. The interest rate is reasonable for my credit profile.,0
CUST00773,47,Male,North,Phone,59063.19,9074.77,575.0,0.1,1,2,7019.99,I'm struggling to make payments. The interest rate is too high for my current situation.,1
CUST00774,51,Male,North,Social_Media,74569.96,42747.01,793.0,12.1,2,0,,Smooth application and approval. Rates are competitive and fair.,0
CUST00775,47,Female,North,Online,63701.64,29536.26,685.0,3.2,3,1,34530.14,Struggling financially and the bank has been inflexible with payment arrangements.,1
CUST00776,21,Female,East,Social_Media,33115.92,42599.29,850.0,5.1,0,0,48889.1,Struggling financially and the bank has been inflexible with payment arrangements.,1
CUST00777,31,Male,East,Branch,96086.18,25387.01,743.0,,0,0,7288.65,Very satisfied with the service. Payment schedule works well for my budget.,0
CUST00778,37,Male,South,Social_Media,,12537.36,683.0,0.4,1,0,25768.8,The loan approval process didn't adequately assess my repayment capacity.,1
CUST00779,39,Male,West,Phone,83549.5,16878.59,624.0,1.4,2,0,10226.15,Decent experience. Wish the rates were lower but understand my credit situation.,0
CUST00780,47,Male,Central,Branch,99328.51,36964.85,671.0,4.1,0,0,34573.45,Service is adequate. Would prefer lower interest but it's acceptable.,0
CUST00781,42,Female,North,Online,30737.88,8691.01,691.0,2.1,1,2,10653.48,Very disappointed with the loan terms. Finding it difficult to manage monthly payments.,1
CUST00782,23,Other,East,Branch,99751.53,16092.17,797.0,,1,0,22028.28,Helpful staff answered all my questions. Feel confident about this loan.,0
CUST00783,44,Female,West,Online,200000.0,14811.41,778.0,40.0,0,0,15004.95,Smooth application and approval. Rates are competitive and fair.,0
CUST00784,47,Male,South,Online,87579.68,20994.84,716.0,14.0,1,1,1511.38,Very satisfied with the service. Payment schedule works well for my budget.,0
CUST00785,46,Female,South,Online,129156.06,31606.55,821.0,17.2,2,0,6458.54,Smooth application and approval. Rates are competitive and fair.,0
CUST00786,52,Female,West,Branch,111138.45,41947.23,518.0,22.1,3,0,21741.01,Financial burden is overwhelming. The loan has become a significant source of stress.,1
CUST00787,50,Female,Central,Email,98072.45,9816.09,717.0,,1,0,19921.02,Quick approval process and transparent about all fees. Very satisfied.,0
CUST00788,45,Male,West,Online,112984.05,13017.25,780.0,2.8,2,1,16513.93,Great experience! Easy application process and reasonable interest rates.,0
CUST00789,39,Male,East,Online,121995.01,10401.53,723.0,2.1,2,0,42000.82,Great experience! Easy application process and reasonable interest rates.,0
CUST00790,20,Male,West,Phone,124295.77,21492.95,573.0,14.2,2,0,24551.97,The loan amount was more than I could handle. I'm having financial difficulties now.,1
CUST00791,45,Male,South,Online,42769.0,11072.76,791.0,9.1,3,1,22462.59,Very satisfied with the service. Payment schedule works well for my budget.,0
CUST00792,42,Male,West,Online,116243.74,27123.35,740.0,2.2,0,1,1480.42,The loan amount was more than I could handle. I'm having financial difficulties now.,1
CUST00793,43,Male,East,Online,65341.72,45403.38,707.0,3.8,3,0,25416.47,Smooth application and approval. Rates are competitive and fair.,0
CUST00794,24,Female,North,Social_Media,126419.84,8043.97,687.0,5.7,2,1,3133.53,Okay service. Some months are challenging but keeping up with payments.,0
CUST00795,27,Female,West,Email,91046.55,13272.28,839.0,6.0,2,1,,Very satisfied with the service. Payment schedule works well for my budget.,0
CUST00796,52,Male,East,Branch,42528.02,54049.43,715.0,17.6,4,0,3171.57,Financial burden is overwhelming. The loan has become a significant source of stress.,1
CUST00797,39,Male,South,Phone,134703.46,24657.86,660.0,3.8,2,1,19017.03,Average experience. No major complaints but nothing exceptional either.,0
CUST00798,48,Female,Central,Branch,52126.38,16251.88,615.0,19.1,0,0,,Not satisfied with the support provided when I started having payment difficulties.,1
CUST00799,40,Female,North,Phone,63950.26,89039.28,740.0,4.7,1,0,12460.9,Not satisfied with the support provided when I started having payment difficulties.,1
CUST00800,40,Female,South,Phone,149897.34,18625.51,758.0,11.0,1,0,12779.84,Professional service and clear communication about terms and conditions.,0
CUST00801,51,Other,North,Phone,78187.25,30865.71,684.0,21.3,0,0,5927.83,Service is adequate. Would prefer lower interest but it's acceptable.,0
CUST00802,33,Female,West,Online,62751.51,13600.68,635.0,19.1,5,0,28762.54,Process was fine. The loan serves its purpose even if terms aren't ideal.,0
CUST00803,41,Other,West,Online,210766.15143432296,12289.43,786.0,0.5,2,1,3502.71,Good experience overall. The interest rate is reasonable for my credit profile.,0
CUST00804,34,Male,South,Branch,62177.42,31960.68,,1.8,2,0,15007.49,Okay service. Some months are challenging but keeping up with payments.,0
CUST00805,34,Male,West,Email,104271.96,57025.06,837.0,5.2,0,0,12326.52,The online portal makes managing payments very convenient. No issues so far.,0
CUST00806,36,Male,South,Phone,63001.3,16668.25,621.0,4.5,5,0,17671.43,Okay service. Some months are challenging but keeping up with payments.,0
CUST00807,42,Male,West,Email,71994.63,11796.0,577.0,8.2,3,1,23694.21,Financial burden is overwhelming. The loan has become a significant source of stress.,1
CUST00808,34,Male,East,Social_Media,94563.47,38879.77,587.0,23.2,4,0,11774.53,Decent experience. Wish the rates were lower but understand my credit situation.,0
CUST00809,55,Female,South,Online,89813.34,16764.11,591.0,1.0,0,0,25537.73,Having trouble keeping up with payments. Wish I had better understood the terms.,1
CUST00810,29,Female,Central,Phone,53927.39,27345.23,661.0,4.8,2,0,12965.97,Having trouble keeping up with payments. Wish I had better understood the terms.,1
CUST00811,37,Female,South,Phone,104860.47,16378.09,642.0,1.7,0,1,17226.62,Reasonable experience given my credit score. Making it work.,0
CUST00812,34,Male,North,Social_Media,58177.51,18008.65,,18.0,0,0,5022.7,Great experience! Easy application process and reasonable interest rates.,0
CUST00813,57,Female,East,Social_Media,46408.34,12978.19,750.0,26.7,1,1,9519.3,Quick approval process and transparent about all fees. Very satisfied.,0
CUST00814,42,Female,Central,Phone,34151.02,32471.92,662.0,5.2,1,0,2792.36,The process was okay. Interest rate is a bit high but manageable.,0
CUST00815,52,Male,South,Online,67743.96,27830.85,850.0,0.9,2,0,13995.46,Efficient process from application to disbursement. Would use again.,0
CUST00816,22,Female,North,Email,,27254.18,,12.3,1,0,22773.3,Fair service. The loan helps but the terms could be better.,0
CUST00817,43,Male,South,Online,50832.56,14405.93,671.0,9.6,2,2,11328.18,Financial burden is overwhelming. The loan has become a significant source of stress.,1
CUST00818,50,Male,East,Email,72805.24,26399.23,577.0,3.5,0,0,12386.35,Having trouble keeping up with payments. Wish I had better understood the terms.,1
CUST00819,40,Female,North,Social_Media,120739.38,61732.63,,17.5,1,0,17900.65,Having trouble keeping up with payments. Wish I had better understood the terms.,1
CUST00820,52,Male,West,Branch,64686.71,11839.77,703.0,29.8,1,0,19333.62,Professional service and clear communication about terms and conditions.,0
CUST00821,33,Male,Central,Phone,39383.78,13656.16,585.0,6.5,1,0,2662.3,Okay service. Some months are challenging but keeping up with payments.,0
CUST00822,56,Female,East,Branch,69878.92,14078.13,640.0,6.7,1,0,8120.55,Reasonable experience given my credit score. Making it work.,0
CUST00823,67,Female,South,Branch,118523.4,23401.9,706.0,2.8,3,1,3145.53,Having trouble keeping up with payments. Wish I had better understood the terms.,1
CUST00824,35,Male,South,Branch,64040.13,11365.12,638.0,7.0,3,0,9722.63,Service is adequate. Would prefer lower interest but it's acceptable.,0
CUST00825,34,Male,North,Email,130483.07,65716.58199192915,621.0,4.6,2,0,36993.99,Okay service. Some months are challenging but keeping up with payments.,0
CUST00826,57,Male,Central,Social_Media,72622.67,7674.24,742.0,2.9,0,0,22994.31,The loan approval process didn't adequately assess my repayment capacity.,1
CUST00827,58,Female,South,Social_Media,275806.5813156867,34845.36,577.0,0.6,5,0,13246.63,Financial burden is overwhelming. The loan has become a significant source of stress.,1
CUST00828,33,Male,South,Online,80788.57,26958.28,592.0,2.3,0,0,43961.54,Having trouble keeping up with payments. Wish I had better understood the terms.,1
CUST00829,34,Male,West,Email,127473.08,60873.86,694.0,1.8,0,0,16684.95,Decent experience. Wish the rates were lower but understand my credit situation.,0
CUST00830,36,Female,East,Email,178404.47,12142.25,747.0,6.2,0,2,59958.81,Great experience! Easy application process and reasonable interest rates.,0
CUST00831,23,Female,West,Online,59415.06,39819.24,704.0,7.4,0,0,14775.74,Efficient process from application to disbursement. Would use again.,0
CUST00832,28,Male,North,Online,78688.12,20578.2,662.0,7.5,3,0,8088.26,Reasonable experience given my credit score. Making it work.,0
CUST00833,27,Female,West,Online,120698.11,18253.77,655.0,3.9,3,0,4659.02,Okay service. Some months are challenging but keeping up with payments.,0
CUST00834,30,Female,Central,Social_Media,82056.99,11822.62,760.0,4.4,0,0,21301.65,Excellent customer support throughout the loan process. Highly recommend!,0
CUST00835,39,Male,West,Phone,33590.82,16517.06,748.0,14.4,2,1,9641.59,Struggling financially and the bank has been inflexible with payment arrangements.,1
CUST00836,42,Male,Central,Email,64472.13,16954.34,683.0,,1,1,14753.87,Reasonable experience given my credit score. Making it work.,0
CUST00837,58,Female,North,Online,81743.23,9103.66,657.0,35.2,1,0,18950.05,Decent experience. Wish the rates were lower but understand my credit situation.,0
CUST00838,28,Male,East,Email,144179.43,26789.17,682.0,4.6,1,0,6421.76,Decent experience. Wish the rates were lower but understand my credit situation.,0
CUST00839,51,Female,West,Online,76786.85,24747.32,621.0,8.4,1,0,16480.59,Financial burden is overwhelming. The loan has become a significant source of stress.,1
CUST00840,37,Male,East,Branch,49445.94,30791.22,667.0,0.4,1,0,11479.95,Very disappointed with the loan terms. Finding it difficult to manage monthly payments.,1
CUST00841,39,Male,South,Phone,82616.65,37128.777367419905,640.0,8.5,1,0,3350.95,Service is adequate. Would prefer lower interest but it's acceptable.,0
CUST00842,48,Male,South,Online,137178.32,35643.21,671.0,15.3,0,1,19688.86,Okay service. Some months are challenging but keeping up with payments.,0
CUST00843,26,Male,North,Email,55482.24,46857.06,,22.8,1,0,21557.84,Financial burden is overwhelming. The loan has become a significant source of stress.,1
CUST00844,44,Male,South,Online,58500.3,19074.02,721.0,40.0,0,0,32410.15,Great experience! Easy application process and reasonable interest rates.,0
CUST00845,41,Male,North,Phone,55843.02,12278.47,745.0,,0,0,4803.28,Efficient process from application to disbursement. Would use again.,0
CUST00846,45,Female,West,Branch,41331.56,22688.49,649.0,6.9,2,0,49596.53,Service is acceptable. Making payments on time but it's tight some months.,0
CUST00847,43,Other,North,Phone,75265.15,22070.92,615.0,4.8,0,0,7025.03,Average experience. No major complaints but nothing exceptional either.,0
CUST00848,69,Female,North,Online,71408.66,19664.27,736.0,6.6,1,0,1733.45,Smooth application and approval. Rates are competitive and fair.,0
CUST00849,32,Female,East,Online,,30834.02,694.0,1.4,3,1,13683.9,The loan amount was more than I could handle. I'm having financial difficulties now.,1
CUST00850,33,Male,East,Social_Media,51018.04,17738.94,650.0,15.5,3,0,17679.56,Service is adequate. Would prefer lower interest but it's acceptable.,0
CUST00851,32,Other,Central,Online,79705.0,11752.18,790.0,19.2,2,0,11858.43,Helpful staff answered all my questions. Feel confident about this loan.,0
CUST00852,33,Male,East,Email,98841.2,23934.22,634.0,4.8,1,0,4737.23,Okay service. Some months are challenging but keeping up with payments.,0
CUST00853,32,Female,South,Social_Media,,31727.78,520.0,2.6,3,3,9044.07,The loan approval process didn't adequately assess my repayment capacity.,1
CUST00854,54,Other,West,Online,102530.99,33300.04,623.0,1.2,0,3,16925.0,The loan amount was more than I could handle. I'm having financial difficulties now.,1
CUST00855,57,Female,East,Online,73277.37,17069.15,809.0,9.2,0,1,54443.34,Struggling financially and the bank has been inflexible with payment arrangements.,1
CUST00856,33,Other,North,Phone,,25983.28,654.0,,3,1,4967.68,The process was okay. Interest rate is a bit high but manageable.,0
CUST00857,30,Female,East,Social_Media,66309.39,47391.51,638.0,19.2,3,0,8025.19,Reasonable experience given my credit score. Making it work.,0
CUST00858,45,Male,Central,Social_Media,27263.85,40515.54,682.0,8.9,3,1,3816.09,Reasonable experience given my credit score. Making it work.,0
CUST00859,33,Male,South,Branch,79875.98,8829.62,760.0,8.3,5,2,9704.01,I'm struggling to make payments. The interest rate is too high for my current situation.,1
CUST00860,47,Female,South,Email,54685.25,17834.03,673.0,6.6,2,0,,Process was fine. The loan serves its purpose even if terms aren't ideal.,0
CUST00861,42,Male,North,Online,30494.74,45538.09,727.0,0.4,0,0,26727.39,Struggling financially and the bank has been inflexible with payment arrangements.,1
CUST00862,21,Female,North,Social_Media,86486.72,8805.31,664.0,21.5,2,0,17172.77,The process was okay. Interest rate is a bit high but manageable.,0
CUST00863,58,Other,East,Social_Media,136388.05,21030.6,,,0,0,35843.61,The online portal makes managing payments very convenient. No issues so far.,0
CUST00864,61,Male,East,Online,36762.6,15152.0,694.0,40.0,3,0,12955.43,Reasonable experience given my credit score. Making it work.,0
CUST00865,32,Female,North,Online,89702.83,26316.06,648.0,6.2,0,0,332.47,Decent experience. Wish the rates were lower but understand my credit situation.,0
CUST00866,35,Female,Central,Online,61489.57,6695.87,700.0,9.9,1,0,17758.12,The application was straightforward. Managing the payments adequately.,0
CUST00867,43,Female,West,Online,52107.04,42939.38,636.0,0.5,0,2,2423.14,The loan amount was more than I could handle. I'm having financial difficulties now.,1
CUST00868,44,Other,East,Email,52154.9,21637.79,569.0,8.0,0,0,26152.55,I regret taking this loan. The repayment schedule doesn't work with my income.,1
CUST00869,47,Female,Central,Branch,61483.24,11335.28,678.0,11.6,0,1,,Financial burden is overwhelming. The loan has become a significant source of stress.,1
CUST00870,64,Other,North,Online,61386.53,13965.34,576.0,12.1,0,0,7725.34,Service is adequate. Would prefer lower interest but it's acceptable.,0
CUST00871,37,Female,East,Branch,71990.3,26861.67,727.0,11.8,1,0,4383.21,Smooth application and approval. Rates are competitive and fair.,0
CUST00872,30,Male,West,Social_Media,,13360.01,,2.1,2,0,8719.91,Fair service. The loan helps but the terms could be better.,0
CUST00873,23,Male,Central,Phone,,55909.5,793.0,29.6,4,0,,Quick approval process and transparent about all fees. Very satisfied.,0
CUST00874,31,Female,West,Branch,93505.84,20169.11,653.0,40.0,2,0,45020.74,Average experience. No major complaints but nothing exceptional either.,0
CUST00875,39,Male,South,Online,48219.72,49855.6,678.0,0.6,3,0,11691.62,The process was okay. Interest rate is a bit high but manageable.,0
CUST00876,61,Female,Central,Social_Media,82184.11,23958.74,562.0,22.0,2,0,15738.67,Struggling financially and the bank has been inflexible with payment arrangements.,1
CUST00877,33,Female,North,Email,62855.31,32468.19,591.0,2.7,4,0,12225.32,Service is acceptable. Making payments on time but it's tight some months.,0
CUST00878,42,Male,Central,Online,57438.19,31315.41,545.0,9.4,4,0,15764.44,Having trouble keeping up with payments. Wish I had better understood the terms.,1
CUST00879,39,Female,Central,Online,157392.35,16254.54,766.0,3.3,1,0,15061.86,Good experience overall. The interest rate is reasonable for my credit profile.,0
CUST00880,54,Female,North,Online,41691.52,32710.51,643.0,27.5,0,0,13146.59,Okay service. Some months are challenging but keeping up with payments.,0
CUST00881,70,Female,West,Online,140880.18,17086.82,786.0,0.9,1,0,7501.37,Customer service has been unhelpful with my payment issues. Very stressful experience.,1
CUST00882,33,Male,North,Phone,,8426.29,465.0,,1,0,21863.4,Very disappointed with the loan terms. Finding it difficult to manage monthly payments.,1
CUST00883,34,Male,South,Social_Media,55284.01,19130.94,803.0,4.5,2,0,4966.07,Smooth application and approval. Rates are competitive and fair.,0
CUST00884,52,Male,East,Branch,106831.89,10491.56,674.0,3.2,0,0,19081.73,Average experience. No major complaints but nothing exceptional either.,0
CUST00885,48,Female,East,Email,24773.84,16743.93,707.0,8.3,1,0,22162.32,Very satisfied with the service. Payment schedule works well for my budget.,0
CUST00886,62,Male,Central,Branch,53105.17,21219.63,594.0,1.1,0,0,1877.31,The process was okay. Interest rate is a bit high but manageable.,0
CUST00887,47,Female,West,Email,48488.26,12482.98,722.0,10.1,1,0,4520.97,Customer service has been unhelpful with my payment issues. Very stressful experience.,1
CUST00888,35,Male,East,Email,86949.93,29969.89,,31.5,0,0,2200.04,The application was straightforward. Managing the payments adequately.,0
CUST00889,47,Male,West,Online,99731.02,16969.57,584.0,13.1,1,0,31442.06,The process was okay. Interest rate is a bit high but manageable.,0
CUST00890,53,Female,Central,Branch,86315.97,10330.39,583.0,15.7,1,0,8442.08,The process was okay. Interest rate is a bit high but manageable.,0
CUST00891,49,Female,North,Phone,77496.34,12593.68,581.0,3.6,1,1,30294.41,The loan approval process didn't adequately assess my repayment capacity.,1
CUST00892,46,Male,Central,Online,110118.18,23096.91,710.0,3.1,0,1,10033.74,Professional service and clear communication about terms and conditions.,0
CUST00893,52,Male,North,Branch,102944.92,18644.23,629.0,5.8,2,0,5364.52,Very disappointed with the loan terms. Finding it difficult to manage monthly payments.,1
CUST00894,54,Male,West,Branch,54724.09,25730.25,548.0,0.4,1,1,7169.98,Very disappointed with the loan terms. Finding it difficult to manage monthly payments.,1
CUST00895,56,Female,South,Social_Media,,23193.71,709.0,23.3,0,0,14849.44,Customer service has been unhelpful with my payment issues. Very stressful experience.,1
CUST00896,47,Female,North,Branch,100266.59,11961.1,506.0,1.2,0,0,21993.77,Very disappointed with the loan terms. Finding it difficult to manage monthly payments.,1
CUST00897,37,Male,East,Email,71681.16,14944.63,786.0,18.7,1,3,13486.94,Customer service has been unhelpful with my payment issues. Very stressful experience.,1
CUST00898,41,Male,West,Branch,73861.7,35470.17,838.0,0.7,1,1,25516.71,The online portal makes managing payments very convenient. No issues so far.,0
CUST00899,54,Male,South,Email,78151.94,13083.15,575.0,13.8,1,0,11478.87,Financial burden is overwhelming. The loan has become a significant source of stress.,1
CUST00900,30,Female,North,Phone,34090.92,50565.37,764.0,1.3,2,0,12534.68,The online portal makes managing payments very convenient. No issues so far.,0
CUST00901,44,Other,East,Email,53699.03,9235.07,707.0,0.3,1,0,6768.06,Smooth application and approval. Rates are competitive and fair.,0
CUST00902,35,Male,Central,Branch,,34782.15,639.0,10.2,1,0,6137.39,Struggling financially and the bank has been inflexible with payment arrangements.,1
CUST00903,40,Female,South,Phone,53512.7,20359.65,643.0,2.6,0,0,23057.39,The loan amount was more than I could handle. I'm having financial difficulties now.,1
CUST00904,55,Male,North,Phone,65937.5,12002.85,732.0,10.0,2,0,4983.25,Smooth application and approval. Rates are competitive and fair.,0
CUST00905,42,Male,East,Branch,90063.33,22715.29,,,0,1,10012.31,Average experience. No major complaints but nothing exceptional either.,0
CUST00906,40,Female,North,Online,112974.29,13323.35,472.0,0.9,1,0,23854.66,Customer service has been unhelpful with my payment issues. Very stressful experience.,1
CUST00907,23,Female,Central,Online,119275.14,15501.23,845.0,21.5,2,1,2713.65,Excellent customer support throughout the loan process. Highly recommend!,0
CUST00908,48,Female,Central,Online,122458.68,17209.36,714.0,,0,0,32005.59,Great experience! Easy application process and reasonable interest rates.,0
CUST00909,47,Female,East,Email,68679.45,33163.91,675.0,10.6,2,0,5442.84,The loan amount was more than I could handle. I'm having financial difficulties now.,1
CUST00910,65,Male,South,Online,65596.49,14822.98,622.0,5.6,1,0,32091.95,I regret taking this loan. The repayment schedule doesn't work with my income.,1
CUST00911,36,Female,West,Online,43652.68,24814.68,664.0,7.4,1,0,4974.92,Having trouble keeping up with payments. Wish I had better understood the terms.,1
CUST00912,42,Male,East,Email,136763.2,33925.88,781.0,2.9,3,0,23018.22,Smooth application and approval. Rates are competitive and fair.,0
CUST00913,42,Female,Central,Branch,64398.46,22351.98,700.0,1.8,1,0,8242.12,I'm struggling to make payments. The interest rate is too high for my current situation.,1
CUST00914,58,Male,West,Branch,135231.13,27088.9,710.0,6.3,2,0,46196.57,Efficient process from application to disbursement. Would use again.,0
CUST00915,38,Female,West,Online,83184.42,21147.92,580.0,4.6,0,0,10885.99,Financial burden is overwhelming. The loan has become a significant source of stress.,1
CUST00916,43,Male,East,Social_Media,115424.26,29601.74,652.0,4.0,1,0,4365.67,Reasonable experience given my credit score. Making it work.,0
CUST00917,47,Male,South,Email,70729.26,10179.82,684.0,8.9,0,0,19093.87,The application was straightforward. Managing the payments adequately.,0
CUST00918,42,Female,Central,Email,94129.21,47871.14,735.0,9.4,1,0,9039.07,The online portal makes managing payments very convenient. No issues so far.,0
CUST00919,34,Male,East,Branch,117264.14,14296.87,646.0,,1,0,20514.54,Reasonable experience given my credit score. Making it work.,0
CUST00920,42,Female,West,Email,58636.05,20479.04,754.0,3.3,1,0,31755.49,Customer service has been unhelpful with my payment issues. Very stressful experience.,1
CUST00921,52,Male,South,Online,122765.72,7346.05,588.0,4.2,3,1,23469.77,I regret taking this loan. The repayment schedule doesn't work with my income.,1
CUST00922,27,Male,West,Online,,15934.0,685.0,,3,0,,Average experience. No major complaints but nothing exceptional either.,0
CUST00923,41,Male,East,Online,155387.06,25425.88,672.0,2.2,2,0,4876.36,I regret taking this loan. The repayment schedule doesn't work with my income.,1
CUST00924,31,Male,North,Phone,78290.16,51794.12,558.0,0.4,2,0,16067.59,Not satisfied with the support provided when I started having payment difficulties.,1
CUST00925,54,Female,North,Branch,54052.7,30397.28,676.0,,1,0,,I'm struggling to make payments. The interest rate is too high for my current situation.,1
CUST00926,21,Male,West,Branch,104478.56,16655.45,633.0,10.7,2,0,3941.57,Service is adequate. Would prefer lower interest but it's acceptable.,0
CUST00927,33,Female,West,Online,84924.8,8871.91,793.0,0.7,1,0,5345.11,Efficient process from application to disbursement. Would use again.,0
CUST00928,44,Female,East,Branch,34702.48,44602.94,647.0,0.2,2,1,33396.47,The loan amount was more than I could handle. I'm having financial difficulties now.,1
CUST00929,58,Male,South,Email,61497.64,16204.04,708.0,10.2,3,0,7451.99,Helpful staff answered all my questions. Feel confident about this loan.,0
CUST00930,39,Female,West,Branch,46859.34,25384.03,581.0,4.6,2,0,21880.22,Reasonable experience given my credit score. Making it work.,0
CUST00931,33,Female,North,Email,,16681.8,698.0,12.4,1,0,28693.32,Service is acceptable. Making payments on time but it's tight some months.,0
CUST00932,62,Female,East,Online,47836.33,27264.0,646.0,,1,0,7212.69,Fair service. The loan helps but the terms could be better.,0
CUST00933,22,Male,North,Email,92111.76,43410.96,617.0,7.3,0,0,12188.61,Process was fine. The loan serves its purpose even if terms aren't ideal.,0
CUST00934,18,Male,North,Phone,108194.23,32927.25,850.0,1.7,0,1,21925.73,Professional service and clear communication about terms and conditions.,0
CUST00935,45,Female,North,Online,52016.21,18443.32,651.0,12.2,1,1,2507.51,I'm struggling to make payments. The interest rate is too high for my current situation.,1
CUST00936,33,Female,South,Online,31733.22,45238.4,663.0,25.0,1,1,10404.1,The application was straightforward. Managing the payments adequately.,0
CUST00937,27,Female,North,Phone,27208.02,58719.64,752.0,6.9,2,0,30748.86,The loan approval process didn't adequately assess my repayment capacity.,1
CUST00938,48,Male,South,Email,,38007.35,618.0,,3,1,17016.01,The loan approval process didn't adequately assess my repayment capacity.,1
CUST00939,42,Female,East,Branch,78665.11,16979.26,712.0,3.3,0,0,17156.38,Great experience! Easy application process and reasonable interest rates.,0
CUST00940,33,Male,East,Online,104835.61,34826.1,720.0,3.8,2,0,25608.55,Customer service has been unhelpful with my payment issues. Very stressful experience.,1
CUST00941,24,Female,South,Email,67200.57,37774.76,699.0,,1,2,8127.33,I'm struggling to make payments. The interest rate is too high for my current situation.,1
CUST00942,50,Male,Central,Phone,29693.14,18646.92,850.0,21.0,2,0,5163.77,Quick approval process and transparent about all fees. Very satisfied.,0
CUST00943,47,Female,North,Branch,88014.6,58714.76,615.0,7.9,1,0,16311.76,The loan amount was more than I could handle. I'm having financial difficulties now.,1
CUST00944,38,Male,East,Branch,147443.22,42244.97,803.0,12.5,1,0,8663.71,Very satisfied with the service. Payment schedule works well for my budget.,0
CUST00945,62,Male,North,Online,55309.74,19207.76,717.0,1.5,3,0,8196.49,Helpful staff answered all my questions. Feel confident about this loan.,0
CUST00946,27,Female,North,Phone,28745.02,16968.98,752.0,1.9,0,0,5009.22,Good experience overall. The interest rate is reasonable for my credit profile.,0
CUST00947,21,Male,East,Branch,43555.28,37260.76,707.0,6.1,0,2,18965.32,Financial burden is overwhelming. The loan has become a significant source of stress.,1
CUST00948,31,Male,East,Social_Media,107189.67,68365.76,830.0,1.6,2,0,11146.01,The online portal makes managing payments very convenient. No issues so far.,0
CUST00949,39,Male,Central,Branch,,10547.28,,8.1,0,0,5117.06,Service is adequate. Would prefer lower interest but it's acceptable.,0
CUST00950,42,Female,East,Branch,123006.82,28045.01,719.0,2.8,0,0,26706.58,The online portal makes managing payments very convenient. No issues so far.,0
CUST00951,37,Female,Central,Phone,73620.88,34449.19,784.0,12.5,0,1,9873.88,Good experience overall. The interest rate is reasonable for my credit profile.,0
CUST00952,44,Male,North,Social_Media,98955.99,43174.97,635.0,13.2,2,0,19301.73,Average experience. No major complaints but nothing exceptional either.,0
CUST00953,24,Female,North,Email,60725.86,34655.06,760.0,5.0,1,0,38932.92,Professional service and clear communication about terms and conditions.,0
CUST00954,57,Female,North,Branch,44891.69,16328.09,678.0,,0,0,26393.5,Very disappointed with the loan terms. Finding it difficult to manage monthly payments.,1
CUST00955,39,Male,North,Email,99082.32,9946.85,581.0,8.3,2,0,36105.19,The application was straightforward. Managing the payments adequately.,0
CUST00956,53,Female,East,Phone,108003.69,18068.59,563.0,39.5,0,0,26030.0,The application was straightforward. Managing the payments adequately.,0
CUST00957,44,Female,West,Branch,55857.12,33959.41,672.0,7.8,0,0,10445.38,The application was straightforward. Managing the payments adequately.,0
CUST00958,45,Female,North,Online,141048.51,15348.42,759.0,0.3,0,1,6420.01,Smooth application and approval. Rates are competitive and fair.,0
CUST00959,46,Male,Central,Branch,142934.03,47267.75,513.0,0.1,0,2,10016.44,Financial burden is overwhelming. The loan has become a significant source of stress.,1
CUST00960,45,Female,Central,Online,47956.45,20095.43,696.0,,0,0,,Reasonable experience given my credit score. Making it work.,0
CUST00961,47,Female,South,Social_Media,48858.81,14806.95,751.0,1.7,1,0,31611.11,Great experience! Easy application process and reasonable interest rates.,0
CUST00962,55,Male,North,Branch,49799.73,29921.42,577.0,13.4,0,1,8847.5,The loan amount was more than I could handle. I'm having financial difficulties now.,1
CUST00963,42,Male,North,Social_Media,69306.61,18909.92,629.0,,3,0,3981.11,Service is adequate. Would prefer lower interest but it's acceptable.,0
CUST00964,48,Male,North,Branch,61981.82,16704.55,725.0,2.4,1,0,15642.51,The loan approval process didn't adequately assess my repayment capacity.,1
CUST00965,38,Male,North,Phone,41060.81,63366.88,747.0,,1,0,13686.92,Professional service and clear communication about terms and conditions.,0
CUST00966,57,Female,East,Branch,50392.39,15294.72,808.0,2.2,0,0,6710.47,The online portal makes managing payments very convenient. No issues so far.,0
CUST00967,31,Male,South,Online,,17696.75,633.0,19.1,3,0,9514.38,Not satisfied with the support provided when I started having payment difficulties.,1
CUST00968,61,Male,South,Branch,31461.97,30182.27,614.0,5.6,1,0,36860.12,The loan approval process didn't adequately assess my repayment capacity.,1
CUST00969,39,Female,Central,Online,38110.68,46837.64,812.0,8.5,3,3,18907.37,Not satisfied with the support provided when I started having payment difficulties.,1
CUST00970,22,Male,West,Phone,168433.41,28500.68,619.0,4.3,1,0,10140.43,Decent experience. Wish the rates were lower but understand my credit situation.,0
CUST00971,41,Other,Central,Branch,158447.05,23037.27,720.0,8.0,0,0,6671.93,Efficient process from application to disbursement. Would use again.,0
CUST00972,31,Male,North,Email,101738.45,67881.03,850.0,3.9,1,0,50175.14,I'm struggling to make payments. The interest rate is too high for my current situation.,1
CUST00973,50,Male,South,Online,56102.88,17219.19,740.0,3.3,0,0,42041.52,I regret taking this loan. The repayment schedule doesn't work with my income.,1
CUST00974,32,Male,East,Online,37882.79,17268.7,742.0,8.1,0,0,24847.04,Quick approval process and transparent about all fees. Very satisfied.,0
CUST00975,34,Male,North,Branch,72932.68,15421.76,782.0,,1,0,11017.62,Very satisfied with the service. Payment schedule works well for my budget.,0
CUST00976,18,Male,North,Social_Media,89122.89,27461.56,721.0,2.8,1,0,6391.31,I'm struggling to make payments. The interest rate is too high for my current situation.,1
CUST00977,34,Female,West,Email,52379.98,12960.4,743.0,,0,0,6607.9,Smooth application and approval. Rates are competitive and fair.,0
CUST00978,18,Other,West,Branch,86958.3,11236.99,652.0,3.7,4,0,10910.74,Decent experience. Wish the rates were lower but understand my credit situation.,0
CUST00979,20,Male,South,Branch,43395.27,17665.65,772.0,4.3,0,1,8820.48,Smooth application and approval. Rates are competitive and fair.,0
CUST00980,49,Female,East,Online,56592.68,8677.68,713.0,7.9,0,0,12982.65,Great experience! Easy application process and reasonable interest rates.,0
CUST00981,49,Female,South,Social_Media,65342.81,25390.75,561.0,19.7,4,2,,Very disappointed with the loan terms. Finding it difficult to manage monthly payments.,1
CUST00982,45,Female,North,Phone,160753.19,27503.4,699.0,0.3,0,0,,The process was okay. Interest rate is a bit high but manageable.,0
CUST00983,28,Male,South,Online,50090.82,30348.81,506.0,,0,0,5717.57,The loan amount was more than I could handle. I'm having financial difficulties now.,1
CUST00984,39,Male,North,Phone,88921.59,35738.31,,1.7,0,0,10219.77,Smooth application and approval. Rates are competitive and fair.,0
CUST00985,39,Male,North,Online,47019.29,17956.87,661.0,5.6,0,3,12245.46,I'm struggling to make payments. The interest rate is too high for my current situation.,1
CUST00986,26,Female,Central,Social_Media,44471.54,43625.78,832.0,4.5,1,0,34790.71,Having trouble keeping up with payments. Wish I had better understood the terms.,1
CUST00987,58,Female,East,Online,52283.21,41064.43,,10.4,0,0,16313.99,Very disappointed with the loan terms. Finding it difficult to manage monthly payments.,1
CUST00988,50,Male,West,Phone,74066.26,11998.03,753.0,2.2,1,0,15869.57,Efficient process from application to disbursement. Would use again.,0
CUST00989,37,Male,South,Online,149968.33,21186.41,596.0,7.2,1,0,16794.84,Average experience. No major complaints but nothing exceptional either.,0
CUST00990,40,Female,South,Email,55584.63,6349.37,734.0,17.2,2,0,29299.72,Helpful staff answered all my questions. Feel confident about this loan.,0
CUST00991,42,Female,South,Email,108389.8,43997.01,628.0,19.3,0,0,80000.0,Fair service. The loan helps but the terms could be better.,0
CUST00992,18,Other,North,Phone,164673.88,35362.28,767.0,25.5,3,1,8262.44,I regret taking this loan. The repayment schedule doesn't work with my income.,1
CUST00993,37,Female,North,Phone,82165.93,50114.82,590.0,11.9,3,0,,The loan approval process didn't adequately assess my repayment capacity.,1
CUST00994,31,Male,West,Email,117675.09,9200.1,688.0,18.9,3,0,3440.81,Service is acceptable. Making payments on time but it's tight some months.,0
CUST00995,27,Female,West,Online,51103.07,28976.2,587.0,2.1,1,0,10306.4,Very disappointed with the loan terms. Finding it difficult to manage monthly payments.,1
CUST00996,36,Female,East,Branch,87839.95,16016.54,690.0,1.8,0,0,5015.66,The application was straightforward. Managing the payments adequately.,0
CUST00997,61,Male,East,Online,98202.31,7294.22,841.0,0.1,1,0,21425.27,The online portal makes managing payments very convenient. No issues so far.,0
CUST00998,47,Female,Central,Social_Media,40323.57,38512.4,737.0,,2,0,,Excellent customer support throughout the loan process. Highly recommend!,0
CUST00999,33,Female,North,Branch,49034.9,10654.04,677.0,22.2,2,0,3989.47,Reasonable experience given my credit score. Making it work.,0
CUST01000,46,Male,South,Email,64099.36,26797.43,483.0,1.7,1,2,28156.02,I'm struggling to make payments. The interest rate is too high for my current situation.,1
CUST01001,56,Female,South,Phone,52892.46,15912.57,637.0,8.1,1,0,17095.7,The loan amount was more than I could handle. I'm having financial difficulties now.,1
CUST01002,51,Female,West,Online,67395.27,24130.83,717.0,11.0,1,0,23771.87,Not satisfied with the support provided when I started having payment difficulties.,1
CUST01003,40,Female,Central,Online,38188.41,36035.77,639.0,,3,0,31056.53,Not satisfied with the support provided when I started having payment difficulties.,1
CUST01004,32,Male,South,Online,156707.24,24170.38,794.0,8.3,1,0,21865.04,Smooth application and approval. Rates are competitive and fair.,0
CUST01005,48,Male,Central,Branch,113627.72,12822.08,685.0,28.1,1,1,3270.72,Not satisfied with the support provided when I started having payment difficulties.,1
CUST01006,44,Female,Central,Online,200000.0,64314.56,766.0,3.4,0,0,9486.39,Efficient process from application to disbursement. Would use again.,0
CUST01007,50,Male,South,Online,42139.27,18106.25,696.0,3.4,0,1,3746.14,Process was fine. The loan serves its purpose even if terms aren't ideal.,0
CUST01008,47,Female,South,Email,89414.88,32314.455496691404,657.0,6.3,2,1,1660.71,The process was okay. Interest rate is a bit high but manageable.,0
CUST01009,52,Female,South,Social_Media,53099.88,20801.59,642.0,3.9,0,0,4708.5,Decent experience. Wish the rates were lower but understand my credit situation.,0
CUST01010,33,Male,Central,Branch,44369.93,9303.59,599.0,0.0,0,0,10118.76,I'm struggling to make payments. The interest rate is too high for my current situation.,1
CUST01011,55,Female,North,Branch,110617.24,14956.88,767.0,10.5,4,0,45237.6,Very satisfied with the service. Payment schedule works well for my budget.,0
CUST01012,42,Female,West,Online,75149.97,18748.09,645.0,11.1,1,0,,Customer service has been unhelpful with my payment issues. Very stressful experience.,1
CUST01013,64,Male,South,Phone,62216.97,25319.59,721.0,11.0,0,1,,The loan amount was more than I could handle. I'm having financial difficulties now.,1
CUST01014,31,Female,West,Email,83287.2,22502.66,637.0,3.4,1,0,8487.8,Having trouble keeping up with payments. Wish I had better understood the terms.,1
CUST01015,60,Female,East,Online,49896.58,29022.12,593.0,5.9,1,0,11113.51,Average experience. No major complaints but nothing exceptional either.,0
CUST01016,42,Female,East,Online,49214.5,21297.41,724.0,3.6,1,0,,Professional service and clear communication about terms and conditions.,0
CUST01017,32,Female,Central,Email,53906.52,40783.78,,0.1,0,0,10630.53,Struggling financially and the bank has been inflexible with payment arrangements.,1
CUST01018,34,Male,West,Phone,121066.23,32023.38,647.0,6.6,5,0,19898.23,Okay service. Some months are challenging but keeping up with payments.,0
CUST01019,36,Female,Central,Online,116409.2,27702.36,580.0,1.1,0,0,7732.19,Okay service. Some months are challenging but keeping up with payments.,0
CUST01020,45,Female,North,Phone,41393.33,44827.63,640.0,,0,0,3465.81,The loan approval process didn't adequately assess my repayment capacity.,1
CUST01021,46,Female,West,Branch,153391.54,44824.67,681.0,11.3,0,0,,Process was fine. The loan serves its purpose even if terms aren't ideal.,0
CUST01022,33,Female,North,Branch,72310.55,23473.4,657.0,0.1,1,0,24504.38,Decent experience. Wish the rates were lower but understand my credit situation.,0
CUST01023,39,Male,South,Email,88736.77,17597.89,745.0,25.6,3,0,760.73,Very satisfied with the service. Payment schedule works well for my budget.,0
CUST01024,65,Female,East,Email,53171.94,24772.76,691.0,5.8,0,1,10959.09,The process was okay. Interest rate is a bit high but manageable.,0
CUST01025,60,Male,South,Branch,74025.19,20242.84,850.0,32.6,1,0,4882.7,Efficient process from application to disbursement. Would use again.,0
CUST01026,45,Male,East,Social_Media,44265.22,17199.37,713.0,0.5,0,0,20428.46,Having trouble keeping up with payments. Wish I had better understood the terms.,1
CUST01027,40,Male,Central,Branch,51645.06,24200.79,,7.0,0,0,13136.5,Customer service has been unhelpful with my payment issues. Very stressful experience.,1
CUST01028,41,Other,North,Email,106331.9,61788.94605526219,662.0,3.4,0,3,13393.17,The loan amount was more than I could handle. I'm having financial difficulties now.,1
CUST01029,47,Female,West,Branch,107498.73,31117.8,669.0,14.8,0,1,14285.81,Service is acceptable. Making payments on time but it's tight some months.,0
CUST01030,27,Female,South,Email,90620.2,49119.32,,3.6,1,1,13922.71,Service is acceptable. Making payments on time but it's tight some months.,0
CUST01031,36,Female,North,Social_Media,60496.12,25607.19,685.0,2.4,1,0,3455.67,Customer service has been unhelpful with my payment issues. Very stressful experience.,1
CUST01032,19,Female,North,Online,41126.05,21575.65,628.0,15.6,2,1,8898.15,I'm struggling to make payments. The interest rate is too high for my current situation.,1
CUST01033,44,Female,Central,Social_Media,128053.74,37946.67,706.0,3.8,1,1,6163.27,Having trouble keeping up with payments. Wish I had better understood the terms.,1
CUST01034,47,Female,Central,Email,111246.38,13524.99,527.0,0.1,3,0,7192.83,Struggling financially and the bank has been inflexible with payment arrangements.,1
CUST01035,34,Male,Central,Email,33002.96,8720.27,771.0,4.0,1,0,14076.9,Professional service and clear communication about terms and conditions.,0
CUST01036,58,Male,Central,Online,108371.76,28740.47,553.0,8.5,1,2,24615.5,Struggling financially and the bank has been inflexible with payment arrangements.,1
CUST01037,25,Female,North,Email,62200.74,18066.19,,,0,0,24014.95,Reasonable experience given my credit score. Making it work.,0
CUST01038,22,Female,South,Email,99725.61,44595.519290806595,621.0,4.5,3,0,15952.02,Service is acceptable. Making payments on time but it's tight some months.,0
CUST01039,42,Male,West,Online,,13349.67,704.0,0.5,5,0,9339.15,The loan approval process didn't adequately assess my repayment capacity.,1
CUST01040,52,Male,East,Social_Media,54345.08,42533.65,665.0,7.1,0,0,13380.17,The loan approval process didn't adequately assess my repayment capacity.,1
CUST01041,60,Female,South,Online,76480.54,8885.67,700.0,11.3,3,0,21910.7,Service is adequate. Would prefer lower interest but it's acceptable.,0
CUST01042,34,Male,South,Online,156738.73,30452.38,,4.3,0,0,7155.22,Good experience overall. The interest rate is reasonable for my credit profile.,0
CUST01043,52,Female,East,Branch,76569.77,21751.35,741.0,4.4,2,0,12952.63,Efficient process from application to disbursement. Would use again.,0
CUST01044,39,Other,East,Phone,,50954.13,682.0,,1,1,8426.13,Struggling financially and the bank has been inflexible with payment arrangements.,1
CUST01045,37,Male,North,Phone,81278.3,38046.4,716.0,1.8,0,0,7061.22,Smooth application and approval. Rates are competitive and fair.,0
CUST01046,50,Male,East,Online,,11475.25,836.0,1.3,0,0,12358.86,Professional service and clear communication about terms and conditions.,0
CUST01047,47,Female,East,Social_Media,92883.63,32040.77,744.0,5.3,1,0,9380.02,Helpful staff answered all my questions. Feel confident about this loan.,0
CUST01048,21,Female,East,Online,71447.68,28253.03,,6.0,0,0,16219.43,Process was fine. The loan serves its purpose even if terms aren't ideal.,0
CUST01049,57,Female,North,Online,105132.51,20826.98,782.0,23.8,4,0,9494.08,Great experience! Easy application process and reasonable interest rates.,0
CUST01050,56,Other,West,Online,45543.5,30586.1,711.0,0.6,1,0,11494.02,Efficient process from application to disbursement. Would use again.,0
CUST01051,32,Male,North,Phone,71667.62,14937.41,602.0,7.3,2,1,3451.06,I'm struggling to make payments. The interest rate is too high for my current situation.,1
CUST01052,44,Female,South,Social_Media,465069.3759451049,23033.13,,6.0,1,0,22621.96,Service is adequate. Would prefer lower interest but it's acceptable.,0
CUST01053,45,Female,West,Phone,121100.45,21978.17,,5.8,2,0,22919.85,The application was straightforward. Managing the payments adequately.,0
CUST01054,43,Female,East,Email,84519.0,13732.92,497.0,16.5,0,0,6154.19,Financial burden is overwhelming. The loan has become a significant source of stress.,1
CUST01055,33,Male,South,Online,113219.4,18090.89,604.0,1.8,0,0,,Service is acceptable. Making payments on time but it's tight some months.,0
CUST01056,31,Female,West,Branch,,16380.13,689.0,0.3,3,2,14639.55,Very disappointed with the loan terms. Finding it difficult to manage monthly payments.,1
CUST01057,39,Female,East,Branch,31614.19,27189.29,690.0,8.9,0,2,8685.43,I regret taking this loan. The repayment schedule doesn't work with my income.,1
CUST01058,54,Male,West,Branch,64791.65,44017.48,,3.4,1,0,15839.29,The loan approval process didn't adequately assess my repayment capacity.,1
CUST01059,46,Male,West,Online,54265.6,10206.01,,0.1,0,0,32737.53,I regret taking this loan. The repayment schedule doesn't work with my income.,1
CUST01060,35,Female,West,Phone,39392.04,27674.54,797.0,2.3,1,0,6426.64,Helpful staff answered all my questions. Feel confident about this loan.,0
CUST01061,49,Male,East,Branch,174927.01,16041.99,687.0,3.0,0,1,23862.01,Process was fine. The loan serves its purpose even if terms aren't ideal.,0
CUST01062,18,Male,North,Email,,36648.78,,,1,0,5479.94,Professional service and clear communication about terms and conditions.,0
CUST01063,53,Male,South,Branch,111341.72,27478.24,799.0,,2,0,7163.59,Helpful staff answered all my questions. Feel confident about this loan.,0
CUST01064,19,Female,South,Online,55269.23,9029.13,738.0,,0,0,14729.75,Not satisfied with the support provided when I started having payment difficulties.,1
CUST01065,35,Female,East,Phone,64184.55,24212.63,684.0,5.3,3,0,19738.26,Average experience. No major complaints but nothing exceptional either.,0
CUST01066,26,Female,East,Online,73166.73,20189.46,648.0,4.9,4,0,32070.87,Average experience. No major complaints but nothing exceptional either.,0
CUST01067,24,Male,South,Email,87445.75,10747.71,737.0,29.2,0,0,39626.04,Smooth application and approval. Rates are competitive and fair.,0
CUST01068,53,Female,North,Phone,103307.06,16160.37,667.0,0.4,3,0,10223.61,The process was okay. Interest rate is a bit high but manageable.,0
CUST01069,34,Female,East,Online,33793.92,23587.59,632.0,24.1,1,0,12847.77,Reasonable experience given my credit score. Making it work.,0
CUST01070,44,Female,South,Social_Media,100248.2,16428.73,512.0,7.0,0,2,16453.11,Very disappointed with the loan terms. Finding it difficult to manage monthly payments.,1
CUST01071,39,Female,West,Branch,66058.33,88819.40859765938,673.0,12.7,2,0,12417.89,The process was okay. Interest rate is a bit high but manageable.,0
CUST01072,45,Male,North,Online,144969.25,20084.34,767.0,4.5,0,0,10136.67,The online portal makes managing payments very convenient. No issues so far.,0
CUST01073,40,Female,East,Phone,130873.83,15516.19,780.0,4.8,0,2,8225.12,Professional service and clear communication about terms and conditions.,0
CUST01074,24,Male,Central,Online,83426.96,24358.84,684.0,16.9,2,1,19929.96,I'm struggling to make payments. The interest rate is too high for my current situation.,1
CUST01075,51,Female,North,Email,74391.41,26228.27,608.0,18.1,0,0,32239.18,Okay service. Some months are challenging but keeping up with payments.,0
CUST01076,34,Male,East,Email,63862.69,36847.6,,2.2,2,0,3045.25,Quick approval process and transparent about all fees. Very satisfied.,0
CUST01077,21,Male,North,Social_Media,87677.45,22500.52,678.0,1.8,3,0,10804.86,Decent experience. Wish the rates were lower but understand my credit situation.,0
CUST01078,34,Male,West,Branch,127556.33,25605.36,650.0,5.5,1,0,3120.77,Process was fine. The loan serves its purpose even if terms aren't ideal.,0
CUST01079,58,Female,East,Branch,75156.52,31616.16,563.0,18.4,0,2,19096.96,The application was straightforward. Managing the payments adequately.,0
CUST01080,50,Male,South,Email,57137.4,13713.81,848.0,3.1,1,0,7018.26,Smooth application and approval. Rates are competitive and fair.,0
CUST01081,35,Female,East,Online,74406.43,35512.54,739.0,8.4,2,0,29281.59,Struggling financially and the bank has been inflexible with payment arrangements.,1
CUST01082,35,Male,Central,Branch,84129.53,10907.08,747.0,9.9,1,0,11467.78,Efficient process from application to disbursement. Would use again.,0
CUST01083,36,Male,North,Branch,99060.06891367493,23426.61,610.0,12.1,3,0,19276.57,Service is adequate. Would prefer lower interest but it's acceptable.,0
CUST01084,64,Female,North,Online,40035.65,23670.94,686.0,,2,0,6301.94,Decent experience. Wish the rates were lower but understand my credit situation.,0
CUST01085,44,Male,Central,Branch,57779.99,23332.6,673.0,4.1,6,0,14285.52,The process was okay. Interest rate is a bit high but manageable.,0
CUST01086,45,Male,East,Email,144821.86,10422.93,742.0,27.3,0,0,14166.79,Very satisfied with the service. Payment schedule works well for my budget.,0
CUST01087,52,Female,Central,Email,124125.41,5788.13,788.0,7.6,1,0,17218.52,Very satisfied with the service. Payment schedule works well for my budget.,0
CUST01088,42,Male,East,Online,,18436.54,565.0,10.4,1,0,7761.19,Average experience. No major complaints but nothing exceptional either.,0
CUST01089,36,Male,West,Online,48310.0,26707.7,594.0,3.4,3,0,27568.04,Fair service. The loan helps but the terms could be better.,0
CUST01090,37,Male,East,Online,102483.34,47710.79,731.0,8.9,2,0,16497.36,Very satisfied with the service. Payment schedule works well for my budget.,0
CUST01091,39,Female,West,Email,60925.48,26935.93,,2.4,0,0,31198.83,The loan approval process didn't adequately assess my repayment capacity.,1
CUST01092,39,Female,Central,Online,89842.85,10809.45,,2.2,3,0,3527.99,Quick approval process and transparent about all fees. Very satisfied.,0
CUST01093,48,Female,East,Email,37463.78,19039.41,650.0,10.0,0,0,14376.05,Process was fine. The loan serves its purpose even if terms aren't ideal.,0
CUST01094,40,Female,North,Online,73731.78,19732.58,580.0,5.9,1,1,11132.92,Process was fine. The loan serves its purpose even if terms aren't ideal.,0
CUST01095,48,Male,South,Phone,70357.21,43733.01,539.0,9.2,1,0,40212.72,Very disappointed with the loan terms. Finding it difficult to manage monthly payments.,1
CUST01096,39,Male,North,Branch,111596.72,27369.59,718.0,2.5,5,1,,Professional service and clear communication about terms and conditions.,0
CUST01097,40,Female,South,Email,,11714.93,720.0,7.3,0,0,12570.14,Excellent customer support throughout the loan process. Highly recommend!,0
CUST01098,18,Male,South,Online,78141.02,15669.68,757.0,,0,0,19386.08,Efficient process from application to disbursement. Would use again.,0
CUST01099,50,Male,East,Phone,34490.36,33446.72,706.0,7.3,1,0,,Good experience overall. The interest rate is reasonable for my credit profile.,0
CUST01100,44,Male,East,Online,165931.96,24515.5,379.0,2.7,1,0,17714.85,The loan approval process didn't adequately assess my repayment capacity.,1
CUST01101,51,Male,East,Email,99062.36,21711.95,720.0,10.1,0,2,55434.97,The online portal makes managing payments very convenient. No issues so far.,0
CUST01102,18,Other,West,Email,53312.04,44258.918792592005,563.0,13.1,0,0,8156.59,Customer service has been unhelpful with my payment issues. Very stressful experience.,1
CUST01103,65,Male,North,Online,77250.78,32983.42,530.0,2.4,5,0,14199.22,Not satisfied with the support provided when I started having payment difficulties.,1
CUST01104,38,Female,North,Email,61738.56,17318.28,520.0,2.9,2,0,6789.58,I regret taking this loan. The repayment schedule doesn't work with my income.,1
CUST01105,53,Male,North,Phone,66891.33,15309.44,513.0,,4,1,5818.0,The loan amount was more than I could handle. I'm having financial difficulties now.,1
CUST01106,27,Other,East,Online,123203.81,36396.2,702.0,9.5,1,0,24035.13,Helpful staff answered all my questions. Feel confident about this loan.,0
CUST01107,47,Male,North,Branch,48215.38,5766.02,621.0,9.7,3,0,4645.74,The application was straightforward. Managing the payments adequately.,0
CUST01108,27,Male,South,Online,100986.03,11526.38,558.0,9.2,0,0,17516.8,I regret taking this loan. The repayment schedule doesn't work with my income.,1
CUST01109,32,Female,South,Email,125693.46,13974.14,681.0,4.0,0,0,23021.34,The process was okay. Interest rate is a bit high but manageable.,0
CUST01110,62,Female,West,Email,93741.44,37851.63,591.0,,2,0,9421.29,Decent experience. Wish the rates were lower but understand my credit situation.,0
CUST01111,37,Male,North,Online,68384.3,23758.0,758.0,,2,0,30464.43,Quick approval process and transparent about all fees. Very satisfied.,0
CUST01112,42,Male,West,Branch,51713.8,11106.09,796.0,1.4,0,1,28670.07,The loan amount was more than I could handle. I'm having financial difficulties now.,1
CUST01113,50,Male,West,Email,54750.14,10677.59,662.0,9.4,0,1,,The process was okay. Interest rate is a bit high but manageable.,0
CUST01114,45,Male,West,Social_Media,77971.25,38476.93,790.0,,3,1,3987.03,Helpful staff answered all my questions. Feel confident about this loan.,0
CUST01115,41,Male,Central,Branch,,10696.0,790.0,22.2,2,0,18496.14,Quick approval process and transparent about all fees. Very satisfied.,0
CUST01116,44,Female,North,Social_Media,106878.97,14963.03,686.0,14.0,1,1,12278.02,I regret taking this loan. The repayment schedule doesn't work with my income.,1
CUST01117,68,Male,North,Branch,38440.85,17016.37,818.0,15.6,0,0,14836.87,Efficient process from application to disbursement. Would use again.,0
CUST01118,39,Male,Central,Branch,122467.26,29059.24,630.0,19.0,1,0,18354.8,Average experience. No major complaints but nothing exceptional either.,0
CUST01119,42,Female,East,Email,,16174.75,523.0,4.2,2,2,3315.38,The application was straightforward. Managing the payments adequately.,0
CUST01120,52,Other,East,Branch,71278.39,9841.59,555.0,15.0,2,1,8960.63,Okay service. Some months are challenging but keeping up with payments.,0
CUST01121,53,Female,West,Branch,66465.46,30532.25,626.0,1.4,2,0,37477.58,Decent experience. Wish the rates were lower but understand my credit situation.,0
CUST01122,54,Male,West,Branch,69279.52,30150.83,722.0,0.2,4,1,15173.65,Smooth application and approval. Rates are competitive and fair.,0
CUST01123,47,Male,Central,Email,76756.45,50908.43,587.0,12.3,1,3,19243.53,I'm struggling to make payments. The interest rate is too high for my current situation.,1
CUST01124,26,Female,Central,Email,64186.59,25059.17,,0.6,3,0,14232.73,Okay service. Some months are challenging but keeping up with payments.,0
CUST01125,59,Male,West,Branch,31811.99,10463.73,580.0,35.7,3,0,18842.15,Struggling financially and the bank has been inflexible with payment arrangements.,1
CUST01126,26,Male,South,Branch,68602.42,49481.86,627.0,9.0,1,1,,Service is acceptable. Making payments on time but it's tight some months.,0
CUST01127,43,Female,Central,Branch,78848.55,16981.39,787.0,11.2,1,0,1795.41,Quick approval process and transparent about all fees. Very satisfied.,0
CUST01128,30,Female,North,Phone,128792.1,34691.06,708.0,2.3,1,0,21984.35,The online portal makes managing payments very convenient. No issues so far.,0
CUST01129,39,Female,South,Online,47960.78,48475.0,633.0,9.0,2,1,12411.64,Customer service has been unhelpful with my payment issues. Very stressful experience.,1
CUST01130,43,Male,Central,Email,153528.12,22739.45,777.0,0.4,0,0,24650.89,Very satisfied with the service. Payment schedule works well for my budget.,0
CUST01131,43,Male,South,Branch,62274.32,21175.62,682.0,14.6,0,0,9689.07,Financial burden is overwhelming. The loan has become a significant source of stress.,1
CUST01132,45,Other,South,Branch,50323.14,25109.08,,1.5,1,0,9382.22,Okay service. Some months are challenging but keeping up with payments.,0
CUST01133,59,Male,North,Online,99074.32,27862.58,771.0,9.6,1,0,4475.13,Professional service and clear communication about terms and conditions.,0
CUST01134,45,Female,Central,Online,59199.86,38072.89,652.0,2.0,1,2,12663.02,Reasonable experience given my credit score. Making it work.,0
CUST01135,37,Female,East,Social_Media,71889.71,19465.64,753.0,0.6,1,0,,The loan amount was more than I could handle. I'm having financial difficulties now.,1
CUST01136,51,Female,West,Branch,74090.7,22104.14,747.0,5.3,0,0,11829.86,Good experience overall. The interest rate is reasonable for my credit profile.,0
CUST01137,54,Male,South,Online,96456.66,15880.57,668.0,1.5,1,2,14822.93,I regret taking this loan. The repayment schedule doesn't work with my income.,1
CUST01138,25,Male,West,Branch,,15834.19,568.0,10.5,3,1,7260.66,Service is acceptable. Making payments on time but it's tight some months.,0
CUST01139,47,Female,West,Branch,67530.12,12946.51,681.0,2.2,0,0,2939.97,Reasonable experience given my credit score. Making it work.,0
CUST01140,48,Female,South,Online,61571.77,16496.03,770.0,3.4,1,1,2222.31,Great experience! Easy application process and reasonable interest rates.,0
CUST01141,36,Female,South,Branch,92028.93,12112.64,,6.7,0,0,5576.16,Great experience! Easy application process and reasonable interest rates.,0
CUST01142,56,Male,North,Branch,57880.87,35507.21,816.0,2.7,1,0,2044.99,Quick approval process and transparent about all fees. Very satisfied.,0
CUST01143,38,Male,Central,Phone,130853.37,31149.18,,3.8,2,0,14527.53,Decent experience. Wish the rates were lower but understand my credit situation.,0
CUST01144,41,Female,West,Branch,74460.49,20360.75,742.0,13.5,1,0,56433.28,Not satisfied with the support provided when I started having payment difficulties.,1
CUST01145,37,Female,Central,Branch,35117.64,24726.66,599.0,1.6,2,0,,Financial burden is overwhelming. The loan has become a significant source of stress.,1
CUST01146,40,Female,South,Social_Media,84101.98,12955.02,696.0,0.7,0,0,65375.41,Financial burden is overwhelming. The loan has become a significant source of stress.,1
CUST01147,26,Male,West,Branch,90429.11,50821.18933582104,768.0,3.2,3,0,14121.44,Great experience! Easy application process and reasonable interest rates.,0
CUST01148,22,Female,West,Online,131563.42,41114.68,752.0,4.4,0,0,16362.45,Great experience! Easy application process and reasonable interest rates.,0
CUST01149,59,Female,West,Online,52685.19,40288.64,688.0,6.3,0,0,3136.83,Service is acceptable. Making payments on time but it's tight some months.,0
CUST01150,29,Female,Central,Branch,49518.86,51513.88,,3.7,0,0,,Service is acceptable. Making payments on time but it's tight some months.,0
CUST01151,28,Male,South,Email,,35457.74,600.0,12.5,2,0,8508.97,Average experience. No major complaints but nothing exceptional either.,0
CUST01152,18,Male,North,Online,121284.74,26006.93,661.0,0.3,0,0,35902.38,The loan approval process didn't adequately assess my repayment capacity.,1
CUST01153,32,Female,West,Email,51813.92,62057.20842643765,575.0,4.5,0,0,2225.1,Financial burden is overwhelming. The loan has become a significant source of stress.,1
CUST01154,24,Male,West,Online,82727.79,10885.79,652.0,3.9,1,0,8635.11,Service is acceptable. Making payments on time but it's tight some months.,0
CUST01155,59,Male,East,Branch,71484.67,32869.1,535.0,8.3,1,0,6478.41,I regret taking this loan. The repayment schedule doesn't work with my income.,1
CUST01156,52,Female,North,Email,52575.75,36173.26,574.0,,1,0,16862.15,Average experience. No major complaints but nothing exceptional either.,0
CUST01157,31,Male,East,Branch,69633.88,20917.19,748.0,5.7,0,1,1021.99,Not satisfied with the support provided when I started having payment difficulties.,1
CUST01158,67,Female,South,Phone,117207.67,22281.28,,34.7,0,3,35158.3,The loan approval process didn't adequately assess my repayment capacity.,1
CUST01159,51,Male,East,Online,74602.48,18464.57,656.0,2.9,0,1,16379.14,Not satisfied with the support provided when I started having payment difficulties.,1
CUST01160,36,Female,West,Email,68019.7,20547.98,685.0,0.3,0,0,15558.26,Very disappointed with the loan terms. Finding it difficult to manage monthly payments.,1
CUST01161,18,Other,West,Online,,23875.04,695.0,1.4,1,0,,Fair service. The loan helps but the terms could be better.,0
CUST01162,67,Male,South,Email,122256.27,25331.92,,4.0,3,0,22822.31,Very satisfied with the service. Payment schedule works well for my budget.,0
CUST01163,23,Male,South,Online,47621.53,13068.37,708.0,3.0,2,2,21219.33,The online portal makes managing payments very convenient. No issues so far.,0
CUST01164,20,Male,South,Email,84276.32,14384.61,573.0,,1,0,30033.68,Fair service. The loan helps but the terms could be better.,0
CUST01165,52,Male,North,Branch,62447.83,31165.53,484.0,4.5,1,0,10258.58,Okay service. Some months are challenging but keeping up with payments.,0
CUST01166,69,Female,West,Email,74751.1,26715.89,598.0,3.3,1,0,2910.45,Very disappointed with the loan terms. Finding it difficult to manage monthly payments.,1
CUST01167,56,Female,Central,Branch,99058.17,13667.04,667.0,1.0,0,0,7527.69,Reasonable experience given my credit score. Making it work.,0
CUST01168,46,Male,South,Social_Media,64609.83,20012.83,756.0,2.8,0,0,25289.65,Professional service and clear communication about terms and conditions.,0
CUST01169,47,Male,West,Online,70703.14,55917.57,698.0,17.4,0,0,8691.4,The process was okay. Interest rate is a bit high but manageable.,0
CUST01170,50,Male,Central,Online,112696.96,6710.21,722.0,2.9,0,1,,The loan amount was more than I could handle. I'm having financial difficulties now.,1
CUST01171,49,Female,Central,Branch,89427.67,5777.89,608.0,10.0,1,0,23211.81,Fair service. The loan helps but the terms could be better.,0
CUST01172,43,Male,North,Online,69997.09,6756.72,674.0,7.6,0,0,,Decent experience. Wish the rates were lower but understand my credit situation.,0
CUST01173,41,Female,Central,Online,78025.59,69132.61,685.0,4.5,2,0,9093.98,The application was straightforward. Managing the payments adequately.,0
CUST01174,39,Female,South,Social_Media,75485.34,11559.14,619.0,2.2,0,0,17969.17,The application was straightforward. Managing the payments adequately.,0
CUST01175,30,Female,South,Social_Media,34249.73,17883.92,594.0,3.7,1,0,5619.0,Struggling financially and the bank has been inflexible with payment arrangements.,1
CUST01176,36,Male,North,Branch,78620.86,29665.78,661.0,7.2,1,0,24087.51,Okay service. Some months are challenging but keeping up with payments.,0
CUST01177,19,Female,East,Social_Media,,28525.28,,3.5,3,0,18957.16,Good experience overall. The interest rate is reasonable for my credit profile.,0
CUST01178,38,Male,North,Branch,120632.62,18587.75,607.0,,1,1,22297.05,Struggling financially and the bank has been inflexible with payment arrangements.,1
CUST01179,28,Male,South,Online,41305.66,46510.44,663.0,1.0,3,0,9782.1,Reasonable experience given my credit score. Making it work.,0
CUST01180,26,Female,South,Email,61115.22,33581.41,788.0,16.9,0,0,14566.09,Quick approval process and transparent about all fees. Very satisfied.,0
CUST01181,42,Female,West,Phone,56256.29,14762.34,638.0,4.6,1,0,13994.05,The process was okay. Interest rate is a bit high but manageable.,0
CUST01182,56,Male,Central,Social_Media,141956.43,11861.78,680.0,7.9,1,1,9820.76,Decent experience. Wish the rates were lower but understand my credit situation.,0
CUST01183,51,Male,South,Online,118258.6,23643.07,671.0,5.4,0,0,15228.29,Average experience. No major complaints but nothing exceptional either.,0
CUST01184,21,Male,Central,Phone,28198.82,34534.71,664.0,16.5,4,0,17248.63,Struggling financially and the bank has been inflexible with payment arrangements.,1
CUST01185,28,Male,Central,Online,72940.96,56699.66,813.0,6.3,0,0,19596.04,The online portal makes managing payments very convenient. No issues so far.,0
CUST01186,51,Male,West,Online,44464.75,25963.54,704.0,5.2,3,0,,The online portal makes managing payments very convenient. No issues so far.,0
CUST01187,28,Male,North,Online,78754.08,17429.14,554.0,20.7,1,0,23185.61,Average experience. No major complaints but nothing exceptional either.,0
CUST01188,37,Male,West,Social_Media,98018.46,44077.99,802.0,10.2,0,0,22133.18,The online portal makes managing payments very convenient. No issues so far.,0
CUST01189,46,Female,Central,Email,81745.95,40550.89,701.0,0.9,3,0,19867.71,The loan approval process didn't adequately assess my repayment capacity.,1
CUST01190,28,Female,West,Email,100766.01,33375.04,650.0,1.6,1,1,24459.94,I'm struggling to make payments. The interest rate is too high for my current situation.,1
CUST01191,41,Female,South,Branch,65370.84,10648.62,787.0,12.4,2,0,11528.24,Great experience! Easy application process and reasonable interest rates.,0
CUST01192,23,Male,East,Branch,,17954.68,617.0,14.5,3,1,,The loan approval process didn't adequately assess my repayment capacity.,1
CUST01193,32,Female,West,Online,99115.39,19331.24,817.0,6.3,1,0,22196.45,Helpful staff answered all my questions. Feel confident about this loan.,0
CUST01194,43,Female,East,Online,60117.51,33384.37,687.0,6.5,0,0,8312.73,Reasonable experience given my credit score. Making it work.,0
CUST01195,20,Female,North,Branch,50025.33,7552.77,760.0,8.0,1,0,3075.11,Quick approval process and transparent about all fees. Very satisfied.,0
CUST01196,45,Female,South,Email,54964.26,17156.95,850.0,4.6,1,0,8504.5,Efficient process from application to disbursement. Would use again.,0
CUST01197,39,Female,West,Branch,,21898.46,694.0,9.1,0,1,14978.91,Having trouble keeping up with payments. Wish I had better understood the terms.,1
CUST01198,46,Female,Central,Online,73825.64,18936.47,672.0,0.9,2,0,,Reasonable experience given my credit score. Making it work.,0
CUST01199,42,Male,North,Online,85087.26,53129.22,594.0,26.0,0,0,17358.8,Service is acceptable. Making payments on time but it's tight some months.,0
CUST01200,56,Female,Central,Online,52701.86,38285.57,670.0,11.1,1,0,24359.06,Customer service has been unhelpful with my payment issues. Very stressful experience.,1
CUST01201,41,Female,South,Branch,241160.3461011017,92503.28919225077,597.0,8.0,1,0,21855.09,Service is acceptable. Making payments on time but it's tight some months.,0
CUST01202,34,Female,West,Social_Media,157577.55,16432.02,665.0,3.0,3,0,16755.45,The application was straightforward. Managing the payments adequately.,0
CUST01203,41,Female,West,Phone,56433.17,24012.18,850.0,1.4,3,1,10826.57,Great experience! Easy application process and reasonable interest rates.,0
CUST01204,46,Male,West,Email,,12919.35,689.0,4.2,1,1,5600.88,Okay service. Some months are challenging but keeping up with payments.,0
CUST01205,40,Male,Central,Branch,167891.07,13131.15,635.0,8.7,1,1,49738.68,Okay service. Some months are challenging but keeping up with payments.,0
CUST01206,40,Female,South,Branch,,38495.83,663.0,8.0,1,0,8698.15,Okay service. Some months are challenging but keeping up with payments.,0
CUST01207,31,Female,Central,Online,68670.67,34740.95,647.0,3.9,0,0,10662.13,Customer service has been unhelpful with my payment issues. Very stressful experience.,1
CUST01208,32,Female,North,Email,54634.03,12417.26,,7.6,0,0,12168.7,Helpful staff answered all my questions. Feel confident about this loan.,0
CUST01209,23,Male,West,Email,107272.94,23100.35,672.0,,1,1,8514.32,I regret taking this loan. The repayment schedule doesn't work with my income.,1
CUST01210,60,Male,West,Online,75936.39,8978.4,808.0,0.2,1,0,19182.9,Very satisfied with the service. Payment schedule works well for my budget.,0
CUST01211,25,Female,West,Branch,79535.93,29388.7,654.0,4.8,0,0,8637.02,Average experience. No major complaints but nothing exceptional either.,0
CUST01212,31,Female,South,Branch,50462.81,12254.15,,,1,0,10474.08,Service is adequate. Would prefer lower interest but it's acceptable.,0
CUST01213,31,Female,Central,Phone,108685.16,23139.72,608.0,,3,0,8104.33,Reasonable experience given my credit score. Making it work.,0
CUST01214,50,Male,North,Social_Media,66293.22,55639.89,,8.4,0,0,10296.19,Service is adequate. Would prefer lower interest but it's acceptable.,0
CUST01215,36,Female,North,Phone,45770.64,11432.44,541.0,5.8,1,0,4715.3,I'm struggling to make payments. The interest rate is too high for my current situation.,1
CUST01216,54,Male,West,Branch,71167.6,26560.48,509.0,38.5,1,2,3746.42,Very disappointed with the loan terms. Finding it difficult to manage monthly payments.,1
CUST01217,31,Female,East,Online,51815.82,21198.58,729.0,0.4,2,1,38163.12,Struggling financially and the bank has been inflexible with payment arrangements.,1
CUST01218,43,Male,Central,Online,131654.51,10920.53,540.0,5.4,1,0,24450.72,Process was fine. The loan serves its purpose even if terms aren't ideal.,0
CUST01219,29,Male,South,Online,166816.08,14156.63,712.0,0.8,4,2,34229.86,I regret taking this loan. The repayment schedule doesn't work with my income.,1
CUST01220,65,Female,North,Online,151527.28760821448,27898.21,639.0,1.4,1,0,36306.83,The loan approval process didn't adequately assess my repayment capacity.,1
CUST01221,25,Female,Central,Email,116721.13,19163.53,755.0,3.9,0,1,6255.3,The online portal makes managing payments very convenient. No issues so far.,0
CUST01222,43,Male,East,Email,115370.19,92412.67106366491,542.0,1.4,0,0,33233.86,Process was fine. The loan serves its purpose even if terms aren't ideal.,0
CUST01223,47,Female,North,Online,23336.26,28682.28,727.0,26.5,1,0,27438.26,Great experience! Easy application process and reasonable interest rates.,0
CUST01224,44,Male,West,Email,55000.16,11889.36,706.0,23.5,3,0,10227.95,Good experience overall. The interest rate is reasonable for my credit profile.,0
CUST01225,37,Male,East,Online,,35559.02,709.0,3.3,0,0,17234.86,Good experience overall. The interest rate is reasonable for my credit profile.,0
CUST01226,38,Male,West,Branch,60786.89,38153.48,769.0,8.2,0,0,23875.63,Excellent customer support throughout the loan process. Highly recommend!,0
CUST01227,40,Male,East,Online,53211.67,25484.77,685.0,6.1,3,0,,The process was okay. Interest rate is a bit high but manageable.,0
CUST01228,38,Female,Central,Branch,118986.26,30095.91,484.0,,2,3,12240.4,Process was fine. The loan serves its purpose even if terms aren't ideal.,0
CUST01229,51,Male,Central,Online,59764.93,25280.99,715.0,7.9,1,0,15145.07,Helpful staff answered all my questions. Feel confident about this loan.,0
CUST01230,66,Female,West,Branch,85188.6,43216.29,705.0,0.0,0,0,18711.4,The loan approval process didn't adequately assess my repayment capacity.,1
CUST01231,33,Female,North,Branch,114141.75,40183.89,660.0,11.5,0,1,9981.62,Having trouble keeping up with payments. Wish I had better understood the terms.,1
CUST01232,23,Male,Central,Social_Media,135343.52,8965.75,612.0,11.0,1,0,,The loan approval process didn't adequately assess my repayment capacity.,1
CUST01233,38,Female,West,Online,45861.61,8530.68,651.0,5.7,0,0,7535.18,Service is adequate. Would prefer lower interest but it's acceptable.,0
CUST01234,70,Male,West,Online,47463.68,19365.45,796.0,18.7,1,0,33954.43,Good experience overall. The interest rate is reasonable for my credit profile.,0
CUST01235,30,Female,South,Online,80986.14,34267.4,606.0,,3,0,26574.88,Fair service. The loan helps but the terms could be better.,0
CUST01236,59,Male,Central,Phone,31674.31,42276.45,540.0,,0,1,24216.73,I regret taking this loan. The repayment schedule doesn't work with my income.,1
CUST01237,60,Male,West,Online,48398.97,17593.26,562.0,7.5,1,0,17812.35,The application was straightforward. Managing the payments adequately.,0
CUST01238,33,Male,North,Email,125123.01,19070.71,677.0,40.0,0,0,15952.33,The application was straightforward. Managing the payments adequately.,0
CUST01239,46,Male,South,Branch,96890.38,18190.56,813.0,2.8,0,0,27264.49,Efficient process from application to disbursement. Would use again.,0
CUST01240,59,Male,Central,Branch,69581.9,20668.78,850.0,3.1,3,0,5161.19,Very satisfied with the service. Payment schedule works well for my budget.,0
CUST01241,35,Female,North,Phone,90385.15,23794.78,732.0,1.6,0,1,6789.3,Smooth application and approval. Rates are competitive and fair.,0
CUST01242,37,Female,Central,Online,99941.8,16503.79,601.0,18.1,2,1,20541.29,The loan approval process didn't adequately assess my repayment capacity.,1
CUST01243,33,Female,West,Online,,18157.24,609.0,10.9,1,0,13113.35,Financial burden is overwhelming. The loan has become a significant source of stress.,1
CUST01244,27,Female,West,Branch,59311.54,27124.87,750.0,0.9,0,0,8542.74,The loan approval process didn't adequately assess my repayment capacity.,1
CUST01245,32,Male,South,Phone,133122.16,10281.2,786.0,32.0,1,0,28679.15,The online portal makes managing payments very convenient. No issues so far.,0
CUST01246,25,Male,South,Online,,58899.93,628.0,10.5,0,0,14838.31,Financial burden is overwhelming. The loan has become a significant source of stress.,1
CUST01247,40,Male,Central,Online,83795.31,33719.94,793.0,15.2,2,0,17198.61,Good experience overall. The interest rate is reasonable for my credit profile.,0
CUST01248,30,Male,South,Social_Media,,46129.71,661.0,0.4,2,1,29159.83,Customer service has been unhelpful with my payment issues. Very stressful experience.,1
CUST01249,42,Female,West,Online,34329.38,12689.31,737.0,5.6,2,0,12100.57,Good experience overall. The interest rate is reasonable for my credit profile.,0
CUST01250,21,Female,South,Email,56048.49,15180.46,771.0,9.6,0,0,46443.28,Excellent customer support throughout the loan process. Highly recommend!,0
CUST01251,43,Male,North,Email,,6204.15,561.0,6.3,2,0,5587.38,Not satisfied with the support provided when I started having payment difficulties.,1
CUST01252,50,Male,North,Online,,22296.55,716.0,8.8,2,0,28560.71,Excellent customer support throughout the loan process. Highly recommend!,0
CUST01253,18,Female,East,Online,46517.69,22693.64,794.0,13.6,4,0,,Excellent customer support throughout the loan process. Highly recommend!,0
CUST01254,44,Female,Central,Online,48999.02,25521.27,,3.8,0,0,25544.27,The loan amount was more than I could handle. I'm having financial difficulties now.,1
CUST01255,54,Male,South,Phone,134422.25,8255.17,595.0,15.1,1,0,7642.74,The loan approval process didn't adequately assess my repayment capacity.,1
CUST01256,25,Female,South,Phone,58537.87,21267.93,719.0,1.4,1,0,3705.11,Efficient process from application to disbursement. Would use again.,0
CUST01257,60,Female,South,Email,121842.91,26364.16,690.0,2.5,0,1,25773.2,The loan amount was more than I could handle. I'm having financial difficulties now.,1
CUST01258,45,Male,East,Social_Media,83969.45,28813.01,653.0,0.4,0,0,10274.47,Having trouble keeping up with payments. Wish I had better understood the terms.,1
CUST01259,31,Male,East,Phone,66137.29,15561.75,679.0,,4,1,3852.23,Fair service. The loan helps but the terms could be better.,0
CUST01260,39,Female,Central,Online,52171.0,156590.15740594149,546.0,3.8,0,0,26608.79,Very disappointed with the loan terms. Finding it difficult to manage monthly payments.,1
CUST01261,46,Female,East,Online,98076.69,18964.26,712.0,,1,1,15873.41,The loan amount was more than I could handle. I'm having financial difficulties now.,1
CUST01262,40,Female,East,Email,114925.14,23656.33,807.0,8.5,1,0,10246.6,Professional service and clear communication about terms and conditions.,0
CUST01263,46,Male,North,Online,102388.36,17714.95,622.0,4.6,2,0,17853.18,Service is adequate. Would prefer lower interest but it's acceptable.,0
CUST01264,28,Male,Central,Online,41395.74,15694.38,613.0,8.4,2,1,12031.26,Fair service. The loan helps but the terms could be better.,0
CUST01265,42,Female,South,Email,58468.98,31687.55,693.0,0.4,1,0,10943.16,Average experience. No major complaints but nothing exceptional either.,0
CUST01266,23,Female,North,Branch,61488.04,8420.98,850.0,1.6,2,0,23689.53,I'm struggling to make payments. The interest rate is too high for my current situation.,1
CUST01267,38,Male,West,Social_Media,32122.73,32833.72,767.0,7.9,0,0,16006.37,Customer service has been unhelpful with my payment issues. Very stressful experience.,1
CUST01268,29,Female,East,Phone,89977.96,23329.94,672.0,8.2,0,0,7243.49,Service is adequate. Would prefer lower interest but it's acceptable.,0
CUST01269,31,Female,South,Online,95803.78,19563.54,683.0,11.9,0,0,13401.07,Decent experience. Wish the rates were lower but understand my credit situation.,0
CUST01270,54,Female,East,Social_Media,94299.03,10618.61,775.0,4.1,1,0,23446.72,Very satisfied with the service. Payment schedule works well for my budget.,0
CUST01271,53,Female,West,Online,87380.19,22218.63,607.0,10.3,0,0,5406.76,Financial burden is overwhelming. The loan has become a significant source of stress.,1
CUST01272,47,Female,North,Branch,63759.25,31483.27,,9.2,2,0,30433.53,Struggling financially and the bank has been inflexible with payment arrangements.,1
CUST01273,26,Male,Central,Branch,51331.66,23902.12,590.0,26.5,2,1,15594.71,The loan approval process didn't adequately assess my repayment capacity.,1
CUST01274,36,Female,West,Online,63661.84,41468.059613547186,,1.9,1,0,14720.64,I'm struggling to make payments. The interest rate is too high for my current situation.,1
CUST01275,54,Male,South,Branch,84272.41,18779.32,656.0,6.4,2,0,15273.3,Okay service. Some months are challenging but keeping up with payments.,0
CUST01276,41,Female,East,Online,127157.19,16690.33,696.0,7.4,1,1,39393.43,I'm struggling to make payments. The interest rate is too high for my current situation.,1
CUST01277,67,Male,South,Branch,75921.83,11033.52,651.0,40.0,1,0,,Average experience. No major complaints but nothing exceptional either.,0
CUST01278,44,Female,West,Branch,74785.39,31124.22,735.0,1.8,0,0,10353.49,Great experience! Easy application process and reasonable interest rates.,0
CUST01279,42,Male,East,Email,33038.05,24874.75,666.0,5.9,1,0,12210.54,Decent experience. Wish the rates were lower but understand my credit situation.,0
CUST01280,36,Male,South,Email,86782.96,32299.96,850.0,3.4,1,0,25765.26,Helpful staff answered all my questions. Feel confident about this loan.,0
CUST01281,41,Male,East,Online,131517.32,16521.27,793.0,6.0,0,0,21137.66,Smooth application and approval. Rates are competitive and fair.,0
CUST01282,38,Male,Central,Branch,69825.05,19602.82,575.0,2.1,2,0,13624.26,I'm struggling to make payments. The interest rate is too high for my current situation.,1
CUST01283,48,Female,East,Branch,67544.17,10706.02,695.0,0.4,1,0,52587.16,I'm struggling to make payments. The interest rate is too high for my current situation.,1
CUST01284,51,Female,Central,Online,61985.54,8635.98,738.0,6.8,1,2,19950.24,Not satisfied with the support provided when I started having payment difficulties.,1
CUST01285,30,Female,South,Email,99594.64,22901.35,643.0,3.3,0,0,6465.29,Process was fine. The loan serves its purpose even if terms aren't ideal.,0
CUST01286,24,Male,North,Email,32543.4,14214.202190827655,776.0,1.6,1,0,1878.86,Smooth application and approval. Rates are competitive and fair.,0
CUST01287,18,Male,North,Online,121899.36,26482.03,767.0,3.1,0,0,21333.06,Smooth application and approval. Rates are competitive and fair.,0
CUST01288,46,Male,South,Branch,66259.47,15253.02,673.0,0.4,2,0,10936.03,Service is adequate. Would prefer lower interest but it's acceptable.,0
CUST01289,26,Male,North,Online,87492.98,71110.7,758.0,24.0,1,0,3580.98,Very satisfied with the service. Payment schedule works well for my budget.,0
CUST01290,18,Female,North,Phone,103168.3,21993.0,487.0,7.0,1,0,12542.18,Very disappointed with the loan terms. Finding it difficult to manage monthly payments.,1
CUST01291,44,Male,Central,Online,48756.69,30243.82,788.0,13.5,1,0,22347.33,The online portal makes managing payments very convenient. No issues so far.,0
CUST01292,69,Male,Central,Social_Media,72685.44,14509.13,750.0,4.4,2,0,11853.18,Helpful staff answered all my questions. Feel confident about this loan.,0
CUST01293,39,Male,West,Email,65640.32,41420.51,592.0,,1,0,,Okay service. Some months are challenging but keeping up with payments.,0
CUST01294,50,Male,North,Branch,44205.3,43401.55,700.0,5.3,1,0,1684.83,Okay service. Some months are challenging but keeping up with payments.,0
CUST01295,40,Female,North,Phone,114502.13,37484.59,517.0,6.8,5,1,21363.59,The loan amount was more than I could handle. I'm having financial difficulties now.,1
CUST01296,38,Female,North,Social_Media,63363.76,63107.74,618.0,5.4,1,2,2836.17,Very disappointed with the loan terms. Finding it difficult to manage monthly payments.,1
CUST01297,51,Male,West,Phone,43503.29,11424.12,767.0,10.6,0,0,8474.96,Efficient process from application to disbursement. Would use again.,0
CUST01298,36,Male,Central,Online,74640.92,31598.63,678.0,6.7,2,0,16611.52,Financial burden is overwhelming. The loan has become a significant source of stress.,1
CUST01299,43,Male,East,Branch,39052.84,13701.44,674.0,2.5,0,0,7111.38,Fair service. The loan helps but the terms could be better.,0
CUST01300,43,Male,North,Email,59918.29,11691.78,683.0,1.3,2,0,8370.34,I'm struggling to make payments. The interest rate is too high for my current situation.,1
CUST01301,31,Male,East,Phone,83521.24,21281.13,674.0,7.5,3,0,16064.81,The process was okay. Interest rate is a bit high but manageable.,0
CUST01302,51,Female,South,Phone,37596.05,24983.67,758.0,5.4,1,1,17011.51,Customer service has been unhelpful with my payment issues. Very stressful experience.,1
CUST01303,37,Female,South,Email,96704.9,20399.93,630.0,0.8,1,0,13934.73,I regret taking this loan. The repayment schedule doesn't work with my income.,1
CUST01304,30,Female,West,Email,76366.63,10043.23,713.0,,1,2,1490.43,Professional service and clear communication about terms and conditions.,0
CUST01305,46,Male,West,Social_Media,103439.87,22553.78,588.0,5.8,2,0,2202.62,The process was okay. Interest rate is a bit high but manageable.,0
CUST01306,29,Male,North,Online,102913.88,21467.74,739.0,14.0,3,0,25752.2,Excellent customer support throughout the loan process. Highly recommend!,0
CUST01307,40,Female,North,Branch,59038.0,11941.46,654.0,0.6,1,0,10072.13,The application was straightforward. Managing the payments adequately.,0
CUST01308,39,Female,Central,Email,59729.29,48384.96,676.0,3.4,1,1,58458.24,Struggling financially and the bank has been inflexible with payment arrangements.,1
CUST01309,53,Female,South,Email,,59646.65,651.0,13.8,1,0,16123.56,Okay service. Some months are challenging but keeping up with payments.,0
CUST01310,45,Male,North,Phone,134526.90734151963,23416.4,661.0,8.4,0,1,45870.98,I'm struggling to make payments. The interest rate is too high for my current situation.,1
CUST01311,39,Female,North,Online,,5838.63,599.0,2.7,2,0,11717.1,Process was fine. The loan serves its purpose even if terms aren't ideal.,0
CUST01312,49,Male,North,Email,55619.18,21616.85,706.0,14.9,0,0,9101.72,Smooth application and approval. Rates are competitive and fair.,0
CUST01313,56,Female,South,Email,40310.84,40126.1,724.0,5.4,2,1,21554.03,The loan approval process didn't adequately assess my repayment capacity.,1
CUST01314,46,Female,West,Online,43313.77,21913.61,573.0,5.5,1,0,29338.21,The application was straightforward. Managing the payments adequately.,0
CUST01315,40,Female,South,Branch,43869.14,20295.34,632.0,30.0,0,1,11765.38,I'm struggling to make payments. The interest rate is too high for my current situation.,1
CUST01316,24,Male,East,Online,63463.23,78370.36576264148,682.0,23.5,3,0,21066.67,Service is acceptable. Making payments on time but it's tight some months.,0
CUST01317,27,Female,West,Branch,62216.04,71642.13,632.0,,1,1,2852.78,The loan amount was more than I could handle. I'm having financial difficulties now.,1
CUST01318,36,Male,East,Online,110679.36,26379.04,662.0,1.2,1,0,6457.54,Very disappointed with the loan terms. Finding it difficult to manage monthly payments.,1
CUST01319,32,Male,Central,Branch,63951.97,23560.69,,3.2,1,0,18273.01,Efficient process from application to disbursement. Would use again.,0
CUST01320,37,Male,Central,Branch,70279.71,45455.53,598.0,0.2,0,0,10127.91,Financial burden is overwhelming. The loan has become a significant source of stress.,1
CUST01321,40,Female,North,Phone,152155.47,28338.41,495.0,0.2,2,0,16581.77,The process was okay. Interest rate is a bit high but manageable.,0
CUST01322,46,Male,West,Phone,28473.97,55335.36,632.0,4.0,1,1,18485.83,The loan approval process didn't adequately assess my repayment capacity.,1
CUST01323,39,Male,East,Email,182804.87158246475,11812.76,,22.6,0,0,20833.89,Service is acceptable. Making payments on time but it's tight some months.,0
CUST01324,45,Female,Central,Online,66302.53,11900.42,640.0,16.4,2,0,25374.11,Fair service. The loan helps but the terms could be better.,0
CUST01325,40,Male,East,Online,83578.59,13186.14,701.0,5.7,1,0,25790.79,Helpful staff answered all my questions. Feel confident about this loan.,0
CUST01326,18,Female,Central,Email,57085.68,36007.27,597.0,6.7,2,0,5288.78,Decent experience. Wish the rates were lower but understand my credit situation.,0
CUST01327,28,Male,West,Online,63776.58,26467.11,585.0,0.0,2,0,11948.92,Reasonable experience given my credit score. Making it work.,0
CUST01328,38,Male,South,Social_Media,124376.63,18621.41,626.0,1.9,2,0,11660.95,Financial burden is overwhelming. The loan has become a significant source of stress.,1
CUST01329,25,Female,East,Email,89853.83,26579.06,627.0,0.2,1,0,12919.18,Struggling financially and the bank has been inflexible with payment arrangements.,1
CUST01330,47,Male,Central,Branch,65157.02,39238.78,849.0,11.2,2,1,10895.25,Excellent customer support throughout the loan process. Highly recommend!,0
CUST01331,58,Male,Central,Social_Media,51833.39,18051.75,804.0,1.3,1,0,13561.56,Excellent customer support throughout the loan process. Highly recommend!,0
CUST01332,54,Female,North,Online,,33460.95,546.0,16.3,2,2,8154.25,Average experience. No major complaints but nothing exceptional either.,0
CUST01333,37,Female,West,Branch,58606.49,16800.67,,8.2,0,0,24259.5,Average experience. No major complaints but nothing exceptional either.,0
CUST01334,57,Female,South,Phone,67679.44,8845.4,673.0,2.1,1,0,18506.68,Struggling financially and the bank has been inflexible with payment arrangements.,1
CUST01335,41,Male,North,Branch,151878.88,21926.4,832.0,1.4,0,0,8085.25,Professional service and clear communication about terms and conditions.,0
CUST01336,35,Male,South,Social_Media,77412.55,8343.31,733.0,7.9,5,0,13759.15,Good experience overall. The interest rate is reasonable for my credit profile.,0
CUST01337,32,Female,South,Online,54372.4,17891.0,677.0,18.5,0,0,42925.27,Reasonable experience given my credit score. Making it work.,0
CUST01338,36,Female,West,Branch,28509.18,23700.57,643.0,10.1,0,1,5559.5,Having trouble keeping up with payments. Wish I had better understood the terms.,1
CUST01339,35,Female,South,Phone,51232.19,13246.46,766.0,3.4,0,0,6648.5,Quick approval process and transparent about all fees. Very satisfied.,0
CUST01340,42,Female,Central,Phone,58640.04,30389.34,694.0,7.1,0,1,25020.95,Struggling financially and the bank has been inflexible with payment arrangements.,1
CUST01341,41,Female,North,Online,80746.49,18889.4,818.0,3.0,1,0,37003.06,Helpful staff answered all my questions. Feel confident about this loan.,0
CUST01342,40,Female,South,Branch,59548.62,30948.59,544.0,,0,0,17072.1,Reasonable experience given my credit score. Making it work.,0
CUST01343,45,Male,South,Email,155325.26,21483.13,713.0,11.1,0,0,14411.91,Having trouble keeping up with payments. Wish I had better understood the terms.,1
CUST01344,54,Female,South,Online,65656.21,19256.49,634.0,7.6,1,1,4666.18,Not satisfied with the support provided when I started having payment difficulties.,1
CUST01345,51,Male,North,Email,291853.2823203462,13301.89,713.0,4.4,1,0,9465.34,Very disappointed with the loan terms. Finding it difficult to manage monthly payments.,1
CUST01346,22,Male,North,Phone,36496.77,22119.57,700.0,7.7,5,1,9072.31,Service is adequate. Would prefer lower interest but it's acceptable.,0
CUST01347,18,Female,East,Email,70981.11,23811.64,720.0,3.3,3,0,9540.28,Helpful staff answered all my questions. Feel confident about this loan.,0
CUST01348,51,Female,South,Email,51451.35,26820.93,758.0,,2,0,7336.43,Very disappointed with the loan terms. Finding it difficult to manage monthly payments.,1
CUST01349,23,Male,South,Online,113870.2,25312.11,,4.0,1,0,4393.76,Helpful staff answered all my questions. Feel confident about this loan.,0
CUST01350,37,Male,South,Phone,61214.0,9979.36,836.0,21.3,1,1,21705.32,Very satisfied with the service. Payment schedule works well for my budget.,0
CUST01351,25,Male,Central,Email,126020.01,38234.27,681.0,7.9,0,0,17837.11,Decent experience. Wish the rates were lower but understand my credit situation.,0
CUST01352,18,Female,Central,Branch,96115.03,27390.24,636.0,0.7,0,0,4407.49,Financial burden is overwhelming. The loan has become a significant source of stress.,1
CUST01353,46,Female,East,Social_Media,57854.76,22463.81,581.0,17.3,0,1,13893.7,The loan approval process didn't adequately assess my repayment capacity.,1
CUST01354,49,Male,South,Branch,45349.97,26655.23,714.0,2.5,1,0,10561.46,Excellent customer support throughout the loan process. Highly recommend!,0
CUST01355,33,Male,North,Online,52724.63,29661.65,746.0,2.2,0,1,39955.99,I regret taking this loan. The repayment schedule doesn't work with my income.,1
CUST01356,18,Female,Central,Branch,63809.07,61243.77,,2.8,3,1,31202.18,The loan approval process didn't adequately assess my repayment capacity.,1
CUST01357,33,Male,North,Social_Media,95834.52,15562.73,771.0,6.9,3,0,39795.1,Quick approval process and transparent about all fees. Very satisfied.,0
CUST01358,44,Female,South,Branch,72039.94,15810.59,671.0,6.3,2,1,9352.73,Service is acceptable. Making payments on time but it's tight some months.,0
CUST01359,22,Other,South,Email,,11443.62,579.0,5.4,0,0,,I regret taking this loan. The repayment schedule doesn't work with my income.,1
CUST01360,42,Male,South,Email,130644.24,7368.93,612.0,10.1,1,0,5135.35,Average experience. No major complaints but nothing exceptional either.,0
CUST01361,39,Female,North,Branch,73721.71,27803.83,604.0,3.0,0,0,9493.69,Reasonable experience given my credit score. Making it work.,0
CUST01362,46,Male,West,Online,47285.93,62753.77,605.0,12.2,1,0,11173.08,Very disappointed with the loan terms. Finding it difficult to manage monthly payments.,1
CUST01363,41,Male,North,Email,85304.88,18394.28,725.0,1.5,2,0,40387.72,Great experience! Easy application process and reasonable interest rates.,0
CUST01364,28,Female,West,Branch,163653.5,43197.71,749.0,12.2,0,0,24161.85,Smooth application and approval. Rates are competitive and fair.,0
CUST01365,54,Male,North,Email,106423.61,18567.09,815.0,8.7,0,0,17859.04,Smooth application and approval. Rates are competitive and fair.,0
CUST01366,38,Other,North,Branch,82439.05,41975.79,624.0,9.2,0,0,31514.24,The process was okay. Interest rate is a bit high but manageable.,0
CUST01367,39,Female,Central,Branch,49711.29,26528.12,707.0,5.3,0,0,20088.16,Efficient process from application to disbursement. Would use again.,0
CUST01368,28,Male,North,Email,66657.13,22232.89,628.0,8.8,0,0,23179.73,Okay service. Some months are challenging but keeping up with payments.,0
CUST01369,34,Male,Central,Branch,37303.68,15674.53,681.0,0.7,1,1,10565.73,Very disappointed with the loan terms. Finding it difficult to manage monthly payments.,1
CUST01370,29,Male,East,Branch,44313.1,22889.74,561.0,,3,0,3566.16,The loan approval process didn't adequately assess my repayment capacity.,1
CUST01371,37,Male,North,Branch,86089.18,35575.96,,0.5,0,0,2875.6,Financial burden is overwhelming. The loan has become a significant source of stress.,1
CUST01372,60,Male,Central,Branch,34558.05,14545.74,744.0,1.3,1,0,,Financial burden is overwhelming. The loan has become a significant source of stress.,1
CUST01373,23,Male,South,Branch,62463.39,20866.21,561.0,6.9,0,0,21505.59,The process was okay. Interest rate is a bit high but manageable.,0
CUST01374,20,Male,Central,Email,42495.32,24611.98,729.0,10.8,1,0,6885.95,Good experience overall. The interest rate is reasonable for my credit profile.,0
CUST01375,57,Female,North,Branch,45151.36,34871.67,625.0,0.6,0,0,10626.35,Struggling financially and the bank has been inflexible with payment arrangements.,1
CUST01376,37,Female,Central,Branch,74312.4,23281.66,525.0,20.3,2,0,4033.04,Reasonable experience given my credit score. Making it work.,0
CUST01377,31,Female,North,Phone,52754.18,35039.6992802478,476.0,29.1,1,0,28781.63,Very disappointed with the loan terms. Finding it difficult to manage monthly payments.,1
CUST01378,52,Male,East,Online,,25569.49,797.0,7.5,1,0,,Efficient process from application to disbursement. Would use again.,0
CUST01379,32,Male,West,Online,57005.39,41381.59,527.0,5.3,2,0,16018.26,The loan approval process didn't adequately assess my repayment capacity.,1
CUST01380,61,Female,Central,Social_Media,38953.89,28264.12,674.0,10.8,2,1,17199.41,Service is acceptable. Making payments on time but it's tight some months.,0
CUST01381,48,Female,Central,Email,122364.62,21182.16,708.0,3.2,1,0,18750.38,Very satisfied with the service. Payment schedule works well for my budget.,0
CUST01382,34,Male,West,Phone,98228.33,22642.86,,5.4,2,0,29817.0,Process was fine. The loan serves its purpose even if terms aren't ideal.,0
CUST01383,65,Female,Central,Phone,98029.95,11797.35,635.0,19.8,2,0,22033.27,Decent experience. Wish the rates were lower but understand my credit situation.,0
CUST01384,32,Female,North,Online,50720.19,33171.64,718.0,24.9,0,0,5813.53,The loan amount was more than I could handle. I'm having financial difficulties now.,1
CUST01385,48,Female,South,Phone,87354.25,10121.95,703.0,20.9,0,2,6597.62,Quick approval process and transparent about all fees. Very satisfied.,0
CUST01386,43,Male,South,Branch,79071.59,16973.87,643.0,2.4,3,0,67765.46,Service is adequate. Would prefer lower interest but it's acceptable.,0
CUST01387,55,Female,South,Branch,,19741.44,698.0,2.1,1,0,26261.37,Having trouble keeping up with payments. Wish I had better understood the terms.,1
CUST01388,58,Female,South,Branch,70071.32,16953.06,671.0,2.8,0,0,53425.07,Okay service. Some months are challenging but keeping up with payments.,0
CUST01389,40,Female,East,Online,36689.56,12099.36,602.0,4.7,1,0,11239.44,Having trouble keeping up with payments. Wish I had better understood the terms.,1
CUST01390,30,Female,North,Online,45814.05,14725.43,776.0,3.0,2,0,36909.68,Good experience overall. The interest rate is reasonable for my credit profile.,0
CUST01391,45,Female,West,Social_Media,69233.97,9824.54,696.0,3.7,1,2,19197.05,Service is acceptable. Making payments on time but it's tight some months.,0
CUST01392,31,Female,North,Branch,58374.39,51227.83,532.0,7.8,3,0,16764.44,Not satisfied with the support provided when I started having payment difficulties.,1
CUST01393,64,Male,South,Branch,83952.16,36939.843389672875,721.0,11.5,1,0,13795.12,The online portal makes managing payments very convenient. No issues so far.,0
CUST01394,41,Female,East,Online,52838.17,15049.42,,10.6,0,0,23905.98,Customer service has been unhelpful with my payment issues. Very stressful experience.,1
CUST01395,35,Female,West,Online,61988.12,62569.01,656.0,13.5,2,0,,Having trouble keeping up with payments. Wish I had better understood the terms.,1
CUST01396,42,Female,West,Email,71754.4,8644.49,,0.3,0,0,11748.74,The application was straightforward. Managing the payments adequately.,0
CUST01397,23,Male,West,Branch,51065.26,30150.24,616.0,0.4,1,0,8416.26,Struggling financially and the bank has been inflexible with payment arrangements.,1
CUST01398,28,Male,North,Branch,61539.66,22355.95,824.0,12.5,2,0,12033.38,Excellent customer support throughout the loan process. Highly recommend!,0
CUST01399,54,Female,East,Online,78828.89,12202.37,560.0,6.1,3,0,13503.86,Not satisfied with the support provided when I started having payment difficulties.,1
CUST01400,32,Female,North,Email,138577.35,23318.72,684.0,6.9,1,0,9861.82,Average experience. No major complaints but nothing exceptional either.,0
CUST01401,27,Female,South,Online,51187.95,56224.84,710.0,0.4,0,0,6391.49,Struggling financially and the bank has been inflexible with payment arrangements.,1
CUST01402,46,Female,South,Online,58491.47,30003.46,683.0,2.4,0,0,14209.47,Fair service. The loan helps but the terms could be better.,0
CUST01403,54,Female,North,Branch,105940.34,27736.27,664.0,8.1,2,0,18185.37,Service is acceptable. Making payments on time but it's tight some months.,0
CUST01404,48,Female,South,Online,118014.74,10589.5,649.0,,1,0,16504.5,Service is adequate. Would prefer lower interest but it's acceptable.,0
CUST01405,51,Female,Central,Online,91069.51,13353.79,,19.9,2,0,5057.56,The process was okay. Interest rate is a bit high but manageable.,0
CUST01406,30,Female,Central,Phone,116609.86,8965.48,614.0,5.6,1,1,39657.87,Financial burden is overwhelming. The loan has become a significant source of stress.,1
CUST01407,22,Female,South,Phone,50034.77,22799.28,,6.3,3,1,46193.42,Struggling financially and the bank has been inflexible with payment arrangements.,1
CUST01408,58,Male,North,Email,111481.18,22238.43,644.0,14.3,3,3,21240.58,The loan amount was more than I could handle. I'm having financial difficulties now.,1
CUST01409,36,Male,North,Branch,99802.62,13400.43,850.0,6.2,1,2,24309.86,Excellent customer support throughout the loan process. Highly recommend!,0
CUST01410,36,Female,South,Online,44917.35,35676.02,733.0,5.8,0,1,16096.62,The loan amount was more than I could handle. I'm having financial difficulties now.,1
CUST01411,55,Male,Central,Online,62372.99,10215.73,466.0,18.8,1,2,17482.53,Struggling financially and the bank has been inflexible with payment arrangements.,1
CUST01412,46,Male,North,Social_Media,30287.72,14006.53,750.0,12.5,1,1,2704.26,Excellent customer support throughout the loan process. Highly recommend!,0
CUST01413,45,Male,West,Phone,76306.57,23243.23,675.0,19.2,3,0,12584.25,Service is acceptable. Making payments on time but it's tight some months.,0
CUST01414,65,Male,North,Email,110547.7,10908.61,568.0,2.0,1,0,12727.11,The application was straightforward. Managing the payments adequately.,0
CUST01415,32,Male,Central,Online,57245.51,18146.22,784.0,5.9,1,0,45240.48,Struggling financially and the bank has been inflexible with payment arrangements.,1
CUST01416,51,Male,South,Branch,46943.91,14589.68,645.0,14.8,0,1,10762.04,The loan amount was more than I could handle. I'm having financial difficulties now.,1
CUST01417,40,Female,West,Online,45683.61,25279.08,638.0,0.9,1,0,,I'm struggling to make payments. The interest rate is too high for my current situation.,1
CUST01418,43,Female,South,Phone,71289.7,9760.23,710.0,12.7,4,1,13774.46,Efficient process from application to disbursement. Would use again.,0
CUST01419,58,Male,West,Social_Media,90706.15,6878.55,771.0,1.6,1,0,9579.67,Good experience overall. The interest rate is reasonable for my credit profile.,0
CUST01420,46,Male,North,Social_Media,139969.29,10674.06,689.0,13.2,1,0,2885.53,The application was straightforward. Managing the payments adequately.,0
CUST01421,46,Female,North,Branch,29569.94,36006.56,683.0,7.6,1,0,17280.09,Having trouble keeping up with payments. Wish I had better understood the terms.,1
CUST01422,52,Male,Central,Branch,131877.92,34461.95,624.0,1.7,0,1,7191.42,Struggling financially and the bank has been inflexible with payment arrangements.,1
CUST01423,35,Female,Central,Social_Media,78108.3,12536.17,770.0,,0,0,3293.75,Good experience overall. The interest rate is reasonable for my credit profile.,0
CUST01424,29,Female,Central,Phone,108146.54,20839.04,,9.2,0,1,21141.06,Service is acceptable. Making payments on time but it's tight some months.,0
CUST01425,27,Female,West,Online,97164.33,21903.78,661.0,8.0,0,1,17778.76,Struggling financially and the bank has been inflexible with payment arrangements.,1
CUST01426,18,Male,West,Branch,73200.43,9502.86,652.0,4.5,1,0,18908.37,Reasonable experience given my credit score. Making it work.,0
CUST01427,64,Female,North,Online,154953.6436907683,14799.78,762.0,18.4,1,0,13683.39,Excellent customer support throughout the loan process. Highly recommend!,0
CUST01428,26,Male,South,Branch,85014.52,19213.01,659.0,5.9,0,0,7789.37,Decent experience. Wish the rates were lower but understand my credit situation.,0
CUST01429,37,Female,South,Branch,64412.12,6438.59,762.0,5.6,2,0,5652.62,Excellent customer support throughout the loan process. Highly recommend!,0
CUST01430,36,Female,West,Phone,,23180.74,642.0,0.5,1,0,35986.44,I'm struggling to make payments. The interest rate is too high for my current situation.,1
CUST01431,43,Male,South,Branch,92694.95,28644.37,737.0,20.4,0,0,22384.26,Efficient process from application to disbursement. Would use again.,0
CUST01432,49,Male,North,Online,51113.67,24643.76,696.0,1.6,2,0,26513.99,Financial burden is overwhelming. The loan has become a significant source of stress.,1
CUST01433,50,Male,East,Branch,112846.25,32600.15,,6.0,0,1,12138.68,Service is adequate. Would prefer lower interest but it's acceptable.,0
CUST01434,33,Female,West,Email,108561.88,27803.44,673.0,13.0,1,0,6990.75,Okay service. Some months are challenging but keeping up with payments.,0
CUST01435,37,Male,South,Phone,58616.73,35524.33,504.0,1.9,0,0,6357.48,Service is acceptable. Making payments on time but it's tight some months.,0
CUST01436,43,Female,North,Branch,93107.22,7112.55,620.0,6.0,2,0,14428.01,Having trouble keeping up with payments. Wish I had better understood the terms.,1
CUST01437,37,Male,North,Social_Media,,17151.54,553.0,2.2,2,1,7247.46,Fair service. The loan helps but the terms could be better.,0
CUST01438,59,Female,South,Social_Media,56115.1,11826.27,839.0,11.4,2,1,2406.99,Quick approval process and transparent about all fees. Very satisfied.,0
CUST01439,45,Female,South,Online,96185.29,7190.43,554.0,6.6,0,0,20391.65,Financial burden is overwhelming. The loan has become a significant source of stress.,1
CUST01440,48,Female,West,Online,136397.17,19894.81,850.0,15.5,2,1,26507.75,Customer service has been unhelpful with my payment issues. Very stressful experience.,1
CUST01441,47,Female,West,Email,114620.46,36663.3,721.0,18.0,4,1,8771.31,Excellent customer support throughout the loan process. Highly recommend!,0
CUST01442,54,Male,West,Email,39283.27,15155.78,638.0,8.4,0,0,3161.31,Financial burden is overwhelming. The loan has become a significant source of stress.,1
CUST01443,42,Male,South,Social_Media,89223.07,26241.91,744.0,10.3,1,0,15403.49,Good experience overall. The interest rate is reasonable for my credit profile.,0
CUST01444,24,Female,Central,Email,106221.82,43402.18,,,1,0,12024.46,Fair service. The loan helps but the terms could be better.,0
CUST01445,44,Male,North,Phone,54623.96,18567.54,567.0,3.9,0,0,10093.37,Having trouble keeping up with payments. Wish I had better understood the terms.,1
CUST01446,32,Male,East,Branch,112856.02,39331.37,686.0,8.4,2,0,18637.22,Okay service. Some months are challenging but keeping up with payments.,0
CUST01447,33,Male,West,Online,52122.36,37066.29,736.0,19.1,1,0,14820.79,Struggling financially and the bank has been inflexible with payment arrangements.,1
CUST01448,47,Male,North,Online,64131.88,25774.23,782.0,4.3,2,0,18129.07,Excellent customer support throughout the loan process. Highly recommend!,0
CUST01449,54,Male,North,Branch,52944.19,10438.0,719.0,3.0,2,1,14321.04,Professional service and clear communication about terms and conditions.,0
CUST01450,40,Female,Central,Phone,49498.6,7060.98,637.0,3.9,1,0,7232.43,The process was okay. Interest rate is a bit high but manageable.,0
CUST01451,43,Male,South,Phone,84954.62,14110.45,790.0,4.6,1,2,6788.53,The online portal makes managing payments very convenient. No issues so far.,0
CUST01452,60,Female,West,Email,40566.69,16554.67,773.0,0.6,0,0,,Professional service and clear communication about terms and conditions.,0
CUST01453,42,Male,North,Online,65656.34,18559.72,701.0,5.5,1,0,25213.6,Quick approval process and transparent about all fees. Very satisfied.,0
CUST01454,71,Female,West,Phone,84973.67,30458.13,776.0,5.5,3,0,14589.84,Good experience overall. The interest rate is reasonable for my credit profile.,0
CUST01455,46,Male,South,Online,,13768.13,850.0,7.1,2,0,7983.51,Smooth application and approval. Rates are competitive and fair.,0
CUST01456,18,Female,North,Branch,121820.46,30935.83,636.0,3.6,2,3,15353.81,The loan approval process didn't adequately assess my repayment capacity.,1
CUST01457,49,Female,West,Email,67909.5,110282.213564447,608.0,7.6,1,1,15813.06,Having trouble keeping up with payments. Wish I had better understood the terms.,1
CUST01458,44,Male,South,Phone,146664.84,19480.25,634.0,,1,0,7294.84,Average experience. No major complaints but nothing exceptional either.,0
CUST01459,55,Female,South,Social_Media,38913.77,24291.13,572.0,24.9,1,2,45756.34,Very disappointed with the loan terms. Finding it difficult to manage monthly payments.,1
CUST01460,48,Other,North,Online,86453.22,51202.67,727.0,7.0,3,0,24336.46,I'm struggling to make payments. The interest rate is too high for my current situation.,1
CUST01461,38,Female,North,Branch,78957.87,33317.25,551.0,0.3,3,0,12182.32,Process was fine. The loan serves its purpose even if terms aren't ideal.,0
CUST01462,25,Female,South,Branch,61192.62,14022.64,781.0,27.9,2,0,43511.44,Having trouble keeping up with payments. Wish I had better understood the terms.,1
CUST01463,37,Male,North,Branch,,55705.97,626.0,9.8,1,0,17341.05,Okay service. Some months are challenging but keeping up with payments.,0
CUST01464,29,Female,Central,Email,92177.76,23966.91,788.0,3.3,1,0,16321.39,The online portal makes managing payments very convenient. No issues so far.,0
CUST01465,33,Male,North,Phone,100019.64,14939.45,475.0,1.3,4,1,33622.59,Service is adequate. Would prefer lower interest but it's acceptable.,0
CUST01466,47,Male,East,Email,68873.32,8344.8,649.0,1.2,1,0,24458.07,Financial burden is overwhelming. The loan has become a significant source of stress.,1
CUST01467,60,Other,North,Online,86948.45,13862.37,576.0,1.5,0,0,19149.27,Reasonable experience given my credit score. Making it work.,0
CUST01468,44,Male,South,Email,51014.28,23361.17,,0.4,1,0,9859.14,I regret taking this loan. The repayment schedule doesn't work with my income.,1
CUST01469,25,Female,Central,Online,100896.37,11841.89,814.0,18.6,0,2,13548.19,I'm struggling to make payments. The interest rate is too high for my current situation.,1
CUST01470,45,Female,North,Email,132932.85,12848.33,,6.2,1,1,12018.87,I'm struggling to make payments. The interest rate is too high for my current situation.,1
CUST01471,54,Female,Central,Branch,104404.1,44703.74,749.0,,0,0,8109.93,Good experience overall. The interest rate is reasonable for my credit profile.,0
CUST01472,32,Other,North,Branch,52989.53,24196.9,765.0,14.1,0,0,55599.92,Professional service and clear communication about terms and conditions.,0
CUST01473,38,Male,West,Branch,47805.84,8982.64,706.0,12.5,0,0,,Very satisfied with the service. Payment schedule works well for my budget.,0
CUST01474,40,Male,East,Social_Media,190483.64,31752.29,727.0,17.1,0,1,,Excellent customer support throughout the loan process. Highly recommend!,0
CUST01475,30,Male,Central,Online,128800.06,7077.21,721.0,27.4,1,0,17804.07,Great experience! Easy application process and reasonable interest rates.,0
CUST01476,47,Male,East,Branch,100184.77,23360.15,749.0,,1,1,12121.13,Having trouble keeping up with payments. Wish I had better understood the terms.,1
CUST01477,38,Male,East,Email,137071.62,21686.61,592.0,24.0,2,2,7074.02,The application was straightforward. Managing the payments adequately.,0
CUST01478,45,Male,North,Branch,72351.04,71824.6,776.0,10.3,2,0,2366.02,Excellent customer support throughout the loan process. Highly recommend!,0
CUST01479,29,Female,North,Online,99354.29,38302.38,696.0,0.6,2,0,18902.87,Decent experience. Wish the rates were lower but understand my credit situation.,0
CUST01480,34,Female,Central,Branch,121223.97,20994.0,691.0,9.2,0,0,13881.59,Okay service. Some months are challenging but keeping up with payments.,0
CUST01481,48,Male,South,Branch,64398.82,34813.81,725.0,9.3,0,0,29321.27,I'm struggling to make payments. The interest rate is too high for my current situation.,1
CUST01482,35,Female,South,Social_Media,89193.9,7313.81,578.0,18.9,1,0,8842.76,I regret taking this loan. The repayment schedule doesn't work with my income.,1
CUST01483,60,Male,West,Email,,21541.37,555.0,3.7,0,0,29353.25,Decent experience. Wish the rates were lower but understand my credit situation.,0
CUST01484,35,Male,South,Branch,46498.04,14580.6,670.0,7.0,1,0,31628.8,I regret taking this loan. The repayment schedule doesn't work with my income.,1
CUST01485,42,Female,Central,Social_Media,61690.72,23035.36,,0.1,0,0,26659.63,Smooth application and approval. Rates are competitive and fair.,0
CUST01486,51,Female,West,Branch,113836.1,6977.37,585.0,3.2,0,1,23705.32,Having trouble keeping up with payments. Wish I had better understood the terms.,1
CUST01487,22,Female,East,Online,79902.61,31228.58,694.0,0.5,4,0,12881.42,Reasonable experience given my credit score. Making it work.,0
CUST01488,18,Male,Central,Online,211069.39488994086,27895.92,622.0,5.9,0,0,29003.19,Very disappointed with the loan terms. Finding it difficult to manage monthly payments.,1
CUST01489,21,Female,North,Branch,,39058.34,611.0,13.6,2,1,25888.05,Service is adequate. Would prefer lower interest but it's acceptable.,0
CUST01490,55,Female,South,Online,119296.78,16516.54,720.0,1.8,2,0,14982.87,Helpful staff answered all my questions. Feel confident about this loan.,0
CUST01491,33,Female,East,Social_Media,48466.3,31941.48,740.0,6.0,0,0,3321.88,Very satisfied with the service. Payment schedule works well for my budget.,0
CUST01492,70,Female,South,Email,59939.62,58586.67,616.0,1.8,0,1,11233.24,Customer service has been unhelpful with my payment issues. Very stressful experience.,1
CUST01493,33,Female,West,Online,40439.93,17992.34,790.0,1.0,1,0,,Good experience overall. The interest rate is reasonable for my credit profile.,0
CUST01494,42,Female,Central,Phone,63554.94,9625.25,713.0,5.7,1,0,17132.49,Customer service has been unhelpful with my payment issues. Very stressful experience.,1
CUST01495,58,Female,East,Email,78186.68,30780.68,660.0,0.7,1,0,9588.47,Financial burden is overwhelming. The loan has become a significant source of stress.,1
CUST01496,64,Other,South,Social_Media,33064.41,17078.76,707.0,7.1,4,0,14258.95,Professional service and clear communication about terms and conditions.,0
CUST01497,64,Female,Central,Email,51332.09,11527.29,842.0,0.3,0,0,14950.93,Very satisfied with the service. Payment schedule works well for my budget.,0
CUST01498,54,Male,East,Branch,79849.1,12782.45,740.0,,0,2,6863.39,Not satisfied with the support provided when I started having payment difficulties.,1
CUST01499,52,Female,East,Email,88567.1,8959.45,624.0,6.4,0,0,9342.86,Service is adequate. Would prefer lower interest but it's acceptable.,0
CUST01500,47,Male,South,Phone,,11552.68,678.0,7.2,1,0,52904.2,Service is adequate. Would prefer lower interest but it's acceptable.,0
